#2026 07 08 19:17:44.304#Z#INFO#b2605f0d-7b01-11f1-81cb-eeee0a93546a.OPERATION#http-nio-0.0.0.0-8080-exec-6#
[XS2StartProcessListener] Operation ID: b2605f0d-7b01-11f1-81cb-eeee0a93546a#
#2026 07 08 19:17:44.324#Z#DEBUG#b2605f0d-7b01-11f1-81cb-eeee0a93546a.OPERATION#http-nio-0.0.0.0-8080-exec-6#
[XS2StartProcessListener] Process environment: {
  "SKIP_SSL_VALIDATION" : "false",
  "FLOWABLE_JOB_EXECUTOR_MAX_THREADS" : "32",
  "VERSION" : "2.49.1",
  "BASIC_AUTH_ENABLED" : "true",
  "FLOWABLE_JOB_EXECUTOR_QUEUE_CAPACITY" : "16",
  "FLOWABLE_JOB_EXECUTOR_CORE_THREADS" : "8"
}#
#2026 07 08 19:17:44.324#Z#DEBUG#b2605f0d-7b01-11f1-81cb-eeee0a93546a.OPERATION#http-nio-0.0.0.0-8080-exec-6#
[XS2StartProcessListener] Current user: manne.sumanth@amista.com#
#2026 07 08 19:17:44.324#Z#DEBUG#b2605f0d-7b01-11f1-81cb-eeee0a93546a.OPERATION#http-nio-0.0.0.0-8080-exec-6#
[XS2StartProcessListener] Client space: dev#
#2026 07 08 19:17:44.324#Z#DEBUG#b2605f0d-7b01-11f1-81cb-eeee0a93546a.OPERATION#http-nio-0.0.0.0-8080-exec-6#
[XS2StartProcessListener] Client organization: 9b59819ctrial#
#2026 07 08 19:17:44.324#Z#INFO#b2605f0d-7b01-11f1-81cb-eeee0a93546a.OPERATION#http-nio-0.0.0.0-8080-exec-6#
[XS2StartProcessListener] Process variables: {
  "keepFiles" : false,
  "skipAppDigestCalculation" : false,
  "abortOnError" : false,
  "mtaId" : "worksync",
  "noFailOnMissingPermissions" : false,
  "isSecurityEnabled" : false,
  "apiRequestPath" : "https://deploy-service.cf.us10-001.hana.ondemand.com/api/v1/spaces/9d9ae667-474a-401a-a823-a8535a92fd3f/operations",
  "deleteServiceBrokers" : false,
  "appArchiveId" : "341b76fe-3ae3-4098-b138-cd96250fd4f9,96992f04-67a2-432b-9fa1-acc7731211ed",
  "isDisposableUserProvidedServiceEnabled" : false,
  "deleteServiceKeys" : false,
  "noRestartSubscribedApps" : false,
  "noStart" : false,
  "deleteServices" : false
}#
#2026 07 08 19:17:44.373#Z#DEBUG#b2605f0d-7b01-11f1-81cb-eeee0a93546a.OPERATION#flowable-async-job-executor-thread-5510#
[ValidateDeployParametersStep] Executing task "validateParametersTask" of process "b2605f33-7b01-11f1-81cb-eeee0a93546a"...#
#2026 07 08 19:17:44.373#Z#DEBUG#b2605f0d-7b01-11f1-81cb-eeee0a93546a.OPERATION#flowable-async-job-executor-thread-5510#
[ValidateDeployParametersStep] Validating parameters...#
#2026 07 08 19:17:44.377#Z#INFO#b2605f0d-7b01-11f1-81cb-eeee0a93546a.OPERATION#flowable-async-job-executor-thread-5510#
[ValidateDeployParametersStep] Size of mtars is 49,191,184 and size of extension descriptors is 0#
#2026 07 08 19:17:44.377#Z#INFO#b2605f0d-7b01-11f1-81cb-eeee0a93546a.OPERATION#flowable-async-job-executor-thread-5510#
[ValidateDeployParametersStep] Archive was split to: 2 parts. Total size in bytes: 49,191,184. Uploading started...#
#2026 07 08 19:17:44.416#Z#DEBUG#b2605f0d-7b01-11f1-81cb-eeee0a93546a.OPERATION#pool-10-thread-2#
[ValidateDeployParametersStep] Opening a new input stream for file with ID: 96992f04-67a2-432b-9fa1-acc7731211ed and name: worksync_1.0.2.mtar.part.0#
#2026 07 08 19:17:45.506#Z#DEBUG#b2605f0d-7b01-11f1-81cb-eeee0a93546a.OPERATION#pool-10-thread-2#
[ValidateDeployParametersStep] Opening a new input stream for file with ID: 341b76fe-3ae3-4098-b138-cd96250fd4f9 and name: worksync_1.0.2.mtar.part.1#
#2026 07 08 19:17:45.780#Z#INFO#b2605f0d-7b01-11f1-81cb-eeee0a93546a.OPERATION#flowable-async-job-executor-thread-5510#
[ValidateDeployParametersStep] Archive with ID: b502e0f3-8e35-4947-97f9-a2df7f176956 and name: worksync_1.0.2.mtar was stored#
#2026 07 08 19:17:45.780#Z#INFO#b2605f0d-7b01-11f1-81cb-eeee0a93546a.OPERATION#flowable-async-job-executor-thread-5510#
[ValidateDeployParametersStep] Deploying in org "9b59819ctrial" and space "dev"#
#2026 07 08 19:17:45.787#Z#DEBUG#b2605f0d-7b01-11f1-81cb-eeee0a93546a.OPERATION#flowable-async-job-executor-thread-5510#
[ValidateDeployParametersStep] Parameters validated#
#2026 07 08 19:17:45.787#Z#DEBUG#b2605f0d-7b01-11f1-81cb-eeee0a93546a.OPERATION#flowable-async-job-executor-thread-5510#
Step "Validate Parameters" finished#
#2026 07 08 19:17:45.820#Z#DEBUG#b2605f0d-7b01-11f1-81cb-eeee0a93546a.OPERATION#flowable-async-job-executor-thread-5511#
[DeleteRemainingFileParts] Executing task "deleteRemainingFileParts" of process "b2605f33-7b01-11f1-81cb-eeee0a93546a"...#
#2026 07 08 19:17:45.884#Z#DEBUG#b2605f0d-7b01-11f1-81cb-eeee0a93546a.OPERATION#flowable-async-job-executor-thread-5511#
Step "Delete Remaining File Parts" finished#
#2026 07 08 19:17:45.912#Z#DEBUG#b2605f0d-7b01-11f1-81cb-eeee0a93546a.OPERATION#flowable-async-job-executor-thread-5512#
[XS2ProcessMtaArchiveStep] Executing task "processArchiveTask" of process "b2605f33-7b01-11f1-81cb-eeee0a93546a"...#
#2026 07 08 19:17:45.913#Z#DEBUG#b2605f0d-7b01-11f1-81cb-eeee0a93546a.OPERATION#flowable-async-job-executor-thread-5512#
[XS2ProcessMtaArchiveStep] Processing MTA archive...#
#2026 07 08 19:17:45.913#Z#DEBUG#b2605f0d-7b01-11f1-81cb-eeee0a93546a.OPERATION#flowable-async-job-executor-thread-5512#
[XS2ProcessMtaArchiveStep] MTA Archive ID: b502e0f3-8e35-4947-97f9-a2df7f176956#
#2026 07 08 19:17:46.526#Z#DEBUG#b2605f0d-7b01-11f1-81cb-eeee0a93546a.OPERATION#flowable-async-job-executor-thread-5512#
[XS2ProcessMtaArchiveStep] MTA Descriptor length: 3,550#
#2026 07 08 19:17:46.526#Z#DEBUG#b2605f0d-7b01-11f1-81cb-eeee0a93546a.OPERATION#flowable-async-job-executor-thread-5512#
[XS2ProcessMtaArchiveStep] MTA Archive Modules: [worksync-srv, worksync-db-deployer, worksync-app-content]#
#2026 07 08 19:17:46.526#Z#DEBUG#b2605f0d-7b01-11f1-81cb-eeee0a93546a.OPERATION#flowable-async-job-executor-thread-5512#
[XS2ProcessMtaArchiveStep] MTA Archive Requires: []#
#2026 07 08 19:17:46.526#Z#DEBUG#b2605f0d-7b01-11f1-81cb-eeee0a93546a.OPERATION#flowable-async-job-executor-thread-5512#
[XS2ProcessMtaArchiveStep] MTA Archive Resources: [uaa_worksync]#
#2026 07 08 19:17:46.535#Z#DEBUG#b2605f0d-7b01-11f1-81cb-eeee0a93546a.OPERATION#flowable-async-job-executor-thread-5512#
[XS2ProcessMtaArchiveStep] MTA archive processed#
#2026 07 08 19:17:46.535#Z#DEBUG#b2605f0d-7b01-11f1-81cb-eeee0a93546a.OPERATION#flowable-async-job-executor-thread-5512#
Step "Process Archive" finished#
#2026 07 08 19:17:46.576#Z#DEBUG#b2605f0d-7b01-11f1-81cb-eeee0a93546a.OPERATION#flowable-async-job-executor-thread-5513#
[ProcessMtaExtensionDescriptorsStep] Executing task "processExtensionDescriptorsTask" of process "b2605f33-7b01-11f1-81cb-eeee0a93546a"...#
#2026 07 08 19:17:46.577#Z#DEBUG#b2605f0d-7b01-11f1-81cb-eeee0a93546a.OPERATION#flowable-async-job-executor-thread-5513#
[ProcessMtaExtensionDescriptorsStep] Processing MTA extension descriptors...#
#2026 07 08 19:17:46.578#Z#DEBUG#b2605f0d-7b01-11f1-81cb-eeee0a93546a.OPERATION#flowable-async-job-executor-thread-5513#
[ProcessMtaExtensionDescriptorsStep] Provided extension descriptors: [ ]#
#2026 07 08 19:17:46.578#Z#DEBUG#b2605f0d-7b01-11f1-81cb-eeee0a93546a.OPERATION#flowable-async-job-executor-thread-5513#
[ProcessMtaExtensionDescriptorsStep] No extension descriptors in use#
#2026 07 08 19:17:46.578#Z#DEBUG#b2605f0d-7b01-11f1-81cb-eeee0a93546a.OPERATION#flowable-async-job-executor-thread-5513#
[ProcessMtaExtensionDescriptorsStep] MTA extension descriptors processed#
#2026 07 08 19:17:46.578#Z#DEBUG#b2605f0d-7b01-11f1-81cb-eeee0a93546a.OPERATION#flowable-async-job-executor-thread-5513#
Step "Process Extension Descriptors" finished#
#2026 07 08 19:17:46.614#Z#DEBUG#b2605f0d-7b01-11f1-81cb-eeee0a93546a.OPERATION#flowable-async-job-executor-thread-5514#
[XS2DetectMtaSchemaVersionStep] Executing task "detectSchemaVersionTask" of process "b2605f33-7b01-11f1-81cb-eeee0a93546a"...#
#2026 07 08 19:17:46.615#Z#DEBUG#b2605f0d-7b01-11f1-81cb-eeee0a93546a.OPERATION#flowable-async-job-executor-thread-5514#
[XS2DetectMtaSchemaVersionStep] Detecting MTA major schema version...#
#2026 07 08 19:17:46.617#Z#INFO#b2605f0d-7b01-11f1-81cb-eeee0a93546a.OPERATION#flowable-async-job-executor-thread-5514#
[XS2DetectMtaSchemaVersionStep] Detected MTA schema version: "3"#
#2026 07 08 19:17:46.621#Z#DEBUG#b2605f0d-7b01-11f1-81cb-eeee0a93546a.OPERATION#flowable-async-job-executor-thread-5514#
Step "Detect Schema Version" finished#
#2026 07 08 19:17:46.651#Z#DEBUG#b2605f0d-7b01-11f1-81cb-eeee0a93546a.OPERATION#flowable-async-job-executor-thread-5515#
[MergeDescriptorsStep] Executing task "mergeDescriptorsTask" of process "b2605f33-7b01-11f1-81cb-eeee0a93546a"...#
#2026 07 08 19:17:46.651#Z#DEBUG#b2605f0d-7b01-11f1-81cb-eeee0a93546a.OPERATION#flowable-async-job-executor-thread-5515#
[MergeDescriptorsStep] Validating and merging descriptors...#
#2026 07 08 19:17:46.655#Z#DEBUG#b2605f0d-7b01-11f1-81cb-eeee0a93546a.OPERATION#flowable-async-job-executor-thread-5515#
[MergeDescriptorsStep] Merged deployment descriptor: {
  "majorSchemaVersion" : 3,
  "schemaVersion" : "3.3.0",
  "id" : "worksync",
  "version" : "1.0.2",
  "modules" : [ {
    "majorSchemaVersion" : 3,
    "name" : "worksync-srv",
    "type" : "javascript.nodejs",
    "path" : "worksync-srv",
    "properties" : { },
    "parameters" : {
      "buildpack" : "nodejs_buildpack",
      "instances" : 1
    },
    "requiredDependencies" : [ {
      "majorSchemaVersion" : 3,
      "name" : "uaa_worksync",
      "properties" : { },
      "parameters" : { },
      "propertiesMetadata" : {
        "metadata" : { }
      },
      "parametersMetadata" : {
        "metadata" : { }
      }
    }, {
      "majorSchemaVersion" : 3,
      "name" : "WorkSync-db",
      "properties" : { },
      "parameters" : { },
      "propertiesMetadata" : {
        "metadata" : { }
      },
      "parametersMetadata" : {
        "metadata" : { }
      }
    }, {
      "majorSchemaVersion" : 3,
      "name" : "worksync-destination-service",
      "properties" : { },
      "parameters" : { },
      "propertiesMetadata" : {
        "metadata" : { }
      },
      "parametersMetadata" : {
        "metadata" : { }
      }
    } ],
    "providedDependencies" : [ {
      "majorSchemaVersion" : 3,
      "name" : "srv-api",
      "isPublic" : false,
      "properties" : {
        "srv-url" : "${default-url}"
      },
      "parameters" : { },
      "propertiesMetadata" : {
        "metadata" : { }
      },
      "parametersMetadata" : {
        "metadata" : { }
      }
    }, {
      "majorSchemaVersion" : 3,
      "name" : "worksync-srv",
      "isPublic" : false,
      "properties" : { },
      "parameters" : { },
      "propertiesMetadata" : {
        "metadata" : { }
      },
      "parametersMetadata" : {
        "metadata" : { }
      }
    } ],
    "propertiesMetadata" : {
      "metadata" : { }
    },
    "parametersMetadata" : {
      "metadata" : { }
    },
    "hooks" : [ ]
  }, {
    "majorSchemaVersion" : 3,
    "name" : "worksync-destination-content",
    "type" : "com.sap.application.content",
    "properties" : { },
    "parameters" : {
      "content" : {
        "instance" : {
          "destinations" : [ {
            "Name" : "worksync_approuter_worksync_html_repo_host",
            "ServiceInstanceName" : "worksync-html5-app-host-service",
            "ServiceKeyName" : "********",
            "sap.cloud.service" : "worksync-approuter"
          }, {
            "Authentication" : "********",
            "Name" : "worksync_approuter_uaa_worksync",
            "ServiceInstanceName" : "worksync-xsuaa-service",
            "ServiceKeyName" : "********",
            "sap.cloud.service" : "worksync-approuter"
          } ],
          "existing_destinations_policy" : "ignore"
        }
      }
    },
    "requiredDependencies" : [ {
      "majorSchemaVersion" : 3,
      "name" : "worksync-destination-service",
      "properties" : { },
      "parameters" : {
        "content-target" : true
      },
      "propertiesMetadata" : {
        "metadata" : { }
      },
      "parametersMetadata" : {
        "metadata" : { }
      }
    }, {
      "majorSchemaVersion" : 3,
      "name" : "worksync_html_repo_host",
      "properties" : { },
      "parameters" : {
        "service-key" : "********"
      },
      "propertiesMetadata" : {
        "metadata" : { }
      },
      "parametersMetadata" : {
        "metadata" : { }
      }
    }, {
      "majorSchemaVersion" : 3,
      "name" : "uaa_worksync",
      "properties" : { },
      "parameters" : {
        "service-key" : "********"
      },
      "propertiesMetadata" : {
        "metadata" : { }
      },
      "parametersMetadata" : {
        "metadata" : { }
      }
    } ],
    "providedDependencies" : [ {
      "majorSchemaVersion" : 3,
      "name" : "worksync-destination-content",
      "isPublic" : false,
      "properties" : { },
      "parameters" : { },
      "propertiesMetadata" : {
        "metadata" : { }
      },
      "parametersMetadata" : {
        "metadata" : { }
      }
    } ],
    "propertiesMetadata" : {
      "metadata" : { }
    },
    "parametersMetadata" : {
      "metadata" : { }
    },
    "hooks" : [ ]
  }, {
    "majorSchemaVersion" : 3,
    "name" : "worksync-db-deployer",
    "type" : "com.sap.xs.hdi",
    "path" : "worksync-db-deployer",
    "properties" : {
      "EXIT" : 1
    },
    "parameters" : {
      "memory" : "256M",
      "buildpack" : "nodejs_buildpack",
      "no-route" : true,
      "dependency-type" : "hard",
      "tasks" : [ {
        "name" : "deploy",
        "memory" : "256M",
        "command" : "npm start"
      } ],
      "no-start" : true
    },
    "requiredDependencies" : [ {
      "majorSchemaVersion" : 3,
      "name" : "WorkSync-db",
      "properties" : { },
      "parameters" : { },
      "propertiesMetadata" : {
        "metadata" : { }
      },
      "parametersMetadata" : {
        "metadata" : { }
      }
    } ],
    "providedDependencies" : [ {
      "majorSchemaVersion" : 3,
      "name" : "worksync-db-deployer",
      "isPublic" : false,
      "properties" : { },
      "parameters" : { },
      "propertiesMetadata" : {
        "metadata" : { }
      },
      "parametersMetadata" : {
        "metadata" : { }
      }
    } ],
    "propertiesMetadata" : {
      "metadata" : { }
    },
    "parametersMetadata" : {
      "metadata" : { }
    },
    "hooks" : [ ]
  }, {
    "majorSchemaVersion" : 3,
    "name" : "worksync-app-content",
    "type" : "com.sap.application.content",
    "path" : "worksync-app-content",
    "properties" : { },
    "parameters" : { },
    "requiredDependencies" : [ {
      "majorSchemaVersion" : 3,
      "name" : "worksync_html_repo_host",
      "properties" : { },
      "parameters" : {
        "content-target" : true
      },
      "propertiesMetadata" : {
        "metadata" : { }
      },
      "parametersMetadata" : {
        "metadata" : { }
      }
    }, {
      "majorSchemaVersion" : 3,
      "name" : "uaa_worksync",
      "properties" : { },
      "parameters" : { },
      "propertiesMetadata" : {
        "metadata" : { }
      },
      "parametersMetadata" : {
        "metadata" : { }
      }
    } ],
    "providedDependencies" : [ {
      "majorSchemaVersion" : 3,
      "name" : "worksync-app-content",
      "isPublic" : false,
      "properties" : { },
      "parameters" : { },
      "propertiesMetadata" : {
        "metadata" : { }
      },
      "parametersMetadata" : {
        "metadata" : { }
      }
    } ],
    "propertiesMetadata" : {
      "metadata" : { }
    },
    "parametersMetadata" : {
      "metadata" : { }
    },
    "hooks" : [ ]
  } ],
  "resources" : [ {
    "majorSchemaVersion" : 3,
    "name" : "worksync-destination-service",
    "type" : "org.cloudfoundry.managed-service",
    "properties" : { },
    "parameters" : {
      "service-name" : "worksync-destination-service",
      "service-plan" : "lite",
      "type" : "managed-service",
      "config" : {
        "HTML5Runtime_enabled" : true,
        "init_data" : {
          "instance" : {
            "destinations" : [ {
              "Authentication" : "********",
              "Name" : "ui5",
              "ProxyType" : "Internet",
              "Type" : "HTTP",
              "URL" : "https://ui5.sap.com"
            }, {
              "Authentication" : "********",
              "Name" : "ui5-lib",
              "ProxyType" : "Internet",
              "Type" : "HTTP",
              "URL" : "https://ui5.sap.com"
            }, {
              "Authentication" : "********",
              "HTML5.DynamicDestination" : true,
              "HTML5.ForwardAuthToken" : "********",
              "Name" : "srv-api",
              "ProxyType" : "Internet",
              "Type" : "HTTP",
              "URL" : "~{srv-api/srv-url}"
            } ],
            "existing_destinations_policy" : "update"
          }
        },
        "version" : "1.0.2"
      },
      "service" : "destination"
    },
    "isActive" : true,
    "isOptional" : false,
    "propertiesMetadata" : {
      "metadata" : { }
    },
    "parametersMetadata" : {
      "metadata" : { }
    },
    "requiredDependencies" : [ {
      "majorSchemaVersion" : 3,
      "name" : "srv-api",
      "properties" : { },
      "parameters" : { },
      "propertiesMetadata" : {
        "metadata" : { }
      },
      "parametersMetadata" : {
        "metadata" : { }
      }
    } ],
    "processedAfter" : [ ]
  }, {
    "majorSchemaVersion" : 3,
    "name" : "worksync_html_repo_host",
    "type" : "org.cloudfoundry.managed-service",
    "properties" : { },
    "parameters" : {
      "service-name" : "worksync-html5-app-host-service",
      "service-plan" : "app-host",
      "type" : "managed-service",
      "service" : "html5-apps-repo"
    },
    "isActive" : true,
    "isOptional" : false,
    "propertiesMetadata" : {
      "metadata" : { }
    },
    "parametersMetadata" : {
      "metadata" : { }
    },
    "requiredDependencies" : [ ],
    "processedAfter" : [ ]
  }, {
    "majorSchemaVersion" : 3,
    "name" : "uaa_worksync",
    "type" : "org.cloudfoundry.managed-service",
    "properties" : { },
    "parameters" : {
      "path" : "./xs-security.json",
      "service-name" : "worksync-xsuaa-service",
      "service-plan" : "application",
      "type" : "managed-service",
      "config" : {
        "oauth2-configuration" : "********",
        "tenant-mode" : "dedicated",
        "xsappname" : "worksync-${org}-${space}"
      },
      "service" : "xsuaa"
    },
    "isActive" : true,
    "isOptional" : false,
    "propertiesMetadata" : {
      "metadata" : { }
    },
    "parametersMetadata" : {
      "metadata" : { }
    },
    "requiredDependencies" : [ ],
    "processedAfter" : [ ]
  }, {
    "majorSchemaVersion" : 3,
    "name" : "WorkSync-db",
    "type" : "com.sap.xs.hdi-container",
    "properties" : {
      "hdi-container-name" : "${service-name}"
    },
    "parameters" : {
      "type" : "managed-service",
      "service" : "hana",
      "service-plan" : "hdi-shared"
    },
    "isActive" : true,
    "isOptional" : false,
    "propertiesMetadata" : {
      "metadata" : { }
    },
    "parametersMetadata" : {
      "metadata" : { }
    },
    "requiredDependencies" : [ ],
    "processedAfter" : [ ]
  } ],
  "parameters" : {
    "enable-parallel-deployments" : true,
    "deploy_mode" : "html5-repo"
  },
  "parametersMetadata" : {
    "metadata" : { }
  }
}#
#2026 07 08 19:17:46.657#Z#DEBUG#b2605f0d-7b01-11f1-81cb-eeee0a93546a.OPERATION#flowable-async-job-executor-thread-5515#
[MergeDescriptorsStep] Descriptors validated and merged#
#2026 07 08 19:17:46.657#Z#DEBUG#b2605f0d-7b01-11f1-81cb-eeee0a93546a.OPERATION#flowable-async-job-executor-thread-5515#
Step "Merge Descriptors" finished#
#2026 07 08 19:17:46.689#Z#DEBUG#b2605f0d-7b01-11f1-81cb-eeee0a93546a.OPERATION#flowable-async-job-executor-thread-5516#
[DetectDeployedMtaStep] Executing task "detectDeployedMtaTask" of process "b2605f33-7b01-11f1-81cb-eeee0a93546a"...#
#2026 07 08 19:17:46.689#Z#DEBUG#b2605f0d-7b01-11f1-81cb-eeee0a93546a.OPERATION#flowable-async-job-executor-thread-5516#
[DetectDeployedMtaStep] Detecting deployed MTA...#
#2026 07 08 19:17:46.753#Z#DEBUG#b2605f0d-7b01-11f1-81cb-eeee0a93546a.OPERATION#flowable-async-job-executor-thread-5516#
[DetectDeployedMtaStep] Detecting MTA by id worksync and namespace null#
#2026 07 08 19:17:46.753#Z#DEBUG#b2605f0d-7b01-11f1-81cb-eeee0a93546a.OPERATION#flowable-async-job-executor-thread-5516#
[DetectDeployedMtaStep] Getting applications by metadata label selector "mta_id=ffd8daaaf7a161720d9a3a88d060f172,!mta_namespace"...#
#2026 07 08 19:17:46.801#Z#DEBUG#b2605f0d-7b01-11f1-81cb-eeee0a93546a.OPERATION#flowable-async-job-executor-thread-5516#
[DetectDeployedMtaStep] Getting service instances by metadata label selector "mta_id=ffd8daaaf7a161720d9a3a88d060f172,!mta_namespace"...#
#2026 07 08 19:17:46.947#Z#DEBUG#b2605f0d-7b01-11f1-81cb-eeee0a93546a.OPERATION#flowable-async-job-executor-thread-5516#
[DetectDeployedMtaStep] Deployed MTA: {
  "metadata" : {
    "id" : "worksync",
    "version" : "1.0.2"
  },
  "applications" : [ {
    "name" : "worksync-srv",
    "metadata" : {
      "guid" : "62645462-e3c5-4e94-9a37-279b7c283ccd",
      "createdAt" : [ 2026, 7, 6, 4, 13, 26 ],
      "updatedAt" : [ 2026, 7, 8, 7, 59, 52 ]
    },
    "v3Metadata" : {
      "annotations" : {
        "mta_id" : "worksync",
        "mta_version" : "1.0.2",
        "mta_module" : "{\"name\":\"worksync-srv\"}",
        "mta_module_provided_dependencies" : "[]",
        "mta_bound_services" : "[\"worksync-xsuaa-service\",\"WorkSync-db\",\"worksync-destination-service\"]"
      },
      "labels" : {
        "mta_id" : "ffd8daaaf7a161720d9a3a88d060f172"
      }
    },
    "state" : "STARTED",
    "lifecycle" : {
      "type" : "BUILDPACK",
      "data" : {
        "stack" : "cflinuxfs4",
        "buildpacks" : [ "nodejs_buildpack" ]
      }
    },
    "space" : {
      "name" : "dev",
      "metadata" : {
        "guid" : "9d9ae667-474a-401a-a823-a8535a92fd3f",
        "createdAt" : [ 2026, 4, 17, 9, 36, 39 ],
        "updatedAt" : [ 2026, 4, 17, 9, 36, 39 ]
      },
      "organization" : {
        "name" : "9b59819ctrial",
        "metadata" : {
          "guid" : "e8b53b4b-34f6-4399-9bc8-055746a912f4",
          "createdAt" : [ 2026, 4, 17, 9, 36, 38 ],
          "updatedAt" : [ 2026, 4, 17, 9, 36, 39 ]
        }
      }
    },
    "moduleName" : "worksync-srv",
    "boundMtaServices" : [ "worksync-xsuaa-service", "WorkSync-db", "worksync-destination-service" ],
    "providedDependencyNames" : [ ],
    "productizationState" : "LIVE"
  }, {
    "name" : "worksync-db-deployer",
    "metadata" : {
      "guid" : "af0ca01f-d4e0-461c-9763-2fd4c1f8f74f",
      "createdAt" : [ 2026, 7, 6, 4, 13, 29 ],
      "updatedAt" : [ 2026, 7, 8, 7, 59, 31 ]
    },
    "v3Metadata" : {
      "annotations" : {
        "mta_id" : "worksync",
        "mta_version" : "1.0.2",
        "mta_module" : "{\"name\":\"worksync-db-deployer\"}",
        "mta_module_provided_dependencies" : "[]",
        "mta_bound_services" : "[\"WorkSync-db\"]"
      },
      "labels" : {
        "mta_id" : "ffd8daaaf7a161720d9a3a88d060f172"
      }
    },
    "state" : "STOPPED",
    "lifecycle" : {
      "type" : "BUILDPACK",
      "data" : {
        "stack" : "cflinuxfs4",
        "buildpacks" : [ "nodejs_buildpack" ]
      }
    },
    "space" : {
      "name" : "dev",
      "metadata" : {
        "guid" : "9d9ae667-474a-401a-a823-a8535a92fd3f",
        "createdAt" : [ 2026, 4, 17, 9, 36, 39 ],
        "updatedAt" : [ 2026, 4, 17, 9, 36, 39 ]
      },
      "organization" : {
        "name" : "9b59819ctrial",
        "metadata" : {
          "guid" : "e8b53b4b-34f6-4399-9bc8-055746a912f4",
          "createdAt" : [ 2026, 4, 17, 9, 36, 38 ],
          "updatedAt" : [ 2026, 4, 17, 9, 36, 39 ]
        }
      }
    },
    "moduleName" : "worksync-db-deployer",
    "boundMtaServices" : [ "WorkSync-db" ],
    "providedDependencyNames" : [ ],
    "productizationState" : "LIVE"
  } ],
  "services" : [ {
    "name" : "WorkSync-db",
    "metadata" : {
      "guid" : "278a30d4-fa6c-4ebb-ba1a-d560282378f7",
      "createdAt" : [ 2026, 7, 6, 5, 9, 35 ],
      "updatedAt" : [ 2026, 7, 6, 5, 9, 36 ]
    },
    "v3Metadata" : {
      "annotations" : {
        "mta_id" : "worksync",
        "mta_version" : "1.0.2",
        "mta_resource" : "{\"name\":\"WorkSync-db\"}"
      },
      "labels" : {
        "mta_id" : "ffd8daaaf7a161720d9a3a88d060f172"
      }
    },
    "label" : "hana",
    "plan" : "hdi-shared",
    "credentials" : "********",
    "tags" : [ ],
    "type" : "managed",
    "lastOperation" : {
      "type" : "CREATE",
      "state" : "SUCCEEDED"
    },
    "resourceName" : "WorkSync-db"
  }, {
    "name" : "worksync-xsuaa-service",
    "metadata" : {
      "guid" : "4654b212-5f65-4c4f-98d3-e6c9ea744b33",
      "createdAt" : [ 2026, 7, 6, 5, 22, 18 ],
      "updatedAt" : [ 2026, 7, 6, 5, 22, 18 ]
    },
    "v3Metadata" : {
      "annotations" : {
        "mta_id" : "worksync",
        "mta_version" : "1.0.2",
        "mta_resource" : "{\"name\":\"uaa_worksync\"}"
      },
      "labels" : {
        "mta_id" : "ffd8daaaf7a161720d9a3a88d060f172"
      }
    },
    "label" : "xsuaa",
    "plan" : "application",
    "credentials" : "********",
    "tags" : [ ],
    "type" : "managed",
    "lastOperation" : {
      "type" : "UPDATE",
      "description" : "",
      "state" : "SUCCEEDED"
    },
    "resourceName" : "uaa_worksync"
  }, {
    "name" : "worksync-destination-service",
    "metadata" : {
      "guid" : "fde0a620-439b-4dd0-add4-9f7e96e7ca02",
      "createdAt" : [ 2026, 7, 6, 4, 13, 12 ],
      "updatedAt" : [ 2026, 7, 6, 4, 13, 15 ]
    },
    "v3Metadata" : {
      "annotations" : {
        "mta_id" : "worksync",
        "mta_version" : "1.0.2",
        "mta_resource" : "{\"name\":\"worksync-destination-service\"}"
      },
      "labels" : {
        "mta_id" : "ffd8daaaf7a161720d9a3a88d060f172"
      }
    },
    "label" : "destination",
    "plan" : "lite",
    "credentials" : "********",
    "tags" : [ ],
    "type" : "managed",
    "lastOperation" : {
      "type" : "UPDATE",
      "description" : "",
      "state" : "SUCCEEDED"
    },
    "resourceName" : "worksync-destination-service"
  }, {
    "name" : "worksync-html5-app-host-service",
    "metadata" : {
      "guid" : "bcc90efe-483b-4ca4-ac2d-3c1a3af5ef87",
      "createdAt" : [ 2026, 7, 6, 4, 13, 11 ],
      "updatedAt" : [ 2026, 7, 6, 4, 13, 12 ]
    },
    "v3Metadata" : {
      "annotations" : {
        "mta_id" : "worksync",
        "mta_version" : "1.0.2",
        "mta_resource" : "{\"name\":\"worksync_html_repo_host\"}"
      },
      "labels" : {
        "mta_id" : "ffd8daaaf7a161720d9a3a88d060f172"
      }
    },
    "label" : "html5-apps-repo",
    "plan" : "app-host",
    "credentials" : "********",
    "tags" : [ ],
    "type" : "managed",
    "lastOperation" : {
      "type" : "CREATE",
      "description" : "",
      "state" : "SUCCEEDED"
    },
    "resourceName" : "worksync_html_repo_host"
  } ]
}#
#2026 07 08 19:17:46.947#Z#INFO#b2605f0d-7b01-11f1-81cb-eeee0a93546a.OPERATION#flowable-async-job-executor-thread-5516#
[DetectDeployedMtaStep] Detected deployed MTA with ID "worksync" and version "1.0.2"#
#2026 07 08 19:17:46.953#Z#DEBUG#b2605f0d-7b01-11f1-81cb-eeee0a93546a.OPERATION#flowable-async-job-executor-thread-5516#
[DetectDeployedMtaStep] Detecting backup mta by id "worksync" and namespace "null"#
#2026 07 08 19:17:46.953#Z#DEBUG#b2605f0d-7b01-11f1-81cb-eeee0a93546a.OPERATION#flowable-async-job-executor-thread-5516#
[DetectDeployedMtaStep] Getting applications by metadata label selector "mta_id=ffd8daaaf7a161720d9a3a88d060f172,mta_namespace=b698114a0995e936895b9598a6c19a2c"...#
#2026 07 08 19:17:46.982#Z#DEBUG#b2605f0d-7b01-11f1-81cb-eeee0a93546a.OPERATION#flowable-async-job-executor-thread-5516#
[DetectDeployedMtaStep] Getting service instances by metadata label selector "mta_id=ffd8daaaf7a161720d9a3a88d060f172,mta_namespace=b698114a0995e936895b9598a6c19a2c"...#
#2026 07 08 19:17:47.070#Z#DEBUG#b2605f0d-7b01-11f1-81cb-eeee0a93546a.OPERATION#flowable-async-job-executor-thread-5516#
[DetectDeployedMtaStep] Deployed MTA service keys: [ {
  "name" : "********",
  "metadata" : {
    "guid" : "8dd980c7-72af-4cbe-9e85-f3beb73e3110",
    "createdAt" : [ 2026, 7, 6, 4, 13, 28 ],
    "updatedAt" : [ 2026, 7, 6, 4, 13, 28 ]
  },
  "v3Metadata" : {
    "annotations" : {
      "mta_id" : "worksync",
      "mta_version" : "1.0.2"
    },
    "labels" : {
      "mta_id" : "ffd8daaaf7a161720d9a3a88d060f172",
      "space_guid" : "9d9ae667-474a-401a-a823-a8535a92fd3f"
    }
  },
  "serviceInstance" : {
    "name" : "worksync-html5-app-host-service",
    "metadata" : {
      "guid" : "bcc90efe-483b-4ca4-ac2d-3c1a3af5ef87",
      "createdAt" : [ 2026, 7, 6, 4, 13, 11 ],
      "updatedAt" : [ 2026, 7, 6, 4, 13, 12 ]
    },
    "v3Metadata" : {
      "annotations" : {
        "mta_id" : "worksync",
        "mta_version" : "1.0.2",
        "mta_resource" : "{\"name\":\"worksync_html_repo_host\"}"
      },
      "labels" : {
        "mta_id" : "ffd8daaaf7a161720d9a3a88d060f172"
      }
    },
    "credentials" : "********",
    "tags" : [ ],
    "type" : "managed"
  }
}, {
  "name" : "********",
  "metadata" : {
    "guid" : "f5478bfb-4cef-480a-b852-993edc491115",
    "createdAt" : [ 2026, 7, 6, 4, 13, 28 ],
    "updatedAt" : [ 2026, 7, 6, 4, 13, 29 ]
  },
  "v3Metadata" : {
    "annotations" : {
      "mta_id" : "worksync",
      "mta_version" : "1.0.2"
    },
    "labels" : {
      "mta_id" : "ffd8daaaf7a161720d9a3a88d060f172",
      "space_guid" : "9d9ae667-474a-401a-a823-a8535a92fd3f"
    }
  },
  "serviceInstance" : {
    "name" : "worksync-destination-service",
    "metadata" : {
      "guid" : "fde0a620-439b-4dd0-add4-9f7e96e7ca02",
      "createdAt" : [ 2026, 7, 6, 4, 13, 12 ],
      "updatedAt" : [ 2026, 7, 6, 4, 13, 15 ]
    },
    "v3Metadata" : {
      "annotations" : {
        "mta_id" : "worksync",
        "mta_version" : "1.0.2",
        "mta_resource" : "{\"name\":\"worksync-destination-service\"}"
      },
      "labels" : {
        "mta_id" : "ffd8daaaf7a161720d9a3a88d060f172"
      }
    },
    "credentials" : "********",
    "tags" : [ ],
    "type" : "managed"
  }
}, {
  "name" : "********",
  "metadata" : {
    "guid" : "872f0505-ed9b-4f99-a764-c57b82b840e8",
    "createdAt" : [ 2026, 7, 6, 4, 13, 28 ],
    "updatedAt" : [ 2026, 7, 6, 4, 13, 28 ]
  },
  "v3Metadata" : {
    "annotations" : {
      "mta_id" : "worksync",
      "mta_version" : "1.0.2"
    },
    "labels" : {
      "mta_id" : "ffd8daaaf7a161720d9a3a88d060f172",
      "space_guid" : "9d9ae667-474a-401a-a823-a8535a92fd3f"
    }
  },
  "serviceInstance" : {
    "name" : "worksync-html5-app-host-service",
    "metadata" : {
      "guid" : "bcc90efe-483b-4ca4-ac2d-3c1a3af5ef87",
      "createdAt" : [ 2026, 7, 6, 4, 13, 11 ],
      "updatedAt" : [ 2026, 7, 6, 4, 13, 12 ]
    },
    "v3Metadata" : {
      "annotations" : {
        "mta_id" : "worksync",
        "mta_version" : "1.0.2",
        "mta_resource" : "{\"name\":\"worksync_html_repo_host\"}"
      },
      "labels" : {
        "mta_id" : "ffd8daaaf7a161720d9a3a88d060f172"
      }
    },
    "credentials" : "********",
    "tags" : [ ],
    "type" : "managed"
  }
}, {
  "name" : "********",
  "metadata" : {
    "guid" : "e0faa5ed-522b-4643-88da-a82b3bc531a5",
    "createdAt" : [ 2026, 7, 6, 5, 22, 39 ],
    "updatedAt" : [ 2026, 7, 6, 5, 22, 39 ]
  },
  "v3Metadata" : {
    "annotations" : {
      "mta_id" : "worksync",
      "mta_version" : "1.0.2"
    },
    "labels" : {
      "mta_id" : "ffd8daaaf7a161720d9a3a88d060f172",
      "space_guid" : "9d9ae667-474a-401a-a823-a8535a92fd3f"
    }
  },
  "serviceInstance" : {
    "name" : "worksync-xsuaa-service",
    "metadata" : {
      "guid" : "4654b212-5f65-4c4f-98d3-e6c9ea744b33",
      "createdAt" : [ 2026, 7, 6, 5, 22, 18 ],
      "updatedAt" : [ 2026, 7, 6, 5, 22, 18 ]
    },
    "v3Metadata" : {
      "annotations" : {
        "mta_id" : "worksync",
        "mta_version" : "1.0.2",
        "mta_resource" : "{\"name\":\"uaa_worksync\"}"
      },
      "labels" : {
        "mta_id" : "ffd8daaaf7a161720d9a3a88d060f172"
      }
    },
    "credentials" : "********",
    "tags" : [ ],
    "type" : "managed"
  }
}, {
  "name" : "********",
  "metadata" : {
    "guid" : "6af9a8a4-adb1-4bf2-a4b8-995fc921126b",
    "createdAt" : [ 2026, 7, 6, 5, 22, 42 ],
    "updatedAt" : [ 2026, 7, 6, 5, 22, 42 ]
  },
  "v3Metadata" : {
    "annotations" : {
      "mta_id" : "worksync",
      "mta_version" : "1.0.2"
    },
    "labels" : {
      "mta_id" : "ffd8daaaf7a161720d9a3a88d060f172",
      "space_guid" : "9d9ae667-474a-401a-a823-a8535a92fd3f"
    }
  },
  "serviceInstance" : {
    "name" : "worksync-xsuaa-service",
    "metadata" : {
      "guid" : "4654b212-5f65-4c4f-98d3-e6c9ea744b33",
      "createdAt" : [ 2026, 7, 6, 5, 22, 18 ],
      "updatedAt" : [ 2026, 7, 6, 5, 22, 18 ]
    },
    "v3Metadata" : {
      "annotations" : {
        "mta_id" : "worksync",
        "mta_version" : "1.0.2",
        "mta_resource" : "{\"name\":\"uaa_worksync\"}"
      },
      "labels" : {
        "mta_id" : "ffd8daaaf7a161720d9a3a88d060f172"
      }
    },
    "credentials" : "********",
    "tags" : [ ],
    "type" : "managed"
  }
} ]#
#2026 07 08 19:17:47.070#Z#DEBUG#b2605f0d-7b01-11f1-81cb-eeee0a93546a.OPERATION#flowable-async-job-executor-thread-5516#
Step "Detect Deployed MTA" finished#
#2026 07 08 19:17:47.103#Z#DEBUG#b2605f0d-7b01-11f1-81cb-eeee0a93546a.OPERATION#flowable-async-job-executor-thread-5517#
[XS2CollectSystemParametersStep] Executing task "collectSystemParametersTask" of process "b2605f33-7b01-11f1-81cb-eeee0a93546a"...#
#2026 07 08 19:17:47.105#Z#DEBUG#b2605f0d-7b01-11f1-81cb-eeee0a93546a.OPERATION#flowable-async-job-executor-thread-5517#
[XS2CollectSystemParametersStep] Collecting system parameters...#
#2026 07 08 19:17:47.106#Z#DEBUG#b2605f0d-7b01-11f1-81cb-eeee0a93546a.OPERATION#flowable-async-job-executor-thread-5517#
[XS2CollectSystemParametersStep] Getting default domain...#
#2026 07 08 19:17:47.133#Z#DEBUG#b2605f0d-7b01-11f1-81cb-eeee0a93546a.OPERATION#flowable-async-job-executor-thread-5517#
[XS2CollectSystemParametersStep] Default domain: cfapps.us10-001.hana.ondemand.com#
#2026 07 08 19:17:47.134#Z#DEBUG#b2605f0d-7b01-11f1-81cb-eeee0a93546a.OPERATION#flowable-async-job-executor-thread-5517#
[XS2CollectSystemParametersStep] Checking for overwriting read-only parameters for mta with id: "worksync"#
#2026 07 08 19:17:47.135#Z#DEBUG#b2605f0d-7b01-11f1-81cb-eeee0a93546a.OPERATION#flowable-async-job-executor-thread-5517#
[XS2CollectSystemParametersStep] No read-only parameters are overwritten#
#2026 07 08 19:17:47.150#Z#DEBUG#b2605f0d-7b01-11f1-81cb-eeee0a93546a.OPERATION#flowable-async-job-executor-thread-5517#
[XS2CollectSystemParametersStep] Descriptor with system parameters: {
  "majorSchemaVersion" : 3,
  "schemaVersion" : "3.3.0",
  "id" : "worksync",
  "version" : "1.0.2",
  "modules" : [ {
    "majorSchemaVersion" : 3,
    "name" : "worksync-srv",
    "type" : "javascript.nodejs",
    "path" : "worksync-srv",
    "properties" : { },
    "parameters" : {
      "default-url" : "${protocol}://${default-uri}",
      "default-app-name" : "worksync-srv",
      "generated-password" : "********",
      "default-live-url" : "${protocol}://${default-live-uri}",
      "default-uri" : "${host}.${domain}",
      "default-instances" : 1,
      "default-live-host" : "9b59819ctrial-dev-worksync-srv",
      "instances" : 1,
      "buildpack" : "nodejs_buildpack",
      "default-host" : "9b59819ctrial-dev-worksync-srv",
      "app-name" : "${default-app-name}",
      "default-live-uri" : "9b59819ctrial-dev-worksync-srv.${domain}",
      "protocol" : "https",
      "default-live-app-name" : "worksync-srv",
      "default-live-domain" : "cfapps.us10-001.hana.ondemand.com",
      "domain" : "${default-domain}",
      "host" : "${default-host}",
      "generated-user" : "********"
    },
    "requiredDependencies" : [ {
      "majorSchemaVersion" : 3,
      "name" : "uaa_worksync",
      "properties" : { },
      "parameters" : { },
      "propertiesMetadata" : {
        "metadata" : { }
      },
      "parametersMetadata" : {
        "metadata" : { }
      }
    }, {
      "majorSchemaVersion" : 3,
      "name" : "WorkSync-db",
      "properties" : { },
      "parameters" : { },
      "propertiesMetadata" : {
        "metadata" : { }
      },
      "parametersMetadata" : {
        "metadata" : { }
      }
    }, {
      "majorSchemaVersion" : 3,
      "name" : "worksync-destination-service",
      "properties" : { },
      "parameters" : { },
      "propertiesMetadata" : {
        "metadata" : { }
      },
      "parametersMetadata" : {
        "metadata" : { }
      }
    } ],
    "providedDependencies" : [ {
      "majorSchemaVersion" : 3,
      "name" : "srv-api",
      "isPublic" : false,
      "properties" : {
        "srv-url" : "${default-url}"
      },
      "parameters" : { },
      "propertiesMetadata" : {
        "metadata" : { }
      },
      "parametersMetadata" : {
        "metadata" : { }
      }
    }, {
      "majorSchemaVersion" : 3,
      "name" : "worksync-srv",
      "isPublic" : false,
      "properties" : { },
      "parameters" : { },
      "propertiesMetadata" : {
        "metadata" : { }
      },
      "parametersMetadata" : {
        "metadata" : { }
      }
    } ],
    "propertiesMetadata" : {
      "metadata" : { }
    },
    "parametersMetadata" : {
      "metadata" : { }
    },
    "hooks" : [ ]
  }, {
    "majorSchemaVersion" : 3,
    "name" : "worksync-destination-content",
    "type" : "com.sap.application.content",
    "properties" : { },
    "parameters" : {
      "default-url" : "${protocol}://${default-uri}",
      "default-app-name" : "worksync-destination-content",
      "generated-password" : "********",
      "default-live-url" : "${protocol}://${default-live-uri}",
      "default-uri" : "${host}.${domain}",
      "default-instances" : 1,
      "default-live-host" : "9b59819ctrial-dev-worksync-destination-content",
      "instances" : "${default-instances}",
      "default-host" : "9b59819ctrial-dev-worksync-destination-content",
      "content" : {
        "instance" : {
          "destinations" : [ {
            "Name" : "worksync_approuter_worksync_html_repo_host",
            "ServiceInstanceName" : "worksync-html5-app-host-service",
            "ServiceKeyName" : "********",
            "sap.cloud.service" : "worksync-approuter"
          }, {
            "Authentication" : "********",
            "Name" : "worksync_approuter_uaa_worksync",
            "ServiceInstanceName" : "worksync-xsuaa-service",
            "ServiceKeyName" : "********",
            "sap.cloud.service" : "worksync-approuter"
          } ],
          "existing_destinations_policy" : "ignore"
        }
      },
      "app-name" : "${default-app-name}",
      "default-live-uri" : "9b59819ctrial-dev-worksync-destination-content.${domain}",
      "protocol" : "https",
      "default-live-app-name" : "worksync-destination-content",
      "default-live-domain" : "cfapps.us10-001.hana.ondemand.com",
      "domain" : "${default-domain}",
      "host" : "${default-host}",
      "generated-user" : "********"
    },
    "requiredDependencies" : [ {
      "majorSchemaVersion" : 3,
      "name" : "worksync-destination-service",
      "properties" : { },
      "parameters" : {
        "content-target" : true
      },
      "propertiesMetadata" : {
        "metadata" : { }
      },
      "parametersMetadata" : {
        "metadata" : { }
      }
    }, {
      "majorSchemaVersion" : 3,
      "name" : "worksync_html_repo_host",
      "properties" : { },
      "parameters" : {
        "service-key" : "********"
      },
      "propertiesMetadata" : {
        "metadata" : { }
      },
      "parametersMetadata" : {
        "metadata" : { }
      }
    }, {
      "majorSchemaVersion" : 3,
      "name" : "uaa_worksync",
      "properties" : { },
      "parameters" : {
        "service-key" : "********"
      },
      "propertiesMetadata" : {
        "metadata" : { }
      },
      "parametersMetadata" : {
        "metadata" : { }
      }
    } ],
    "providedDependencies" : [ {
      "majorSchemaVersion" : 3,
      "name" : "worksync-destination-content",
      "isPublic" : false,
      "properties" : { },
      "parameters" : { },
      "propertiesMetadata" : {
        "metadata" : { }
      },
      "parametersMetadata" : {
        "metadata" : { }
      }
    } ],
    "propertiesMetadata" : {
      "metadata" : { }
    },
    "parametersMetadata" : {
      "metadata" : { }
    },
    "hooks" : [ ]
  }, {
    "majorSchemaVersion" : 3,
    "name" : "worksync-db-deployer",
    "type" : "com.sap.xs.hdi",
    "path" : "worksync-db-deployer",
    "properties" : {
      "EXIT" : 1
    },
    "parameters" : {
      "default-url" : "${protocol}://${default-uri}",
      "default-app-name" : "worksync-db-deployer",
      "generated-password" : "********",
      "default-live-url" : "${protocol}://${default-live-uri}",
      "default-uri" : "${host}.${domain}",
      "memory" : "256M",
      "default-instances" : 1,
      "no-route" : true,
      "default-live-host" : "9b59819ctrial-dev-worksync-db-deployer",
      "instances" : "${default-instances}",
      "buildpack" : "nodejs_buildpack",
      "default-host" : "9b59819ctrial-dev-worksync-db-deployer",
      "app-name" : "${default-app-name}",
      "default-live-uri" : "9b59819ctrial-dev-worksync-db-deployer.${domain}",
      "protocol" : "https",
      "default-live-app-name" : "worksync-db-deployer",
      "default-live-domain" : "cfapps.us10-001.hana.ondemand.com",
      "dependency-type" : "hard",
      "domain" : "${default-domain}",
      "host" : "${default-host}",
      "generated-user" : "********",
      "tasks" : [ {
        "name" : "deploy",
        "memory" : "256M",
        "command" : "npm start"
      } ],
      "no-start" : true
    },
    "requiredDependencies" : [ {
      "majorSchemaVersion" : 3,
      "name" : "WorkSync-db",
      "properties" : { },
      "parameters" : { },
      "propertiesMetadata" : {
        "metadata" : { }
      },
      "parametersMetadata" : {
        "metadata" : { }
      }
    } ],
    "providedDependencies" : [ {
      "majorSchemaVersion" : 3,
      "name" : "worksync-db-deployer",
      "isPublic" : false,
      "properties" : { },
      "parameters" : { },
      "propertiesMetadata" : {
        "metadata" : { }
      },
      "parametersMetadata" : {
        "metadata" : { }
      }
    } ],
    "propertiesMetadata" : {
      "metadata" : { }
    },
    "parametersMetadata" : {
      "metadata" : { }
    },
    "hooks" : [ ]
  }, {
    "majorSchemaVersion" : 3,
    "name" : "worksync-app-content",
    "type" : "com.sap.application.content",
    "path" : "worksync-app-content",
    "properties" : { },
    "parameters" : {
      "default-url" : "${protocol}://${default-uri}",
      "default-app-name" : "worksync-app-content",
      "generated-password" : "********",
      "default-live-url" : "${protocol}://${default-live-uri}",
      "default-uri" : "${host}.${domain}",
      "default-instances" : 1,
      "default-live-host" : "9b59819ctrial-dev-worksync-app-content",
      "instances" : "${default-instances}",
      "default-host" : "9b59819ctrial-dev-worksync-app-content",
      "app-name" : "${default-app-name}",
      "default-live-uri" : "9b59819ctrial-dev-worksync-app-content.${domain}",
      "protocol" : "https",
      "default-live-app-name" : "worksync-app-content",
      "default-live-domain" : "cfapps.us10-001.hana.ondemand.com",
      "domain" : "${default-domain}",
      "host" : "${default-host}",
      "generated-user" : "********"
    },
    "requiredDependencies" : [ {
      "majorSchemaVersion" : 3,
      "name" : "worksync_html_repo_host",
      "properties" : { },
      "parameters" : {
        "content-target" : true
      },
      "propertiesMetadata" : {
        "metadata" : { }
      },
      "parametersMetadata" : {
        "metadata" : { }
      }
    }, {
      "majorSchemaVersion" : 3,
      "name" : "uaa_worksync",
      "properties" : { },
      "parameters" : { },
      "propertiesMetadata" : {
        "metadata" : { }
      },
      "parametersMetadata" : {
        "metadata" : { }
      }
    } ],
    "providedDependencies" : [ {
      "majorSchemaVersion" : 3,
      "name" : "worksync-app-content",
      "isPublic" : false,
      "properties" : { },
      "parameters" : { },
      "propertiesMetadata" : {
        "metadata" : { }
      },
      "parametersMetadata" : {
        "metadata" : { }
      }
    } ],
    "propertiesMetadata" : {
      "metadata" : { }
    },
    "parametersMetadata" : {
      "metadata" : { }
    },
    "hooks" : [ ]
  } ],
  "resources" : [ {
    "majorSchemaVersion" : 3,
    "name" : "worksync-destination-service",
    "type" : "org.cloudfoundry.managed-service",
    "properties" : { },
    "parameters" : {
      "generated-password" : "********",
      "service-name" : "worksync-destination-service",
      "service-plan" : "lite",
      "service" : "destination",
      "generated-user" : "********",
      "default-xsappname" : "worksync-destination-service",
      "type" : "managed-service",
      "config" : {
        "HTML5Runtime_enabled" : true,
        "init_data" : {
          "instance" : {
            "destinations" : [ {
              "Authentication" : "********",
              "Name" : "ui5",
              "ProxyType" : "Internet",
              "Type" : "HTTP",
              "URL" : "https://ui5.sap.com"
            }, {
              "Authentication" : "********",
              "Name" : "ui5-lib",
              "ProxyType" : "Internet",
              "Type" : "HTTP",
              "URL" : "https://ui5.sap.com"
            }, {
              "Authentication" : "********",
              "HTML5.DynamicDestination" : true,
              "HTML5.ForwardAuthToken" : "********",
              "Name" : "srv-api",
              "ProxyType" : "Internet",
              "Type" : "HTTP",
              "URL" : "~{srv-api/srv-url}"
            } ],
            "existing_destinations_policy" : "update"
          }
        },
        "version" : "1.0.2"
      },
      "default-service-name" : "worksync-destination-service",
      "default-container-name" : "9B59819CTRIAL_DEV_WORKSYNC_DESTINATION_SERVICE"
    },
    "isActive" : true,
    "isOptional" : false,
    "propertiesMetadata" : {
      "metadata" : { }
    },
    "parametersMetadata" : {
      "metadata" : { }
    },
    "requiredDependencies" : [ {
      "majorSchemaVersion" : 3,
      "name" : "srv-api",
      "properties" : { },
      "parameters" : { },
      "propertiesMetadata" : {
        "metadata" : { }
      },
      "parametersMetadata" : {
        "metadata" : { }
      }
    } ],
    "processedAfter" : [ ]
  }, {
    "majorSchemaVersion" : 3,
    "name" : "worksync_html_repo_host",
    "type" : "org.cloudfoundry.managed-service",
    "properties" : { },
    "parameters" : {
      "generated-password" : "********",
      "service-name" : "worksync-html5-app-host-service",
      "service-plan" : "app-host",
      "service" : "html5-apps-repo",
      "generated-user" : "********",
      "default-xsappname" : "worksync_html_repo_host",
      "type" : "managed-service",
      "default-service-name" : "worksync_html_repo_host",
      "default-container-name" : "9B59819CTRIAL_DEV_WORKSYNC_HTML_REPO_HOST"
    },
    "isActive" : true,
    "isOptional" : false,
    "propertiesMetadata" : {
      "metadata" : { }
    },
    "parametersMetadata" : {
      "metadata" : { }
    },
    "requiredDependencies" : [ ],
    "processedAfter" : [ ]
  }, {
    "majorSchemaVersion" : 3,
    "name" : "uaa_worksync",
    "type" : "org.cloudfoundry.managed-service",
    "properties" : { },
    "parameters" : {
      "generated-password" : "********",
      "path" : "./xs-security.json",
      "service-name" : "worksync-xsuaa-service",
      "service-plan" : "application",
      "service" : "xsuaa",
      "generated-user" : "********",
      "default-xsappname" : "uaa_worksync",
      "type" : "managed-service",
      "config" : {
        "oauth2-configuration" : "********",
        "tenant-mode" : "dedicated",
        "xsappname" : "worksync-${org}-${space}"
      },
      "default-service-name" : "uaa_worksync",
      "default-container-name" : "9B59819CTRIAL_DEV_UAA_WORKSYNC"
    },
    "isActive" : true,
    "isOptional" : false,
    "propertiesMetadata" : {
      "metadata" : { }
    },
    "parametersMetadata" : {
      "metadata" : { }
    },
    "requiredDependencies" : [ ],
    "processedAfter" : [ ]
  }, {
    "majorSchemaVersion" : 3,
    "name" : "WorkSync-db",
    "type" : "com.sap.xs.hdi-container",
    "properties" : {
      "hdi-container-name" : "${service-name}"
    },
    "parameters" : {
      "generated-password" : "********",
      "service-name" : "${default-service-name}",
      "service-plan" : "hdi-shared",
      "service" : "hana",
      "generated-user" : "********",
      "default-xsappname" : "WorkSync-db",
      "type" : "managed-service",
      "default-service-name" : "WorkSync-db",
      "default-container-name" : "9B59819CTRIAL_DEV_WORKSYNC_DB"
    },
    "isActive" : true,
    "isOptional" : false,
    "propertiesMetadata" : {
      "metadata" : { }
    },
    "parametersMetadata" : {
      "metadata" : { }
    },
    "requiredDependencies" : [ ],
    "processedAfter" : [ ]
  } ],
  "parameters" : {
    "deploy_mode" : "html5-repo",
    "mta-id" : "worksync",
    "authorization-url" : "********",
    "org-guid" : "e8b53b4b-34f6-4399-9bc8-055746a912f4",
    "org" : "9b59819ctrial",
    "deploy-target" : "9b59819ctrial dev",
    "enable-parallel-deployments" : true,
    "space" : "dev",
    "xs-api-url" : "https://api.cf.us10-001.hana.ondemand.com",
    "deploy-url" : "deploy-service.cfapps.us10-001.hana.ondemand.com",
    "xs-type" : "CF",
    "default-domain" : "cfapps.us10-001.hana.ondemand.com",
    "mta-version" : "1.0.2",
    "xs-auth-url" : "********",
    "space-guid" : "9d9ae667-474a-401a-a823-a8535a92fd3f",
    "user" : "********",
    "controller-url" : "https://api.cf.us10-001.hana.ondemand.com",
    "timestamp" : "20260708191744"
  },
  "parametersMetadata" : {
    "metadata" : { }
  }
}#
#2026 07 08 19:17:47.151#Z#DEBUG#b2605f0d-7b01-11f1-81cb-eeee0a93546a.OPERATION#flowable-async-job-executor-thread-5517#
[XS2CollectSystemParametersStep] Version rule: SAME_HIGHER#
#2026 07 08 19:17:47.151#Z#INFO#b2605f0d-7b01-11f1-81cb-eeee0a93546a.OPERATION#flowable-async-job-executor-thread-5517#
[XS2CollectSystemParametersStep] Detected new MTA version: "1.0.2"#
#2026 07 08 19:17:47.157#Z#INFO#b2605f0d-7b01-11f1-81cb-eeee0a93546a.OPERATION#flowable-async-job-executor-thread-5517#
[XS2CollectSystemParametersStep] Deployed MTA version: "1.0.2"#
#2026 07 08 19:17:47.161#Z#DEBUG#b2605f0d-7b01-11f1-81cb-eeee0a93546a.OPERATION#flowable-async-job-executor-thread-5517#
[XS2CollectSystemParametersStep] MTA accepted for deployment#
#2026 07 08 19:17:47.161#Z#DEBUG#b2605f0d-7b01-11f1-81cb-eeee0a93546a.OPERATION#flowable-async-job-executor-thread-5517#
[XS2CollectSystemParametersStep] System parameters collected#
#2026 07 08 19:17:47.161#Z#DEBUG#b2605f0d-7b01-11f1-81cb-eeee0a93546a.OPERATION#flowable-async-job-executor-thread-5517#
Step "Collect System Parameters" finished#
#2026 07 08 19:17:47.189#Z#DEBUG#b2605f0d-7b01-11f1-81cb-eeee0a93546a.OPERATION#flowable-async-job-executor-thread-5510#
[ProcessDescriptorStep] Executing task "processDescriptorTask" of process "b2605f33-7b01-11f1-81cb-eeee0a93546a"...#
#2026 07 08 19:17:47.189#Z#DEBUG#b2605f0d-7b01-11f1-81cb-eeee0a93546a.OPERATION#flowable-async-job-executor-thread-5510#
[ProcessDescriptorStep] Resolving properties and parameters in merged descriptor...#
#2026 07 08 19:17:47.194#Z#DEBUG#b2605f0d-7b01-11f1-81cb-eeee0a93546a.OPERATION#flowable-async-job-executor-thread-5510#
[ProcessDescriptorStep] Subscriptions: [ ]#
#2026 07 08 19:17:47.194#Z#DEBUG#b2605f0d-7b01-11f1-81cb-eeee0a93546a.OPERATION#flowable-async-job-executor-thread-5510#
[ProcessDescriptorStep] MTA modules: [worksync-destination-content, worksync-srv, worksync-db-deployer, worksync-app-content]#
#2026 07 08 19:17:47.195#Z#DEBUG#b2605f0d-7b01-11f1-81cb-eeee0a93546a.OPERATION#flowable-async-job-executor-thread-5510#
[ProcessDescriptorStep] Resolved deployment descriptor: {
  "majorSchemaVersion" : 3,
  "schemaVersion" : "3.3.0",
  "id" : "worksync",
  "version" : "1.0.2",
  "modules" : [ {
    "majorSchemaVersion" : 3,
    "name" : "worksync-srv",
    "type" : "javascript.nodejs",
    "path" : "worksync-srv",
    "properties" : { },
    "parameters" : {
      "default-url" : "https://9b59819ctrial-dev-worksync-srv.cfapps.us10-001.hana.ondemand.com",
      "default-app-name" : "worksync-srv",
      "generated-password" : "********",
      "default-live-url" : "https://9b59819ctrial-dev-worksync-srv.cfapps.us10-001.hana.ondemand.com",
      "default-uri" : "9b59819ctrial-dev-worksync-srv.cfapps.us10-001.hana.ondemand.com",
      "default-instances" : 1,
      "default-live-host" : "9b59819ctrial-dev-worksync-srv",
      "instances" : 1,
      "buildpack" : "nodejs_buildpack",
      "default-host" : "9b59819ctrial-dev-worksync-srv",
      "app-name" : "worksync-srv",
      "default-live-uri" : "9b59819ctrial-dev-worksync-srv.cfapps.us10-001.hana.ondemand.com",
      "protocol" : "https",
      "default-live-app-name" : "worksync-srv",
      "default-live-domain" : "cfapps.us10-001.hana.ondemand.com",
      "domain" : "cfapps.us10-001.hana.ondemand.com",
      "host" : "9b59819ctrial-dev-worksync-srv",
      "generated-user" : "********"
    },
    "requiredDependencies" : [ {
      "majorSchemaVersion" : 3,
      "name" : "uaa_worksync",
      "properties" : { },
      "parameters" : { },
      "propertiesMetadata" : {
        "metadata" : { }
      },
      "parametersMetadata" : {
        "metadata" : { }
      }
    }, {
      "majorSchemaVersion" : 3,
      "name" : "WorkSync-db",
      "properties" : { },
      "parameters" : { },
      "propertiesMetadata" : {
        "metadata" : { }
      },
      "parametersMetadata" : {
        "metadata" : { }
      }
    }, {
      "majorSchemaVersion" : 3,
      "name" : "worksync-destination-service",
      "properties" : { },
      "parameters" : { },
      "propertiesMetadata" : {
        "metadata" : { }
      },
      "parametersMetadata" : {
        "metadata" : { }
      }
    } ],
    "providedDependencies" : [ {
      "majorSchemaVersion" : 3,
      "name" : "srv-api",
      "isPublic" : false,
      "properties" : {
        "srv-url" : "https://9b59819ctrial-dev-worksync-srv.cfapps.us10-001.hana.ondemand.com"
      },
      "parameters" : { },
      "propertiesMetadata" : {
        "metadata" : { }
      },
      "parametersMetadata" : {
        "metadata" : { }
      }
    }, {
      "majorSchemaVersion" : 3,
      "name" : "worksync-srv",
      "isPublic" : false,
      "properties" : { },
      "parameters" : { },
      "propertiesMetadata" : {
        "metadata" : { }
      },
      "parametersMetadata" : {
        "metadata" : { }
      }
    } ],
    "propertiesMetadata" : {
      "metadata" : { }
    },
    "parametersMetadata" : {
      "metadata" : { }
    },
    "hooks" : [ ]
  }, {
    "majorSchemaVersion" : 3,
    "name" : "worksync-destination-content",
    "type" : "com.sap.application.content",
    "properties" : { },
    "parameters" : {
      "default-url" : "https://9b59819ctrial-dev-worksync-destination-content.cfapps.us10-001.hana.ondemand.com",
      "default-app-name" : "worksync-destination-content",
      "generated-password" : "********",
      "default-live-url" : "https://9b59819ctrial-dev-worksync-destination-content.cfapps.us10-001.hana.ondemand.com",
      "default-uri" : "9b59819ctrial-dev-worksync-destination-content.cfapps.us10-001.hana.ondemand.com",
      "default-instances" : 1,
      "default-live-host" : "9b59819ctrial-dev-worksync-destination-content",
      "instances" : 1,
      "default-host" : "9b59819ctrial-dev-worksync-destination-content",
      "content" : {
        "instance" : {
          "destinations" : [ {
            "Name" : "worksync_approuter_worksync_html_repo_host",
            "ServiceInstanceName" : "worksync-html5-app-host-service",
            "ServiceKeyName" : "********",
            "sap.cloud.service" : "worksync-approuter"
          }, {
            "Authentication" : "********",
            "Name" : "worksync_approuter_uaa_worksync",
            "ServiceInstanceName" : "worksync-xsuaa-service",
            "ServiceKeyName" : "********",
            "sap.cloud.service" : "worksync-approuter"
          } ],
          "existing_destinations_policy" : "ignore"
        }
      },
      "app-name" : "worksync-destination-content",
      "default-live-uri" : "9b59819ctrial-dev-worksync-destination-content.cfapps.us10-001.hana.ondemand.com",
      "protocol" : "https",
      "default-live-app-name" : "worksync-destination-content",
      "default-live-domain" : "cfapps.us10-001.hana.ondemand.com",
      "domain" : "cfapps.us10-001.hana.ondemand.com",
      "host" : "9b59819ctrial-dev-worksync-destination-content",
      "generated-user" : "********"
    },
    "requiredDependencies" : [ {
      "majorSchemaVersion" : 3,
      "name" : "worksync-destination-service",
      "properties" : { },
      "parameters" : {
        "content-target" : true
      },
      "propertiesMetadata" : {
        "metadata" : { }
      },
      "parametersMetadata" : {
        "metadata" : { }
      }
    }, {
      "majorSchemaVersion" : 3,
      "name" : "worksync_html_repo_host",
      "properties" : { },
      "parameters" : {
        "service-key" : "********"
      },
      "propertiesMetadata" : {
        "metadata" : { }
      },
      "parametersMetadata" : {
        "metadata" : { }
      }
    }, {
      "majorSchemaVersion" : 3,
      "name" : "uaa_worksync",
      "properties" : { },
      "parameters" : {
        "service-key" : "********"
      },
      "propertiesMetadata" : {
        "metadata" : { }
      },
      "parametersMetadata" : {
        "metadata" : { }
      }
    } ],
    "providedDependencies" : [ {
      "majorSchemaVersion" : 3,
      "name" : "worksync-destination-content",
      "isPublic" : false,
      "properties" : { },
      "parameters" : { },
      "propertiesMetadata" : {
        "metadata" : { }
      },
      "parametersMetadata" : {
        "metadata" : { }
      }
    } ],
    "propertiesMetadata" : {
      "metadata" : { }
    },
    "parametersMetadata" : {
      "metadata" : { }
    },
    "hooks" : [ ]
  }, {
    "majorSchemaVersion" : 3,
    "name" : "worksync-db-deployer",
    "type" : "com.sap.xs.hdi",
    "path" : "worksync-db-deployer",
    "properties" : {
      "EXIT" : 1
    },
    "parameters" : {
      "default-url" : "https://9b59819ctrial-dev-worksync-db-deployer.cfapps.us10-001.hana.ondemand.com",
      "default-app-name" : "worksync-db-deployer",
      "generated-password" : "********",
      "default-live-url" : "https://9b59819ctrial-dev-worksync-db-deployer.cfapps.us10-001.hana.ondemand.com",
      "default-uri" : "9b59819ctrial-dev-worksync-db-deployer.cfapps.us10-001.hana.ondemand.com",
      "memory" : "256M",
      "default-instances" : 1,
      "no-route" : true,
      "default-live-host" : "9b59819ctrial-dev-worksync-db-deployer",
      "instances" : 1,
      "buildpack" : "nodejs_buildpack",
      "default-host" : "9b59819ctrial-dev-worksync-db-deployer",
      "app-name" : "worksync-db-deployer",
      "default-live-uri" : "9b59819ctrial-dev-worksync-db-deployer.cfapps.us10-001.hana.ondemand.com",
      "protocol" : "https",
      "default-live-app-name" : "worksync-db-deployer",
      "default-live-domain" : "cfapps.us10-001.hana.ondemand.com",
      "dependency-type" : "hard",
      "domain" : "cfapps.us10-001.hana.ondemand.com",
      "host" : "9b59819ctrial-dev-worksync-db-deployer",
      "generated-user" : "********",
      "tasks" : [ {
        "command" : "npm start",
        "memory" : "256M",
        "name" : "deploy"
      } ],
      "no-start" : true
    },
    "requiredDependencies" : [ {
      "majorSchemaVersion" : 3,
      "name" : "WorkSync-db",
      "properties" : { },
      "parameters" : { },
      "propertiesMetadata" : {
        "metadata" : { }
      },
      "parametersMetadata" : {
        "metadata" : { }
      }
    } ],
    "providedDependencies" : [ {
      "majorSchemaVersion" : 3,
      "name" : "worksync-db-deployer",
      "isPublic" : false,
      "properties" : { },
      "parameters" : { },
      "propertiesMetadata" : {
        "metadata" : { }
      },
      "parametersMetadata" : {
        "metadata" : { }
      }
    } ],
    "propertiesMetadata" : {
      "metadata" : { }
    },
    "parametersMetadata" : {
      "metadata" : { }
    },
    "hooks" : [ ]
  }, {
    "majorSchemaVersion" : 3,
    "name" : "worksync-app-content",
    "type" : "com.sap.application.content",
    "path" : "worksync-app-content",
    "properties" : { },
    "parameters" : {
      "default-url" : "https://9b59819ctrial-dev-worksync-app-content.cfapps.us10-001.hana.ondemand.com",
      "default-app-name" : "worksync-app-content",
      "generated-password" : "********",
      "default-live-url" : "https://9b59819ctrial-dev-worksync-app-content.cfapps.us10-001.hana.ondemand.com",
      "default-uri" : "9b59819ctrial-dev-worksync-app-content.cfapps.us10-001.hana.ondemand.com",
      "default-instances" : 1,
      "default-live-host" : "9b59819ctrial-dev-worksync-app-content",
      "instances" : 1,
      "default-host" : "9b59819ctrial-dev-worksync-app-content",
      "app-name" : "worksync-app-content",
      "default-live-uri" : "9b59819ctrial-dev-worksync-app-content.cfapps.us10-001.hana.ondemand.com",
      "protocol" : "https",
      "default-live-app-name" : "worksync-app-content",
      "default-live-domain" : "cfapps.us10-001.hana.ondemand.com",
      "domain" : "cfapps.us10-001.hana.ondemand.com",
      "host" : "9b59819ctrial-dev-worksync-app-content",
      "generated-user" : "********"
    },
    "requiredDependencies" : [ {
      "majorSchemaVersion" : 3,
      "name" : "worksync_html_repo_host",
      "properties" : { },
      "parameters" : {
        "content-target" : true
      },
      "propertiesMetadata" : {
        "metadata" : { }
      },
      "parametersMetadata" : {
        "metadata" : { }
      }
    }, {
      "majorSchemaVersion" : 3,
      "name" : "uaa_worksync",
      "properties" : { },
      "parameters" : { },
      "propertiesMetadata" : {
        "metadata" : { }
      },
      "parametersMetadata" : {
        "metadata" : { }
      }
    } ],
    "providedDependencies" : [ {
      "majorSchemaVersion" : 3,
      "name" : "worksync-app-content",
      "isPublic" : false,
      "properties" : { },
      "parameters" : { },
      "propertiesMetadata" : {
        "metadata" : { }
      },
      "parametersMetadata" : {
        "metadata" : { }
      }
    } ],
    "propertiesMetadata" : {
      "metadata" : { }
    },
    "parametersMetadata" : {
      "metadata" : { }
    },
    "hooks" : [ ]
  } ],
  "resources" : [ {
    "majorSchemaVersion" : 3,
    "name" : "worksync-destination-service",
    "type" : "org.cloudfoundry.managed-service",
    "properties" : { },
    "parameters" : {
      "generated-password" : "********",
      "service-name" : "worksync-destination-service",
      "service-plan" : "lite",
      "service" : "destination",
      "generated-user" : "********",
      "default-xsappname" : "worksync-destination-service",
      "type" : "managed-service",
      "config" : {
        "HTML5Runtime_enabled" : true,
        "init_data" : {
          "instance" : {
            "destinations" : [ {
              "Authentication" : "********",
              "Name" : "ui5",
              "ProxyType" : "Internet",
              "Type" : "HTTP",
              "URL" : "https://ui5.sap.com"
            }, {
              "Authentication" : "********",
              "Name" : "ui5-lib",
              "ProxyType" : "Internet",
              "Type" : "HTTP",
              "URL" : "https://ui5.sap.com"
            }, {
              "Authentication" : "********",
              "HTML5.DynamicDestination" : true,
              "HTML5.ForwardAuthToken" : "********",
              "Name" : "srv-api",
              "ProxyType" : "Internet",
              "Type" : "HTTP",
              "URL" : "https://9b59819ctrial-dev-worksync-srv.cfapps.us10-001.hana.ondemand.com"
            } ],
            "existing_destinations_policy" : "update"
          }
        },
        "version" : "1.0.2"
      },
      "default-service-name" : "worksync-destination-service",
      "default-container-name" : "9B59819CTRIAL_DEV_WORKSYNC_DESTINATION_SERVICE"
    },
    "isActive" : true,
    "isOptional" : false,
    "propertiesMetadata" : {
      "metadata" : { }
    },
    "parametersMetadata" : {
      "metadata" : { }
    },
    "requiredDependencies" : [ {
      "majorSchemaVersion" : 3,
      "name" : "srv-api",
      "properties" : { },
      "parameters" : { },
      "propertiesMetadata" : {
        "metadata" : { }
      },
      "parametersMetadata" : {
        "metadata" : { }
      }
    } ],
    "processedAfter" : [ ]
  }, {
    "majorSchemaVersion" : 3,
    "name" : "worksync_html_repo_host",
    "type" : "org.cloudfoundry.managed-service",
    "properties" : { },
    "parameters" : {
      "generated-password" : "********",
      "service-name" : "worksync-html5-app-host-service",
      "service-plan" : "app-host",
      "service" : "html5-apps-repo",
      "generated-user" : "********",
      "default-xsappname" : "worksync_html_repo_host",
      "type" : "managed-service",
      "default-service-name" : "worksync_html_repo_host",
      "default-container-name" : "9B59819CTRIAL_DEV_WORKSYNC_HTML_REPO_HOST"
    },
    "isActive" : true,
    "isOptional" : false,
    "propertiesMetadata" : {
      "metadata" : { }
    },
    "parametersMetadata" : {
      "metadata" : { }
    },
    "requiredDependencies" : [ ],
    "processedAfter" : [ ]
  }, {
    "majorSchemaVersion" : 3,
    "name" : "uaa_worksync",
    "type" : "org.cloudfoundry.managed-service",
    "properties" : { },
    "parameters" : {
      "generated-password" : "********",
      "path" : "./xs-security.json",
      "service-name" : "worksync-xsuaa-service",
      "service-plan" : "application",
      "service" : "xsuaa",
      "generated-user" : "********",
      "default-xsappname" : "uaa_worksync",
      "type" : "managed-service",
      "config" : {
        "oauth2-configuration" : "********",
        "tenant-mode" : "dedicated",
        "xsappname" : "worksync-9b59819ctrial-dev"
      },
      "default-service-name" : "uaa_worksync",
      "default-container-name" : "9B59819CTRIAL_DEV_UAA_WORKSYNC"
    },
    "isActive" : true,
    "isOptional" : false,
    "propertiesMetadata" : {
      "metadata" : { }
    },
    "parametersMetadata" : {
      "metadata" : { }
    },
    "requiredDependencies" : [ ],
    "processedAfter" : [ ]
  }, {
    "majorSchemaVersion" : 3,
    "name" : "WorkSync-db",
    "type" : "com.sap.xs.hdi-container",
    "properties" : {
      "hdi-container-name" : "WorkSync-db"
    },
    "parameters" : {
      "generated-password" : "********",
      "service-name" : "WorkSync-db",
      "service-plan" : "hdi-shared",
      "service" : "hana",
      "generated-user" : "********",
      "default-xsappname" : "WorkSync-db",
      "type" : "managed-service",
      "default-service-name" : "WorkSync-db",
      "default-container-name" : "9B59819CTRIAL_DEV_WORKSYNC_DB"
    },
    "isActive" : true,
    "isOptional" : false,
    "propertiesMetadata" : {
      "metadata" : { }
    },
    "parametersMetadata" : {
      "metadata" : { }
    },
    "requiredDependencies" : [ ],
    "processedAfter" : [ ]
  } ],
  "parameters" : {
    "deploy_mode" : "html5-repo",
    "mta-id" : "worksync",
    "authorization-url" : "********",
    "org-guid" : "e8b53b4b-34f6-4399-9bc8-055746a912f4",
    "org" : "9b59819ctrial",
    "deploy-target" : "9b59819ctrial dev",
    "enable-parallel-deployments" : true,
    "region-primary-domain" : "us10.hana.ondemand.com",
    "space" : "dev",
    "region-domain" : "us10-001.hana.ondemand.com",
    "xs-api-url" : "https://api.cf.us10-001.hana.ondemand.com",
    "deploy-url" : "deploy-service.cfapps.us10-001.hana.ondemand.com",
    "xs-type" : "CF",
    "default-domain" : "cfapps.us10-001.hana.ondemand.com",
    "mta-version" : "1.0.2",
    "xs-auth-url" : "********",
    "space-guid" : "9d9ae667-474a-401a-a823-a8535a92fd3f",
    "user" : "********",
    "controller-url" : "https://api.cf.us10-001.hana.ondemand.com",
    "timestamp" : "20260708191744"
  },
  "parametersMetadata" : {
    "metadata" : { }
  }
}#
#2026 07 08 19:17:47.195#Z#DEBUG#b2605f0d-7b01-11f1-81cb-eeee0a93546a.OPERATION#flowable-async-job-executor-thread-5510#
[ProcessDescriptorStep] Merged descriptor properties and parameters resolved#
#2026 07 08 19:17:47.195#Z#DEBUG#b2605f0d-7b01-11f1-81cb-eeee0a93546a.OPERATION#flowable-async-job-executor-thread-5510#
Step "Process Descriptor Step" finished#
#2026 07 08 19:17:47.233#Z#DEBUG#b2605f0d-7b01-11f1-81cb-eeee0a93546a.OPERATION#flowable-async-job-executor-thread-5511#
[XS2BuildCloudDeployModelStep] Executing task "buildDeployModelTask" of process "b2605f33-7b01-11f1-81cb-eeee0a93546a"...#
#2026 07 08 19:17:47.236#Z#DEBUG#b2605f0d-7b01-11f1-81cb-eeee0a93546a.OPERATION#flowable-async-job-executor-thread-5511#
[XS2BuildCloudDeployModelStep] Service keys defined for content deployment grouped by service name: {
  "worksync_html_repo_host" : [ {
    "name" : "********",
    "v3Metadata" : {
      "annotations" : {
        "mta_id" : "worksync",
        "mta_version" : "1.0.2"
      },
      "labels" : {
        "mta_id" : "ffd8daaaf7a161720d9a3a88d060f172",
        "space_guid" : "9d9ae667-474a-401a-a823-a8535a92fd3f"
      }
    },
    "credentials" : "********",
    "moduleName" : "worksync-destination-content",
    "resourceName" : "worksync_html_repo_host",
    "serviceInstance" : {
      "isOptional" : false,
      "isManaged" : false,
      "name" : "worksync-html5-app-host-service",
      "credentials" : "********",
      "tags" : [ ],
      "shouldSkipParametersUpdate" : false,
      "shouldSkipPlanUpdate" : false,
      "shouldSkipTagsUpdate" : false,
      "shouldSkipSyslogUrlUpdate" : false
    },
    "shouldDeleteServiceKeyAfterDeploy" : "********",
    "resourceType" : "org.cloudfoundry.managed-service"
  }, {
    "name" : "********",
    "v3Metadata" : {
      "annotations" : {
        "mta_id" : "worksync",
        "mta_version" : "1.0.2"
      },
      "labels" : {
        "mta_id" : "ffd8daaaf7a161720d9a3a88d060f172",
        "space_guid" : "9d9ae667-474a-401a-a823-a8535a92fd3f"
      }
    },
    "credentials" : "********",
    "moduleName" : "worksync-app-content",
    "resourceName" : "worksync_html_repo_host",
    "serviceInstance" : {
      "isOptional" : false,
      "isManaged" : false,
      "name" : "worksync-html5-app-host-service",
      "credentials" : "********",
      "tags" : [ ],
      "shouldSkipParametersUpdate" : false,
      "shouldSkipPlanUpdate" : false,
      "shouldSkipTagsUpdate" : false,
      "shouldSkipSyslogUrlUpdate" : false
    },
    "shouldDeleteServiceKeyAfterDeploy" : "********",
    "resourceType" : "org.cloudfoundry.managed-service"
  } ],
  "worksync-destination-service" : [ {
    "name" : "********",
    "v3Metadata" : {
      "annotations" : {
        "mta_id" : "worksync",
        "mta_version" : "1.0.2"
      },
      "labels" : {
        "mta_id" : "ffd8daaaf7a161720d9a3a88d060f172",
        "space_guid" : "9d9ae667-474a-401a-a823-a8535a92fd3f"
      }
    },
    "credentials" : "********",
    "moduleName" : "worksync-destination-content",
    "resourceName" : "worksync-destination-service",
    "serviceInstance" : {
      "isOptional" : false,
      "isManaged" : false,
      "name" : "worksync-destination-service",
      "credentials" : "********",
      "tags" : [ ],
      "shouldSkipParametersUpdate" : false,
      "shouldSkipPlanUpdate" : false,
      "shouldSkipTagsUpdate" : false,
      "shouldSkipSyslogUrlUpdate" : false
    },
    "shouldDeleteServiceKeyAfterDeploy" : "********",
    "resourceType" : "org.cloudfoundry.managed-service"
  } ],
  "uaa_worksync" : [ {
    "name" : "********",
    "v3Metadata" : {
      "annotations" : {
        "mta_id" : "worksync",
        "mta_version" : "1.0.2"
      },
      "labels" : {
        "mta_id" : "ffd8daaaf7a161720d9a3a88d060f172",
        "space_guid" : "9d9ae667-474a-401a-a823-a8535a92fd3f"
      }
    },
    "credentials" : "********",
    "moduleName" : "worksync-destination-content",
    "resourceName" : "uaa_worksync",
    "serviceInstance" : {
      "isOptional" : false,
      "isManaged" : false,
      "name" : "worksync-xsuaa-service",
      "credentials" : "********",
      "tags" : [ ],
      "shouldSkipParametersUpdate" : false,
      "shouldSkipPlanUpdate" : false,
      "shouldSkipTagsUpdate" : false,
      "shouldSkipSyslogUrlUpdate" : false
    },
    "shouldDeleteServiceKeyAfterDeploy" : "********",
    "resourceType" : "org.cloudfoundry.managed-service"
  }, {
    "name" : "********",
    "v3Metadata" : {
      "annotations" : {
        "mta_id" : "worksync",
        "mta_version" : "1.0.2"
      },
      "labels" : {
        "mta_id" : "ffd8daaaf7a161720d9a3a88d060f172",
        "space_guid" : "9d9ae667-474a-401a-a823-a8535a92fd3f"
      }
    },
    "credentials" : "********",
    "moduleName" : "worksync-app-content",
    "resourceName" : "uaa_worksync",
    "serviceInstance" : {
      "isOptional" : false,
      "isManaged" : false,
      "name" : "worksync-xsuaa-service",
      "credentials" : "********",
      "tags" : [ ],
      "shouldSkipParametersUpdate" : false,
      "shouldSkipPlanUpdate" : false,
      "shouldSkipTagsUpdate" : false,
      "shouldSkipSyslogUrlUpdate" : false
    },
    "shouldDeleteServiceKeyAfterDeploy" : "********",
    "resourceType" : "org.cloudfoundry.managed-service"
  } ]
}#
#2026 07 08 19:17:47.236#Z#DEBUG#b2605f0d-7b01-11f1-81cb-eeee0a93546a.OPERATION#flowable-async-job-executor-thread-5511#
[XS2BuildCloudDeployModelStep] Building cloud deployment model...#
#2026 07 08 19:17:47.238#Z#DEBUG#b2605f0d-7b01-11f1-81cb-eeee0a93546a.OPERATION#flowable-async-job-executor-thread-5511#
[XS2BuildCloudDeployModelStep] MTA archive modules: [worksync-srv, worksync-db-deployer, worksync-app-content]#
#2026 07 08 19:17:47.239#Z#DEBUG#b2605f0d-7b01-11f1-81cb-eeee0a93546a.OPERATION#flowable-async-job-executor-thread-5511#
[XS2BuildCloudDeployModelStep] Deployed modules: [worksync-db-deployer, worksync-srv]#
#2026 07 08 19:17:47.239#Z#DEBUG#b2605f0d-7b01-11f1-81cb-eeee0a93546a.OPERATION#flowable-async-job-executor-thread-5511#
[XS2BuildCloudDeployModelStep] MTA modules: [worksync-destination-content, worksync-srv, worksync-db-deployer, worksync-app-content]#
#2026 07 08 19:17:47.239#Z#DEBUG#b2605f0d-7b01-11f1-81cb-eeee0a93546a.OPERATION#flowable-async-job-executor-thread-5511#
[XS2BuildCloudDeployModelStep] Service keys to create: {
  "worksync-destination-service" : [ ],
  "worksync_html_repo_host" : [ ],
  "uaa_worksync" : [ ],
  "WorkSync-db" : [ ]
}#
#2026 07 08 19:17:47.240#Z#DEBUG#b2605f0d-7b01-11f1-81cb-eeee0a93546a.OPERATION#flowable-async-job-executor-thread-5511#
[XS2BuildCloudDeployModelStep] Modules to deploy: [{
  "majorSchemaVersion" : 3,
  "name" : "worksync-srv",
  "type" : "javascript.nodejs",
  "path" : "worksync-srv",
  "properties" : { },
  "parameters" : {
    "default-url" : "https://9b59819ctrial-dev-worksync-srv.cfapps.us10-001.hana.ondemand.com",
    "default-app-name" : "worksync-srv",
    "generated-password" : "********",
    "default-live-url" : "https://9b59819ctrial-dev-worksync-srv.cfapps.us10-001.hana.ondemand.com",
    "default-uri" : "9b59819ctrial-dev-worksync-srv.cfapps.us10-001.hana.ondemand.com",
    "default-instances" : 1,
    "default-live-host" : "9b59819ctrial-dev-worksync-srv",
    "instances" : 1,
    "buildpack" : "nodejs_buildpack",
    "default-host" : "9b59819ctrial-dev-worksync-srv",
    "app-name" : "worksync-srv",
    "default-live-uri" : "9b59819ctrial-dev-worksync-srv.cfapps.us10-001.hana.ondemand.com",
    "protocol" : "https",
    "default-live-app-name" : "worksync-srv",
    "default-live-domain" : "cfapps.us10-001.hana.ondemand.com",
    "dependency-type" : "soft",
    "domain" : "cfapps.us10-001.hana.ondemand.com",
    "host" : "9b59819ctrial-dev-worksync-srv",
    "generated-user" : "********"
  },
  "requiredDependencies" : [ {
    "majorSchemaVersion" : 3,
    "name" : "uaa_worksync",
    "properties" : { },
    "parameters" : { },
    "propertiesMetadata" : {
      "metadata" : { }
    },
    "parametersMetadata" : {
      "metadata" : { }
    }
  }, {
    "majorSchemaVersion" : 3,
    "name" : "WorkSync-db",
    "properties" : { },
    "parameters" : { },
    "propertiesMetadata" : {
      "metadata" : { }
    },
    "parametersMetadata" : {
      "metadata" : { }
    }
  }, {
    "majorSchemaVersion" : 3,
    "name" : "worksync-destination-service",
    "properties" : { },
    "parameters" : { },
    "propertiesMetadata" : {
      "metadata" : { }
    },
    "parametersMetadata" : {
      "metadata" : { }
    }
  } ],
  "providedDependencies" : [ {
    "majorSchemaVersion" : 3,
    "name" : "srv-api",
    "isPublic" : false,
    "properties" : {
      "srv-url" : "https://9b59819ctrial-dev-worksync-srv.cfapps.us10-001.hana.ondemand.com"
    },
    "parameters" : { },
    "propertiesMetadata" : {
      "metadata" : { }
    },
    "parametersMetadata" : {
      "metadata" : { }
    }
  }, {
    "majorSchemaVersion" : 3,
    "name" : "worksync-srv",
    "isPublic" : false,
    "properties" : { },
    "parameters" : { },
    "propertiesMetadata" : {
      "metadata" : { }
    },
    "parametersMetadata" : {
      "metadata" : { }
    }
  } ],
  "propertiesMetadata" : {
    "metadata" : { }
  },
  "parametersMetadata" : {
    "metadata" : { }
  },
  "deployedAfter" : [ ],
  "hooks" : [ ]
}, {
  "majorSchemaVersion" : 3,
  "name" : "worksync-destination-content",
  "type" : "com.sap.application.content",
  "properties" : { },
  "parameters" : {
    "default-url" : "https://9b59819ctrial-dev-worksync-destination-content.cfapps.us10-001.hana.ondemand.com",
    "default-app-name" : "worksync-destination-content",
    "generated-password" : "********",
    "default-live-url" : "https://9b59819ctrial-dev-worksync-destination-content.cfapps.us10-001.hana.ondemand.com",
    "default-uri" : "9b59819ctrial-dev-worksync-destination-content.cfapps.us10-001.hana.ondemand.com",
    "default-instances" : 1,
    "default-live-host" : "9b59819ctrial-dev-worksync-destination-content",
    "instances" : 1,
    "default-host" : "9b59819ctrial-dev-worksync-destination-content",
    "content" : {
      "instance" : {
        "destinations" : [ {
          "Name" : "worksync_approuter_worksync_html_repo_host",
          "ServiceInstanceName" : "worksync-html5-app-host-service",
          "ServiceKeyName" : "********",
          "sap.cloud.service" : "worksync-approuter"
        }, {
          "Authentication" : "********",
          "Name" : "worksync_approuter_uaa_worksync",
          "ServiceInstanceName" : "worksync-xsuaa-service",
          "ServiceKeyName" : "********",
          "sap.cloud.service" : "worksync-approuter"
        } ],
        "existing_destinations_policy" : "ignore"
      }
    },
    "app-name" : "worksync-destination-content",
    "default-live-uri" : "9b59819ctrial-dev-worksync-destination-content.cfapps.us10-001.hana.ondemand.com",
    "protocol" : "https",
    "default-live-app-name" : "worksync-destination-content",
    "default-live-domain" : "cfapps.us10-001.hana.ondemand.com",
    "dependency-type" : "soft",
    "domain" : "cfapps.us10-001.hana.ondemand.com",
    "host" : "9b59819ctrial-dev-worksync-destination-content",
    "generated-user" : "********"
  },
  "requiredDependencies" : [ {
    "majorSchemaVersion" : 3,
    "name" : "worksync-destination-service",
    "properties" : { },
    "parameters" : {
      "content-target" : true
    },
    "propertiesMetadata" : {
      "metadata" : { }
    },
    "parametersMetadata" : {
      "metadata" : { }
    }
  }, {
    "majorSchemaVersion" : 3,
    "name" : "worksync_html_repo_host",
    "properties" : { },
    "parameters" : {
      "service-key" : "********"
    },
    "propertiesMetadata" : {
      "metadata" : { }
    },
    "parametersMetadata" : {
      "metadata" : { }
    }
  }, {
    "majorSchemaVersion" : 3,
    "name" : "uaa_worksync",
    "properties" : { },
    "parameters" : {
      "service-key" : "********"
    },
    "propertiesMetadata" : {
      "metadata" : { }
    },
    "parametersMetadata" : {
      "metadata" : { }
    }
  } ],
  "providedDependencies" : [ {
    "majorSchemaVersion" : 3,
    "name" : "worksync-destination-content",
    "isPublic" : false,
    "properties" : { },
    "parameters" : { },
    "propertiesMetadata" : {
      "metadata" : { }
    },
    "parametersMetadata" : {
      "metadata" : { }
    }
  } ],
  "propertiesMetadata" : {
    "metadata" : { }
  },
  "parametersMetadata" : {
    "metadata" : { }
  },
  "deployedAfter" : [ ],
  "hooks" : [ ]
}, {
  "majorSchemaVersion" : 3,
  "name" : "worksync-db-deployer",
  "type" : "com.sap.xs.hdi",
  "path" : "worksync-db-deployer",
  "properties" : {
    "EXIT" : 1
  },
  "parameters" : {
    "default-url" : "https://9b59819ctrial-dev-worksync-db-deployer.cfapps.us10-001.hana.ondemand.com",
    "default-app-name" : "worksync-db-deployer",
    "generated-password" : "********",
    "default-live-url" : "https://9b59819ctrial-dev-worksync-db-deployer.cfapps.us10-001.hana.ondemand.com",
    "default-uri" : "9b59819ctrial-dev-worksync-db-deployer.cfapps.us10-001.hana.ondemand.com",
    "memory" : "256M",
    "default-instances" : 1,
    "no-route" : true,
    "default-live-host" : "9b59819ctrial-dev-worksync-db-deployer",
    "instances" : 1,
    "buildpack" : "nodejs_buildpack",
    "default-host" : "9b59819ctrial-dev-worksync-db-deployer",
    "app-name" : "worksync-db-deployer",
    "default-live-uri" : "9b59819ctrial-dev-worksync-db-deployer.cfapps.us10-001.hana.ondemand.com",
    "protocol" : "https",
    "default-live-app-name" : "worksync-db-deployer",
    "default-live-domain" : "cfapps.us10-001.hana.ondemand.com",
    "dependency-type" : "hard",
    "domain" : "cfapps.us10-001.hana.ondemand.com",
    "host" : "9b59819ctrial-dev-worksync-db-deployer",
    "generated-user" : "********",
    "tasks" : [ {
      "command" : "npm start",
      "memory" : "256M",
      "name" : "deploy"
    } ],
    "no-start" : true
  },
  "requiredDependencies" : [ {
    "majorSchemaVersion" : 3,
    "name" : "WorkSync-db",
    "properties" : { },
    "parameters" : { },
    "propertiesMetadata" : {
      "metadata" : { }
    },
    "parametersMetadata" : {
      "metadata" : { }
    }
  } ],
  "providedDependencies" : [ {
    "majorSchemaVersion" : 3,
    "name" : "worksync-db-deployer",
    "isPublic" : false,
    "properties" : { },
    "parameters" : { },
    "propertiesMetadata" : {
      "metadata" : { }
    },
    "parametersMetadata" : {
      "metadata" : { }
    }
  } ],
  "propertiesMetadata" : {
    "metadata" : { }
  },
  "parametersMetadata" : {
    "metadata" : { }
  },
  "deployedAfter" : [ ],
  "hooks" : [ ]
}, {
  "majorSchemaVersion" : 3,
  "name" : "worksync-app-content",
  "type" : "com.sap.application.content",
  "path" : "worksync-app-content",
  "properties" : { },
  "parameters" : {
    "default-url" : "https://9b59819ctrial-dev-worksync-app-content.cfapps.us10-001.hana.ondemand.com",
    "default-app-name" : "worksync-app-content",
    "generated-password" : "********",
    "default-live-url" : "https://9b59819ctrial-dev-worksync-app-content.cfapps.us10-001.hana.ondemand.com",
    "default-uri" : "9b59819ctrial-dev-worksync-app-content.cfapps.us10-001.hana.ondemand.com",
    "default-instances" : 1,
    "default-live-host" : "9b59819ctrial-dev-worksync-app-content",
    "instances" : 1,
    "default-host" : "9b59819ctrial-dev-worksync-app-content",
    "app-name" : "worksync-app-content",
    "default-live-uri" : "9b59819ctrial-dev-worksync-app-content.cfapps.us10-001.hana.ondemand.com",
    "protocol" : "https",
    "default-live-app-name" : "worksync-app-content",
    "default-live-domain" : "cfapps.us10-001.hana.ondemand.com",
    "dependency-type" : "soft",
    "domain" : "cfapps.us10-001.hana.ondemand.com",
    "host" : "9b59819ctrial-dev-worksync-app-content",
    "generated-user" : "********"
  },
  "requiredDependencies" : [ {
    "majorSchemaVersion" : 3,
    "name" : "worksync_html_repo_host",
    "properties" : { },
    "parameters" : {
      "content-target" : true
    },
    "propertiesMetadata" : {
      "metadata" : { }
    },
    "parametersMetadata" : {
      "metadata" : { }
    }
  }, {
    "majorSchemaVersion" : 3,
    "name" : "uaa_worksync",
    "properties" : { },
    "parameters" : { },
    "propertiesMetadata" : {
      "metadata" : { }
    },
    "parametersMetadata" : {
      "metadata" : { }
    }
  } ],
  "providedDependencies" : [ {
    "majorSchemaVersion" : 3,
    "name" : "worksync-app-content",
    "isPublic" : false,
    "properties" : { },
    "parameters" : { },
    "propertiesMetadata" : {
      "metadata" : { }
    },
    "parametersMetadata" : {
      "metadata" : { }
    }
  } ],
  "propertiesMetadata" : {
    "metadata" : { }
  },
  "parametersMetadata" : {
    "metadata" : { }
  },
  "deployedAfter" : [ ],
  "hooks" : [ ]
}]#
#2026 07 08 19:17:47.241#Z#DEBUG#b2605f0d-7b01-11f1-81cb-eeee0a93546a.OPERATION#flowable-async-job-executor-thread-5511#
[XS2BuildCloudDeployModelStep] Custom domains: []#
#2026 07 08 19:17:47.243#Z#DEBUG#b2605f0d-7b01-11f1-81cb-eeee0a93546a.OPERATION#flowable-async-job-executor-thread-5511#
[XS2BuildCloudDeployModelStep] Calculating resource batches...#
#2026 07 08 19:17:47.244#Z#DEBUG#b2605f0d-7b01-11f1-81cb-eeee0a93546a.OPERATION#flowable-async-job-executor-thread-5511#
[XS2BuildCloudDeployModelStep] Calculating resource batches completed.#
#2026 07 08 19:17:47.244#Z#DEBUG#b2605f0d-7b01-11f1-81cb-eeee0a93546a.OPERATION#flowable-async-job-executor-thread-5511#
[XS2BuildCloudDeployModelStep] Cloud deployment model built#
#2026 07 08 19:17:47.244#Z#DEBUG#b2605f0d-7b01-11f1-81cb-eeee0a93546a.OPERATION#flowable-async-job-executor-thread-5511#
Step "Build Deploy Model" finished#
#2026 07 08 19:17:47.284#Z#DEBUG#b2605f0d-7b01-11f1-81cb-eeee0a93546a.OPERATION#flowable-async-job-executor-thread-5512#
[BuildCloudUndeployModelStep] Executing task "buildUndeployModelTask" of process "b2605f33-7b01-11f1-81cb-eeee0a93546a"...#
#2026 07 08 19:17:47.285#Z#DEBUG#b2605f0d-7b01-11f1-81cb-eeee0a93546a.OPERATION#flowable-async-job-executor-thread-5512#
[BuildCloudUndeployModelStep] Building cloud undeployment model...#
#2026 07 08 19:17:47.288#Z#DEBUG#b2605f0d-7b01-11f1-81cb-eeee0a93546a.OPERATION#flowable-async-job-executor-thread-5512#
[BuildCloudUndeployModelStep] Detecting service keys to delete.#
#2026 07 08 19:17:47.289#Z#DEBUG#b2605f0d-7b01-11f1-81cb-eeee0a93546a.OPERATION#flowable-async-job-executor-thread-5512#
[BuildCloudUndeployModelStep] Detected deployed service keys by service "{worksync-destination-service=[DeployedMtaServiceKey{name=worksync-destination-content-worksync-destination-service-credentials, metadata=CloudMetadata{guid=f5478bfb-4cef-480a-b852-993edc491115, createdAt=2026-07-06T04:13:28, updatedAt=2026-07-06T04:13:29, url=null}, v3Metadata=Metadata{annotations={mta_id=worksync, mta_version=1.0.2}, labels={mta_id=ffd8daaaf7a161720d9a3a88d060f172, space_guid=9d9ae667-474a-401a-a823-a8535a92fd3f}}, credentials=null, serviceInstance=CloudServiceInstance{name=worksync-destination-service, metadata=CloudMetadata{guid=fde0a620-439b-4dd0-add4-9f7e96e7ca02, createdAt=2026-07-06T04:13:12, updatedAt=2026-07-06T04:13:15, url=null}, v3Metadata=Metadata{annotations={mta_id=worksync, mta_version=1.0.2, mta_resource={"name":"worksync-destination-service"}}, labels={mta_id=ffd8daaaf7a161720d9a3a88d060f172}}, label=null, plan=null, provider=null, broker=null, version=null, credentials={}, syslogDrainUrl=null, tags=[], type=managed, lastOperation=null}, serviceKeyOperation=null, resourceName=null}], worksync-xsuaa-service=[DeployedMtaServiceKey{name=uaa_worksync-key, metadata=CloudMetadata{guid=e0faa5ed-522b-4643-88da-a82b3bc531a5, createdAt=2026-07-06T05:22:39, updatedAt=2026-07-06T05:22:39, url=null}, v3Metadata=Metadata{annotations={mta_id=worksync, mta_version=1.0.2}, labels={mta_id=ffd8daaaf7a161720d9a3a88d060f172, space_guid=9d9ae667-474a-401a-a823-a8535a92fd3f}}, credentials=null, serviceInstance=CloudServiceInstance{name=worksync-xsuaa-service, metadata=CloudMetadata{guid=4654b212-5f65-4c4f-98d3-e6c9ea744b33, createdAt=2026-07-06T05:22:18, updatedAt=2026-07-06T05:22:18, url=null}, v3Metadata=Metadata{annotations={mta_id=worksync, mta_version=1.0.2, mta_resource={"name":"uaa_worksync"}}, labels={mta_id=ffd8daaaf7a161720d9a3a88d060f172}}, label=null, plan=null, provider=null, broker=null, version=null, credentials={}, syslogDrainUrl=null, tags=[], type=managed, lastOperation=null}, serviceKeyOperation=null, resourceName=null}, DeployedMtaServiceKey{name=worksync-app-content-uaa_worksync-credentials, metadata=CloudMetadata{guid=6af9a8a4-adb1-4bf2-a4b8-995fc921126b, createdAt=2026-07-06T05:22:42, updatedAt=2026-07-06T05:22:42, url=null}, v3Metadata=Metadata{annotations={mta_id=worksync, mta_version=1.0.2}, labels={mta_id=ffd8daaaf7a161720d9a3a88d060f172, space_guid=9d9ae667-474a-401a-a823-a8535a92fd3f}}, credentials=null, serviceInstance=CloudServiceInstance{name=worksync-xsuaa-service, metadata=CloudMetadata{guid=4654b212-5f65-4c4f-98d3-e6c9ea744b33, createdAt=2026-07-06T05:22:18, updatedAt=2026-07-06T05:22:18, url=null}, v3Metadata=Metadata{annotations={mta_id=worksync, mta_version=1.0.2, mta_resource={"name":"uaa_worksync"}}, labels={mta_id=ffd8daaaf7a161720d9a3a88d060f172}}, label=null, plan=null, provider=null, broker=null, version=null, credentials={}, syslogDrainUrl=null, tags=[], type=managed, lastOperation=null}, serviceKeyOperation=null, resourceName=null}], worksync-html5-app-host-service=[DeployedMtaServiceKey{name=worksync-app-content-worksync_html_repo_host-credentials, metadata=CloudMetadata{guid=8dd980c7-72af-4cbe-9e85-f3beb73e3110, createdAt=2026-07-06T04:13:28, updatedAt=2026-07-06T04:13:28, url=null}, v3Metadata=Metadata{annotations={mta_id=worksync, mta_version=1.0.2}, labels={mta_id=ffd8daaaf7a161720d9a3a88d060f172, space_guid=9d9ae667-474a-401a-a823-a8535a92fd3f}}, credentials=null, serviceInstance=CloudServiceInstance{name=worksync-html5-app-host-service, metadata=CloudMetadata{guid=bcc90efe-483b-4ca4-ac2d-3c1a3af5ef87, createdAt=2026-07-06T04:13:11, updatedAt=2026-07-06T04:13:12, url=null}, v3Metadata=Metadata{annotations={mta_id=worksync, mta_version=1.0.2, mta_resource={"name":"worksync_html_repo_host"}}, labels={mta_id=ffd8daaaf7a161720d9a3a88d060f172}}, label=null, plan=null, provider=null, broker=null, version=null, credentials={}, syslogDrainUrl=null, tags=[], type=managed, lastOperation=null}, serviceKeyOperation=null, resourceName=null}, DeployedMtaServiceKey{name=worksync_html_repo_host-key, metadata=CloudMetadata{guid=872f0505-ed9b-4f99-a764-c57b82b840e8, createdAt=2026-07-06T04:13:28, updatedAt=2026-07-06T04:13:28, url=null}, v3Metadata=Metadata{annotations={mta_id=worksync, mta_version=1.0.2}, labels={mta_id=ffd8daaaf7a161720d9a3a88d060f172, space_guid=9d9ae667-474a-401a-a823-a8535a92fd3f}}, credentials=null, serviceInstance=CloudServiceInstance{name=worksync-html5-app-host-service, metadata=CloudMetadata{guid=bcc90efe-483b-4ca4-ac2d-3c1a3af5ef87, createdAt=2026-07-06T04:13:11, updatedAt=2026-07-06T04:13:12, url=null}, v3Metadata=Metadata{annotations={mta_id=worksync, mta_version=1.0.2, mta_resource={"name":"worksync_html_repo_host"}}, labels={mta_id=ffd8daaaf7a161720d9a3a88d060f172}}, label=null, plan=null, provider=null, broker=null, version=null, credentials={}, syslogDrainUrl=null, tags=[], type=managed, lastOperation=null}, serviceKeyOperation=null, resourceName=null}]}"#
#2026 07 08 19:17:47.290#Z#DEBUG#b2605f0d-7b01-11f1-81cb-eeee0a93546a.OPERATION#flowable-async-job-executor-thread-5512#
[BuildCloudUndeployModelStep] New service keys by service "{worksync-destination-service=[worksync-destination-content-worksync-destination-service-credentials], worksync-xsuaa-service=[uaa_worksync-key, worksync-app-content-uaa_worksync-credentials], worksync-html5-app-host-service=[worksync_html_repo_host-key, worksync-app-content-worksync_html_repo_host-credentials]}"#
#2026 07 08 19:17:47.291#Z#DEBUG#b2605f0d-7b01-11f1-81cb-eeee0a93546a.OPERATION#flowable-async-job-executor-thread-5512#
[BuildCloudUndeployModelStep] Existing service keys by service "{}"#
#2026 07 08 19:17:47.292#Z#DEBUG#b2605f0d-7b01-11f1-81cb-eeee0a93546a.OPERATION#flowable-async-job-executor-thread-5512#
[BuildCloudUndeployModelStep] Detected service keys to delete "[]"#
#2026 07 08 19:17:47.295#Z#DEBUG#b2605f0d-7b01-11f1-81cb-eeee0a93546a.OPERATION#flowable-async-job-executor-thread-5512#
[BuildCloudUndeployModelStep] MTA modules: [worksync-destination-content, worksync-srv, worksync-db-deployer, worksync-app-content]#
#2026 07 08 19:17:47.295#Z#DEBUG#b2605f0d-7b01-11f1-81cb-eeee0a93546a.OPERATION#flowable-async-job-executor-thread-5512#
[BuildCloudUndeployModelStep] Modules to undeploy: [ ]#
#2026 07 08 19:17:47.295#Z#DEBUG#b2605f0d-7b01-11f1-81cb-eeee0a93546a.OPERATION#flowable-async-job-executor-thread-5512#
[BuildCloudUndeployModelStep] Modules that won't be changed: [ ]#
#2026 07 08 19:17:47.296#Z#DEBUG#b2605f0d-7b01-11f1-81cb-eeee0a93546a.OPERATION#flowable-async-job-executor-thread-5512#
[BuildCloudUndeployModelStep] Subscriptions to delete: [ ]#
#2026 07 08 19:17:47.297#Z#DEBUG#b2605f0d-7b01-11f1-81cb-eeee0a93546a.OPERATION#flowable-async-job-executor-thread-5512#
[BuildCloudUndeployModelStep] Cloud services to delete: []#
#2026 07 08 19:17:47.297#Z#DEBUG#b2605f0d-7b01-11f1-81cb-eeee0a93546a.OPERATION#flowable-async-job-executor-thread-5512#
[BuildCloudUndeployModelStep] Cloud applications to undeploy: [ ]#
#2026 07 08 19:17:47.300#Z#DEBUG#b2605f0d-7b01-11f1-81cb-eeee0a93546a.OPERATION#flowable-async-job-executor-thread-5512#
[BuildCloudUndeployModelStep] Cloud undeployment model built#
#2026 07 08 19:17:47.300#Z#DEBUG#b2605f0d-7b01-11f1-81cb-eeee0a93546a.OPERATION#flowable-async-job-executor-thread-5512#
Step "Build Undeploy Model" finished#
#2026 07 08 19:17:47.331#Z#DEBUG#b2605f0d-7b01-11f1-81cb-eeee0a93546a.OPERATION#flowable-async-job-executor-thread-5512#
[AddDomainsStep] Executing task "addDomainsTask" of process "b2605f33-7b01-11f1-81cb-eeee0a93546a"...#
#2026 07 08 19:17:47.333#Z#DEBUG#b2605f0d-7b01-11f1-81cb-eeee0a93546a.OPERATION#flowable-async-job-executor-thread-5512#
[AddDomainsStep] Custom domains: []#
#2026 07 08 19:17:47.333#Z#DEBUG#b2605f0d-7b01-11f1-81cb-eeee0a93546a.OPERATION#flowable-async-job-executor-thread-5512#
Step "Add Domains" finished#
#2026 07 08 19:17:47.449#Z#DEBUG#b2605f0d-7b01-11f1-81cb-eeee0a93546a.OPERATION#flowable-async-job-executor-thread-5514#
[ExtractBatchedServicesWithResolvedDynamicParametersStep] Executing task "prepareModulesDeploymentTask" of process "b436a6e9-7b01-11f1-81cb-eeee0a93546a"...#
#2026 07 08 19:17:47.449#Z#DEBUG#b2605f0d-7b01-11f1-81cb-eeee0a93546a.OPERATION#flowable-async-job-executor-thread-5514#
[ExtractBatchedServicesWithResolvedDynamicParametersStep] Extracting services and resolving dynamic parameters from batch#
#2026 07 08 19:17:47.451#Z#DEBUG#b2605f0d-7b01-11f1-81cb-eeee0a93546a.OPERATION#flowable-async-job-executor-thread-5514#
[ExtractBatchedServicesWithResolvedDynamicParametersStep] Services to create: [ {
  "isOptional" : false,
  "isManaged" : true,
  "name" : "worksync-destination-service",
  "v3Metadata" : {
    "annotations" : {
      "mta_id" : "worksync",
      "mta_version" : "1.0.2",
      "mta_resource" : "{\"name\":\"worksync-destination-service\"}"
    },
    "labels" : {
      "mta_id" : "ffd8daaaf7a161720d9a3a88d060f172"
    }
  },
  "label" : "destination",
  "plan" : "lite",
  "credentials" : "********",
  "tags" : [ ],
  "type" : "managed",
  "resourceName" : "worksync-destination-service",
  "shouldSkipParametersUpdate" : false,
  "shouldSkipPlanUpdate" : false,
  "shouldSkipTagsUpdate" : false,
  "shouldSkipSyslogUrlUpdate" : false
}, {
  "isOptional" : false,
  "isManaged" : true,
  "name" : "worksync-html5-app-host-service",
  "v3Metadata" : {
    "annotations" : {
      "mta_id" : "worksync",
      "mta_version" : "1.0.2",
      "mta_resource" : "{\"name\":\"worksync_html_repo_host\"}"
    },
    "labels" : {
      "mta_id" : "ffd8daaaf7a161720d9a3a88d060f172"
    }
  },
  "label" : "html5-apps-repo",
  "plan" : "app-host",
  "credentials" : "********",
  "tags" : [ ],
  "type" : "managed",
  "resourceName" : "worksync_html_repo_host",
  "shouldSkipParametersUpdate" : false,
  "shouldSkipPlanUpdate" : false,
  "shouldSkipTagsUpdate" : false,
  "shouldSkipSyslogUrlUpdate" : false
}, {
  "isOptional" : false,
  "isManaged" : true,
  "name" : "worksync-xsuaa-service",
  "v3Metadata" : {
    "annotations" : {
      "mta_id" : "worksync",
      "mta_version" : "1.0.2",
      "mta_resource" : "{\"name\":\"uaa_worksync\"}"
    },
    "labels" : {
      "mta_id" : "ffd8daaaf7a161720d9a3a88d060f172"
    }
  },
  "label" : "xsuaa",
  "plan" : "application",
  "credentials" : "********",
  "tags" : [ ],
  "type" : "managed",
  "resourceName" : "uaa_worksync",
  "shouldSkipParametersUpdate" : false,
  "shouldSkipPlanUpdate" : false,
  "shouldSkipTagsUpdate" : false,
  "shouldSkipSyslogUrlUpdate" : false
}, {
  "isOptional" : false,
  "isManaged" : true,
  "name" : "WorkSync-db",
  "v3Metadata" : {
    "annotations" : {
      "mta_id" : "worksync",
      "mta_version" : "1.0.2",
      "mta_resource" : "{\"name\":\"WorkSync-db\"}"
    },
    "labels" : {
      "mta_id" : "ffd8daaaf7a161720d9a3a88d060f172"
    }
  },
  "label" : "hana",
  "plan" : "hdi-shared",
  "credentials" : "********",
  "tags" : [ ],
  "type" : "managed",
  "resourceName" : "WorkSync-db",
  "shouldSkipParametersUpdate" : false,
  "shouldSkipPlanUpdate" : false,
  "shouldSkipTagsUpdate" : false,
  "shouldSkipSyslogUrlUpdate" : false
} ]#
#2026 07 08 19:17:47.452#Z#DEBUG#b2605f0d-7b01-11f1-81cb-eeee0a93546a.OPERATION#flowable-async-job-executor-thread-5514#
Step "Extract Services with Resolved Dynamic parameters from batch" finished#
#2026 07 08 19:17:47.537#Z#DEBUG#b2605f0d-7b01-11f1-81cb-eeee0a93546a.OPERATION#flowable-async-job-executor-thread-5514#
[CheckServiceOperationStateStep] Executing task "CheckServiceOperationStateTask" of process "b447e441-7b01-11f1-81cb-eeee0a93546a"...#
#2026 07 08 19:17:47.538#Z#DEBUG#b2605f0d-7b01-11f1-81cb-eeee0a93546a.OPERATION#flowable-async-job-executor-thread-5514#
[CheckServiceOperationStateStep] Getting service instance "worksync-html5-app-host-service"...#
#2026 07 08 19:17:47.668#Z#DEBUG#b2605f0d-7b01-11f1-81cb-eeee0a93546a.OPERATION#flowable-async-job-executor-thread-5514#
Step "Check for service operations in Progress" finished#
#2026 07 08 19:17:47.697#Z#DEBUG#b2605f0d-7b01-11f1-81cb-eeee0a93546a.OPERATION#flowable-async-job-executor-thread-5514#
[DetermineServiceCreateUpdateServiceActionsStep] Executing task "DetermineServiceCreateUpdateActionsTask" of process "b447e441-7b01-11f1-81cb-eeee0a93546a"...#
#2026 07 08 19:17:47.699#Z#INFO#b2605f0d-7b01-11f1-81cb-eeee0a93546a.OPERATION#flowable-async-job-executor-thread-5514#
[DetermineServiceCreateUpdateServiceActionsStep] Processing service "worksync-html5-app-host-service"...#
#2026 07 08 19:17:47.703#Z#DEBUG#b2605f0d-7b01-11f1-81cb-eeee0a93546a.OPERATION#flowable-async-job-executor-thread-5514#
[DetermineServiceCreateUpdateServiceActionsStep] Getting service instance "worksync-html5-app-host-service"...#
#2026 07 08 19:17:47.829#Z#DEBUG#b2605f0d-7b01-11f1-81cb-eeee0a93546a.OPERATION#flowable-async-job-executor-thread-5514#
[DetermineServiceCreateUpdateServiceActionsStep] Existing service: {
  "name" : "worksync-html5-app-host-service",
  "metadata" : {
    "guid" : "bcc90efe-483b-4ca4-ac2d-3c1a3af5ef87",
    "createdAt" : [ 2026, 7, 6, 4, 13, 11 ],
    "updatedAt" : [ 2026, 7, 6, 4, 13, 12 ]
  },
  "v3Metadata" : {
    "annotations" : {
      "mta_id" : "worksync",
      "mta_version" : "1.0.2",
      "mta_resource" : "{\"name\":\"worksync_html_repo_host\"}"
    },
    "labels" : {
      "mta_id" : "ffd8daaaf7a161720d9a3a88d060f172"
    }
  },
  "label" : "html5-apps-repo",
  "plan" : "app-host",
  "credentials" : "********",
  "tags" : [ ],
  "type" : "managed",
  "lastOperation" : {
    "type" : "CREATE",
    "description" : "",
    "state" : "SUCCEEDED"
  }
}#
#2026 07 08 19:17:47.829#Z#WARN#b2605f0d-7b01-11f1-81cb-eeee0a93546a.OPERATION#flowable-async-job-executor-thread-5514#
[DetermineServiceCreateUpdateServiceActionsStep] Service parameters for service "worksync-html5-app-host-service" will not be updated, as the parameters are not defined or empty.#
#2026 07 08 19:17:47.829#Z#DEBUG#b2605f0d-7b01-11f1-81cb-eeee0a93546a.OPERATION#flowable-async-job-executor-thread-5514#
Step "Determine update actions" finished#
#2026 07 08 19:17:47.872#Z#DEBUG#b2605f0d-7b01-11f1-81cb-eeee0a93546a.OPERATION#flowable-async-job-executor-thread-5515#
[CheckForServiceBindingOrKeyOperationStep] Executing task "CheckForServiceBindingOrKeyCreation" of process "b447e441-7b01-11f1-81cb-eeee0a93546a"...#
#2026 07 08 19:17:47.873#Z#DEBUG#b2605f0d-7b01-11f1-81cb-eeee0a93546a.OPERATION#flowable-async-job-executor-thread-5515#
Step "Check for service binding or key creation" finished#
#2026 07 08 19:17:49.602#Z#DEBUG#b2605f0d-7b01-11f1-81cb-eeee0a93546a.OPERATION#flowable-async-job-executor-thread-5517#
[CheckServiceOperationStateStep] Executing task "CheckServiceOperationStateTask" of process "b582ae8a-7b01-11f1-81cb-eeee0a93546a"...#
#2026 07 08 19:17:49.602#Z#DEBUG#b2605f0d-7b01-11f1-81cb-eeee0a93546a.OPERATION#flowable-async-job-executor-thread-5517#
[CheckServiceOperationStateStep] Getting service instance "worksync-xsuaa-service"...#
#2026 07 08 19:17:49.755#Z#DEBUG#b2605f0d-7b01-11f1-81cb-eeee0a93546a.OPERATION#flowable-async-job-executor-thread-5517#
Step "Check for service operations in Progress" finished#
#2026 07 08 19:17:49.669#Z#DEBUG#b2605f0d-7b01-11f1-81cb-eeee0a93546a.OPERATION#flowable-async-job-executor-thread-832#
[CheckServiceOperationStateStep] Executing task "CheckServiceOperationStateTask" of process "b58b39a3-7b01-11f1-af7c-eeee0a8eccd1"...#
#2026 07 08 19:17:49.761#Z#DEBUG#b2605f0d-7b01-11f1-81cb-eeee0a93546a.OPERATION#flowable-async-job-executor-thread-832#
[CheckServiceOperationStateStep] Getting service instance "worksync-destination-service"...#
#2026 07 08 19:17:49.916#Z#DEBUG#b2605f0d-7b01-11f1-81cb-eeee0a93546a.OPERATION#flowable-async-job-executor-thread-832#
Step "Check for service operations in Progress" finished#
#2026 07 08 19:17:49.781#Z#DEBUG#b2605f0d-7b01-11f1-81cb-eeee0a93546a.OPERATION#flowable-async-job-executor-thread-5517#
[DetermineServiceCreateUpdateServiceActionsStep] Executing task "DetermineServiceCreateUpdateActionsTask" of process "b582ae8a-7b01-11f1-81cb-eeee0a93546a"...#
#2026 07 08 19:17:49.783#Z#INFO#b2605f0d-7b01-11f1-81cb-eeee0a93546a.OPERATION#flowable-async-job-executor-thread-5517#
[DetermineServiceCreateUpdateServiceActionsStep] Processing service "worksync-xsuaa-service"...#
#2026 07 08 19:17:49.787#Z#DEBUG#b2605f0d-7b01-11f1-81cb-eeee0a93546a.OPERATION#flowable-async-job-executor-thread-5517#
[DetermineServiceCreateUpdateServiceActionsStep] Getting service instance "worksync-xsuaa-service"...#
#2026 07 08 19:17:49.924#Z#INFO#b2605f0d-7b01-11f1-81cb-eeee0a93546a.OPERATION#flowable-async-job-executor-thread-5517#
[DetermineServiceCreateUpdateServiceActionsStep] Setting service "worksync-xsuaa-service" parameters from "xs-security.json"#
#2026 07 08 19:17:50.020#Z#DEBUG#b2605f0d-7b01-11f1-81cb-eeee0a93546a.OPERATION#flowable-async-job-executor-thread-5517#
[DetermineServiceCreateUpdateServiceActionsStep] Existing service: {
  "name" : "worksync-xsuaa-service",
  "metadata" : {
    "guid" : "4654b212-5f65-4c4f-98d3-e6c9ea744b33",
    "createdAt" : [ 2026, 7, 6, 5, 22, 18 ],
    "updatedAt" : [ 2026, 7, 6, 5, 22, 18 ]
  },
  "v3Metadata" : {
    "annotations" : {
      "mta_id" : "worksync",
      "mta_version" : "1.0.2",
      "mta_resource" : "{\"name\":\"uaa_worksync\"}"
    },
    "labels" : {
      "mta_id" : "ffd8daaaf7a161720d9a3a88d060f172"
    }
  },
  "label" : "xsuaa",
  "plan" : "application",
  "credentials" : "********",
  "tags" : [ ],
  "type" : "managed",
  "lastOperation" : {
    "type" : "UPDATE",
    "description" : "",
    "state" : "SUCCEEDED"
  }
}#
#2026 07 08 19:17:50.020#Z#DEBUG#b2605f0d-7b01-11f1-81cb-eeee0a93546a.OPERATION#flowable-async-job-executor-thread-5517#
[DetermineServiceCreateUpdateServiceActionsStep] Service parameters will be updated#
#2026 07 08 19:17:50.020#Z#DEBUG#b2605f0d-7b01-11f1-81cb-eeee0a93546a.OPERATION#flowable-async-job-executor-thread-5517#
[DetermineServiceCreateUpdateServiceActionsStep] New parameters: {
  "oauth2-configuration" : "********",
  "role-templates" : [ {
    "name" : "Admin",
    "description" : "Administrator",
    "scope-references" : [ "$XSAPPNAME.Admin", "$XSAPPNAME.Employee" ]
  }, {
    "name" : "Employee",
    "description" : "Employee",
    "scope-references" : [ "$XSAPPNAME.Employee" ]
  } ],
  "scopes" : [ {
    "name" : "$XSAPPNAME.Admin",
    "description" : "Administrator access"
  }, {
    "name" : "$XSAPPNAME.Employee",
    "description" : "Employee access"
  } ],
  "tenant-mode" : "dedicated",
  "xsappname" : "worksync-9b59819ctrial-dev"
}#
#2026 07 08 19:17:50.020#Z#DEBUG#b2605f0d-7b01-11f1-81cb-eeee0a93546a.OPERATION#flowable-async-job-executor-thread-5517#
Step "Determine update actions" finished#
#2026 07 08 19:17:50.065#Z#DEBUG#b2605f0d-7b01-11f1-81cb-eeee0a93546a.OPERATION#flowable-async-job-executor-thread-5517#
[CheckForServiceBindingOrKeyOperationStep] Executing task "CheckForServiceBindingOrKeyCreation" of process "b582ae8a-7b01-11f1-81cb-eeee0a93546a"...#
#2026 07 08 19:17:50.066#Z#DEBUG#b2605f0d-7b01-11f1-81cb-eeee0a93546a.OPERATION#flowable-async-job-executor-thread-5517#
Step "Check for service binding or key creation" finished#
#2026 07 08 19:17:49.949#Z#DEBUG#b2605f0d-7b01-11f1-81cb-eeee0a93546a.OPERATION#flowable-async-job-executor-thread-833#
[DetermineServiceCreateUpdateServiceActionsStep] Executing task "DetermineServiceCreateUpdateActionsTask" of process "b58b39a3-7b01-11f1-af7c-eeee0a8eccd1"...#
#2026 07 08 19:17:49.951#Z#INFO#b2605f0d-7b01-11f1-81cb-eeee0a93546a.OPERATION#flowable-async-job-executor-thread-833#
[DetermineServiceCreateUpdateServiceActionsStep] Processing service "worksync-destination-service"...#
#2026 07 08 19:17:49.955#Z#DEBUG#b2605f0d-7b01-11f1-81cb-eeee0a93546a.OPERATION#flowable-async-job-executor-thread-833#
[DetermineServiceCreateUpdateServiceActionsStep] Getting service instance "worksync-destination-service"...#
#2026 07 08 19:17:50.114#Z#DEBUG#b2605f0d-7b01-11f1-81cb-eeee0a93546a.OPERATION#flowable-async-job-executor-thread-833#
[DetermineServiceCreateUpdateServiceActionsStep] Existing service: {
  "name" : "worksync-destination-service",
  "metadata" : {
    "guid" : "fde0a620-439b-4dd0-add4-9f7e96e7ca02",
    "createdAt" : [ 2026, 7, 6, 4, 13, 12 ],
    "updatedAt" : [ 2026, 7, 6, 4, 13, 15 ]
  },
  "v3Metadata" : {
    "annotations" : {
      "mta_id" : "worksync",
      "mta_version" : "1.0.2",
      "mta_resource" : "{\"name\":\"worksync-destination-service\"}"
    },
    "labels" : {
      "mta_id" : "ffd8daaaf7a161720d9a3a88d060f172"
    }
  },
  "label" : "destination",
  "plan" : "lite",
  "credentials" : "********",
  "tags" : [ ],
  "type" : "managed",
  "lastOperation" : {
    "type" : "UPDATE",
    "description" : "",
    "state" : "SUCCEEDED"
  }
}#
#2026 07 08 19:17:50.114#Z#DEBUG#b2605f0d-7b01-11f1-81cb-eeee0a93546a.OPERATION#flowable-async-job-executor-thread-833#
[DetermineServiceCreateUpdateServiceActionsStep] Service parameters will be updated#
#2026 07 08 19:17:50.114#Z#DEBUG#b2605f0d-7b01-11f1-81cb-eeee0a93546a.OPERATION#flowable-async-job-executor-thread-833#
[DetermineServiceCreateUpdateServiceActionsStep] New parameters: {
  "HTML5Runtime_enabled" : true,
  "init_data" : {
    "instance" : {
      "destinations" : [ {
        "Authentication" : "********",
        "Name" : "ui5",
        "ProxyType" : "Internet",
        "Type" : "HTTP",
        "URL" : "https://ui5.sap.com"
      }, {
        "Authentication" : "********",
        "Name" : "ui5-lib",
        "ProxyType" : "Internet",
        "Type" : "HTTP",
        "URL" : "https://ui5.sap.com"
      }, {
        "Authentication" : "********",
        "HTML5.DynamicDestination" : true,
        "HTML5.ForwardAuthToken" : "********",
        "Name" : "srv-api",
        "ProxyType" : "Internet",
        "Type" : "HTTP",
        "URL" : "https://9b59819ctrial-dev-worksync-srv.cfapps.us10-001.hana.ondemand.com"
      } ],
      "existing_destinations_policy" : "update"
    }
  },
  "version" : "1.0.2"
}#
#2026 07 08 19:17:50.114#Z#DEBUG#b2605f0d-7b01-11f1-81cb-eeee0a93546a.OPERATION#flowable-async-job-executor-thread-833#
Step "Determine update actions" finished#
#2026 07 08 19:17:50.160#Z#DEBUG#b2605f0d-7b01-11f1-81cb-eeee0a93546a.OPERATION#flowable-async-job-executor-thread-834#
[CheckForServiceBindingOrKeyOperationStep] Executing task "CheckForServiceBindingOrKeyCreation" of process "b58b39a3-7b01-11f1-af7c-eeee0a8eccd1"...#
#2026 07 08 19:17:50.161#Z#DEBUG#b2605f0d-7b01-11f1-81cb-eeee0a93546a.OPERATION#flowable-async-job-executor-thread-834#
Step "Check for service binding or key creation" finished#
#2026 07 08 19:17:50.099#Z#DEBUG#b2605f0d-7b01-11f1-81cb-eeee0a93546a.OPERATION#flowable-async-job-executor-thread-5517#
[UpdateServiceParametersStep] Executing task "UpdateServiceParametersTask" of process "b582ae8a-7b01-11f1-81cb-eeee0a93546a"...#
#2026 07 08 19:17:50.101#Z#INFO#b2605f0d-7b01-11f1-81cb-eeee0a93546a.OPERATION#flowable-async-job-executor-thread-5517#
[UpdateServiceParametersStep] Updating service "worksync-xsuaa-service"...#
#2026 07 08 19:17:50.105#Z#DEBUG#b2605f0d-7b01-11f1-81cb-eeee0a93546a.OPERATION#flowable-async-job-executor-thread-5517#
[UpdateServiceParametersStep] Updating service parameters for service "worksync-xsuaa-service"...#
#2026 07 08 19:17:50.201#Z#DEBUG#b2605f0d-7b01-11f1-81cb-eeee0a93546a.OPERATION#flowable-async-job-executor-thread-5517#
[UpdateServiceParametersStep] Service "worksync-xsuaa-service" updated#
#2026 07 08 19:17:50.201#Z#DEBUG#b2605f0d-7b01-11f1-81cb-eeee0a93546a.OPERATION#flowable-async-job-executor-thread-5517#
[UpdateServiceParametersStep] Triggered service operations: {
  "worksync-xsuaa-service" : "UPDATE"
}#
#2026 07 08 19:17:50.202#Z#DEBUG#b2605f0d-7b01-11f1-81cb-eeee0a93546a.OPERATION#flowable-async-job-executor-thread-5517#
Step "Update parameters" finished#
#2026 07 08 19:17:50.204#Z#DEBUG#b2605f0d-7b01-11f1-81cb-eeee0a93546a.OPERATION#flowable-async-job-executor-thread-835#
[UpdateServiceParametersStep] Executing task "UpdateServiceParametersTask" of process "b58b39a3-7b01-11f1-af7c-eeee0a8eccd1"...#
#2026 07 08 19:17:50.207#Z#INFO#b2605f0d-7b01-11f1-81cb-eeee0a93546a.OPERATION#flowable-async-job-executor-thread-835#
[UpdateServiceParametersStep] Updating service "worksync-destination-service"...#
#2026 07 08 19:17:50.211#Z#DEBUG#b2605f0d-7b01-11f1-81cb-eeee0a93546a.OPERATION#flowable-async-job-executor-thread-835#
[UpdateServiceParametersStep] Updating service parameters for service "worksync-destination-service"...#
#2026 07 08 19:17:50.308#Z#DEBUG#b2605f0d-7b01-11f1-81cb-eeee0a93546a.OPERATION#flowable-async-job-executor-thread-835#
[UpdateServiceParametersStep] Service "worksync-destination-service" updated#
#2026 07 08 19:17:50.308#Z#DEBUG#b2605f0d-7b01-11f1-81cb-eeee0a93546a.OPERATION#flowable-async-job-executor-thread-835#
[UpdateServiceParametersStep] Triggered service operations: {
  "worksync-destination-service" : "UPDATE"
}#
#2026 07 08 19:17:50.310#Z#DEBUG#b2605f0d-7b01-11f1-81cb-eeee0a93546a.OPERATION#flowable-async-job-executor-thread-835#
Step "Update parameters" finished#
#2026 07 08 19:17:52.619#Z#DEBUG#b2605f0d-7b01-11f1-81cb-eeee0a93546a.OPERATION#flowable-async-job-executor-thread-4348#
[CheckServiceOperationStateStep] Executing task "CheckServiceOperationStateTask" of process "b74d8306-7b01-11f1-92f5-eeee0a8a904b"...#
#2026 07 08 19:17:52.687#Z#DEBUG#b2605f0d-7b01-11f1-81cb-eeee0a93546a.OPERATION#flowable-async-job-executor-thread-4348#
[CheckServiceOperationStateStep] Getting service instance "WorkSync-db"...#
#2026 07 08 19:17:52.834#Z#DEBUG#b2605f0d-7b01-11f1-81cb-eeee0a93546a.OPERATION#flowable-async-job-executor-thread-4348#
Step "Check for service operations in Progress" finished#
#2026 07 08 19:17:52.861#Z#DEBUG#b2605f0d-7b01-11f1-81cb-eeee0a93546a.OPERATION#flowable-async-job-executor-thread-4349#
[DetermineServiceCreateUpdateServiceActionsStep] Executing task "DetermineServiceCreateUpdateActionsTask" of process "b74d8306-7b01-11f1-92f5-eeee0a8a904b"...#
#2026 07 08 19:17:52.863#Z#INFO#b2605f0d-7b01-11f1-81cb-eeee0a93546a.OPERATION#flowable-async-job-executor-thread-4349#
[DetermineServiceCreateUpdateServiceActionsStep] Processing service "WorkSync-db"...#
#2026 07 08 19:17:52.867#Z#DEBUG#b2605f0d-7b01-11f1-81cb-eeee0a93546a.OPERATION#flowable-async-job-executor-thread-4349#
[DetermineServiceCreateUpdateServiceActionsStep] Getting service instance "WorkSync-db"...#
#2026 07 08 19:17:52.988#Z#DEBUG#b2605f0d-7b01-11f1-81cb-eeee0a93546a.OPERATION#flowable-async-job-executor-thread-4349#
[DetermineServiceCreateUpdateServiceActionsStep] Existing service: {
  "name" : "WorkSync-db",
  "metadata" : {
    "guid" : "278a30d4-fa6c-4ebb-ba1a-d560282378f7",
    "createdAt" : [ 2026, 7, 6, 5, 9, 35 ],
    "updatedAt" : [ 2026, 7, 6, 5, 9, 36 ]
  },
  "v3Metadata" : {
    "annotations" : {
      "mta_id" : "worksync",
      "mta_version" : "1.0.2",
      "mta_resource" : "{\"name\":\"WorkSync-db\"}"
    },
    "labels" : {
      "mta_id" : "ffd8daaaf7a161720d9a3a88d060f172"
    }
  },
  "label" : "hana",
  "plan" : "hdi-shared",
  "credentials" : "********",
  "tags" : [ ],
  "type" : "managed",
  "lastOperation" : {
    "type" : "CREATE",
    "state" : "SUCCEEDED"
  }
}#
#2026 07 08 19:17:52.988#Z#WARN#b2605f0d-7b01-11f1-81cb-eeee0a93546a.OPERATION#flowable-async-job-executor-thread-4349#
[DetermineServiceCreateUpdateServiceActionsStep] Service parameters for service "WorkSync-db" will not be updated, as the parameters are not defined or empty.#
#2026 07 08 19:17:52.988#Z#DEBUG#b2605f0d-7b01-11f1-81cb-eeee0a93546a.OPERATION#flowable-async-job-executor-thread-4349#
Step "Determine update actions" finished#
#2026 07 08 19:17:53.043#Z#DEBUG#b2605f0d-7b01-11f1-81cb-eeee0a93546a.OPERATION#flowable-async-job-executor-thread-4350#
[CheckForServiceBindingOrKeyOperationStep] Executing task "CheckForServiceBindingOrKeyCreation" of process "b74d8306-7b01-11f1-92f5-eeee0a8a904b"...#
#2026 07 08 19:17:53.045#Z#DEBUG#b2605f0d-7b01-11f1-81cb-eeee0a93546a.OPERATION#flowable-async-job-executor-thread-4350#
Step "Check for service binding or key creation" finished#
#2026 07 08 19:18:01.474#Z#DEBUG#b2605f0d-7b01-11f1-81cb-eeee0a93546a.OPERATION#flowable-async-job-executor-thread-5521#
[UpdateServiceParametersStep] Executing task "UpdateServiceParametersTask" of process "b582ae8a-7b01-11f1-81cb-eeee0a93546a"...#
#2026 07 08 19:18:01.475#Z#DEBUG#b2605f0d-7b01-11f1-81cb-eeee0a93546a.OPERATION#flowable-async-job-executor-thread-5521#
[UpdateServiceParametersStep] Polling service operations...#
#2026 07 08 19:18:01.478#Z#DEBUG#b2605f0d-7b01-11f1-81cb-eeee0a93546a.OPERATION#flowable-async-job-executor-thread-5521#
[UpdateServiceParametersStep] Getting service instance "worksync-xsuaa-service"...#
#2026 07 08 19:18:01.493#Z#DEBUG#b2605f0d-7b01-11f1-81cb-eeee0a93546a.OPERATION#flowable-async-job-executor-thread-5520#
[UpdateServiceParametersStep] Executing task "UpdateServiceParametersTask" of process "b58b39a3-7b01-11f1-af7c-eeee0a8eccd1"...#
#2026 07 08 19:18:01.494#Z#DEBUG#b2605f0d-7b01-11f1-81cb-eeee0a93546a.OPERATION#flowable-async-job-executor-thread-5520#
[UpdateServiceParametersStep] Polling service operations...#
#2026 07 08 19:18:01.498#Z#DEBUG#b2605f0d-7b01-11f1-81cb-eeee0a93546a.OPERATION#flowable-async-job-executor-thread-5520#
[UpdateServiceParametersStep] Getting service instance "worksync-destination-service"...#
#2026 07 08 19:18:01.615#Z#DEBUG#b2605f0d-7b01-11f1-81cb-eeee0a93546a.OPERATION#flowable-async-job-executor-thread-5521#
[UpdateServiceParametersStep] Last operation for service "worksync-xsuaa-service": {
  "type" : "UPDATE",
  "description" : "",
  "state" : "SUCCEEDED"
}#
#2026 07 08 19:18:01.615#Z#DEBUG#b2605f0d-7b01-11f1-81cb-eeee0a93546a.OPERATION#flowable-async-job-executor-thread-5521#
[UpdateServiceParametersStep] Service "worksync-xsuaa-service" updated#
#2026 07 08 19:18:01.615#Z#INFO#b2605f0d-7b01-11f1-81cb-eeee0a93546a.OPERATION#flowable-async-job-executor-thread-5521#
[UpdateServiceParametersStep] 1 of 1 done#
#2026 07 08 19:18:01.621#Z#DEBUG#b2605f0d-7b01-11f1-81cb-eeee0a93546a.OPERATION#flowable-async-job-executor-thread-5521#
[UpdateServiceParametersStep] Remaining services to poll: [ ]#
#2026 07 08 19:18:01.627#Z#DEBUG#b2605f0d-7b01-11f1-81cb-eeee0a93546a.OPERATION#flowable-async-job-executor-thread-5521#
Step "Update parameters" finished#
#2026 07 08 19:18:01.629#Z#DEBUG#b2605f0d-7b01-11f1-81cb-eeee0a93546a.OPERATION#flowable-async-job-executor-thread-5520#
[UpdateServiceParametersStep] Last operation for service "worksync-destination-service": {
  "type" : "UPDATE",
  "description" : "",
  "state" : "SUCCEEDED"
}#
#2026 07 08 19:18:01.629#Z#DEBUG#b2605f0d-7b01-11f1-81cb-eeee0a93546a.OPERATION#flowable-async-job-executor-thread-5520#
[UpdateServiceParametersStep] Service "worksync-destination-service" updated#
#2026 07 08 19:18:01.629#Z#INFO#b2605f0d-7b01-11f1-81cb-eeee0a93546a.OPERATION#flowable-async-job-executor-thread-5520#
[UpdateServiceParametersStep] 1 of 1 done#
#2026 07 08 19:18:01.634#Z#DEBUG#b2605f0d-7b01-11f1-81cb-eeee0a93546a.OPERATION#flowable-async-job-executor-thread-5520#
[UpdateServiceParametersStep] Remaining services to poll: [ ]#
#2026 07 08 19:18:01.635#Z#DEBUG#b2605f0d-7b01-11f1-81cb-eeee0a93546a.OPERATION#flowable-async-job-executor-thread-5520#
Step "Update parameters" finished#
#2026 07 08 19:18:04.779#Z#DEBUG#b2605f0d-7b01-11f1-81cb-eeee0a93546a.OPERATION#flowable-async-job-executor-thread-4357#
[PrepareModulesDeploymentStep] Executing task "prepareModulesDeploymentTask" of process "be8a6352-7b01-11f1-92f5-eeee0a8a904b"...#
#2026 07 08 19:18:04.780#Z#DEBUG#b2605f0d-7b01-11f1-81cb-eeee0a93546a.OPERATION#flowable-async-job-executor-thread-4357#
[PrepareModulesDeploymentStep] Preparing modules deployment...#
#2026 07 08 19:18:04.785#Z#DEBUG#b2605f0d-7b01-11f1-81cb-eeee0a93546a.OPERATION#flowable-async-job-executor-thread-4357#
Step "Prepare Modules Deployment" finished#
#2026 07 08 19:18:04.819#Z#DEBUG#b2605f0d-7b01-11f1-81cb-eeee0a93546a.OPERATION#flowable-async-job-executor-thread-4358#
[ComputeNextModulesStep] Executing task "computeNextModulesToDeployInParallel" of process "be8a6352-7b01-11f1-92f5-eeee0a8a904b"...#
#2026 07 08 19:18:04.820#Z#DEBUG#b2605f0d-7b01-11f1-81cb-eeee0a93546a.OPERATION#flowable-async-job-executor-thread-4358#
[ComputeNextModulesStep] Computing modules for next parallel iteration...#
#2026 07 08 19:18:04.823#Z#DEBUG#b2605f0d-7b01-11f1-81cb-eeee0a93546a.OPERATION#flowable-async-job-executor-thread-4358#
[ComputeNextModulesStep] Completed modules detected: []#
#2026 07 08 19:18:04.823#Z#DEBUG#b2605f0d-7b01-11f1-81cb-eeee0a93546a.OPERATION#flowable-async-job-executor-thread-4358#
[ComputeNextModulesStep] All modules for deploy detected: [worksync-destination-content, worksync-srv, worksync-db-deployer, worksync-app-content]#
#2026 07 08 19:18:04.823#Z#DEBUG#b2605f0d-7b01-11f1-81cb-eeee0a93546a.OPERATION#flowable-async-job-executor-thread-4358#
[ComputeNextModulesStep] Modules not for deploy detected: []#
#2026 07 08 19:18:04.824#Z#DEBUG#b2605f0d-7b01-11f1-81cb-eeee0a93546a.OPERATION#flowable-async-job-executor-thread-4358#
[ComputeNextModulesStep] Computed modules for next parallel iteration: [ {
  "majorSchemaVersion" : 3,
  "name" : "worksync-srv",
  "type" : "javascript.nodejs",
  "path" : "worksync-srv",
  "properties" : { },
  "parameters" : {
    "app-name" : "worksync-srv",
    "buildpack" : "nodejs_buildpack",
    "default-app-name" : "worksync-srv",
    "default-host" : "9b59819ctrial-dev-worksync-srv",
    "default-instances" : 1,
    "default-live-app-name" : "worksync-srv",
    "default-live-domain" : "cfapps.us10-001.hana.ondemand.com",
    "default-live-host" : "9b59819ctrial-dev-worksync-srv",
    "default-live-uri" : "9b59819ctrial-dev-worksync-srv.cfapps.us10-001.hana.ondemand.com",
    "default-live-url" : "https://9b59819ctrial-dev-worksync-srv.cfapps.us10-001.hana.ondemand.com",
    "default-uri" : "9b59819ctrial-dev-worksync-srv.cfapps.us10-001.hana.ondemand.com",
    "default-url" : "https://9b59819ctrial-dev-worksync-srv.cfapps.us10-001.hana.ondemand.com",
    "dependency-type" : "soft",
    "domain" : "cfapps.us10-001.hana.ondemand.com",
    "generated-password" : "********",
    "generated-user" : "********",
    "host" : "9b59819ctrial-dev-worksync-srv",
    "instances" : 1,
    "protocol" : "https"
  },
  "requiredDependencies" : [ {
    "majorSchemaVersion" : 3,
    "name" : "uaa_worksync",
    "properties" : { },
    "parameters" : { },
    "propertiesMetadata" : {
      "metadata" : { }
    },
    "parametersMetadata" : {
      "metadata" : { }
    }
  }, {
    "majorSchemaVersion" : 3,
    "name" : "WorkSync-db",
    "properties" : { },
    "parameters" : { },
    "propertiesMetadata" : {
      "metadata" : { }
    },
    "parametersMetadata" : {
      "metadata" : { }
    }
  }, {
    "majorSchemaVersion" : 3,
    "name" : "worksync-destination-service",
    "properties" : { },
    "parameters" : { },
    "propertiesMetadata" : {
      "metadata" : { }
    },
    "parametersMetadata" : {
      "metadata" : { }
    }
  } ],
  "providedDependencies" : [ {
    "majorSchemaVersion" : 3,
    "name" : "srv-api",
    "isPublic" : false,
    "properties" : {
      "srv-url" : "https://9b59819ctrial-dev-worksync-srv.cfapps.us10-001.hana.ondemand.com"
    },
    "parameters" : { },
    "propertiesMetadata" : {
      "metadata" : { }
    },
    "parametersMetadata" : {
      "metadata" : { }
    }
  }, {
    "majorSchemaVersion" : 3,
    "name" : "worksync-srv",
    "isPublic" : false,
    "properties" : { },
    "parameters" : { },
    "propertiesMetadata" : {
      "metadata" : { }
    },
    "parametersMetadata" : {
      "metadata" : { }
    }
  } ],
  "propertiesMetadata" : {
    "metadata" : { }
  },
  "parametersMetadata" : {
    "metadata" : { }
  },
  "deployedAfter" : [ ],
  "hooks" : [ ]
}, {
  "majorSchemaVersion" : 3,
  "name" : "worksync-destination-content",
  "type" : "com.sap.application.content",
  "properties" : { },
  "parameters" : {
    "app-name" : "worksync-destination-content",
    "content" : {
      "instance" : {
        "destinations" : [ {
          "Name" : "worksync_approuter_worksync_html_repo_host",
          "ServiceInstanceName" : "worksync-html5-app-host-service",
          "ServiceKeyName" : "********",
          "sap.cloud.service" : "worksync-approuter"
        }, {
          "Authentication" : "********",
          "Name" : "worksync_approuter_uaa_worksync",
          "ServiceInstanceName" : "worksync-xsuaa-service",
          "ServiceKeyName" : "********",
          "sap.cloud.service" : "worksync-approuter"
        } ],
        "existing_destinations_policy" : "ignore"
      }
    },
    "default-app-name" : "worksync-destination-content",
    "default-host" : "9b59819ctrial-dev-worksync-destination-content",
    "default-instances" : 1,
    "default-live-app-name" : "worksync-destination-content",
    "default-live-domain" : "cfapps.us10-001.hana.ondemand.com",
    "default-live-host" : "9b59819ctrial-dev-worksync-destination-content",
    "default-live-uri" : "9b59819ctrial-dev-worksync-destination-content.cfapps.us10-001.hana.ondemand.com",
    "default-live-url" : "https://9b59819ctrial-dev-worksync-destination-content.cfapps.us10-001.hana.ondemand.com",
    "default-uri" : "9b59819ctrial-dev-worksync-destination-content.cfapps.us10-001.hana.ondemand.com",
    "default-url" : "https://9b59819ctrial-dev-worksync-destination-content.cfapps.us10-001.hana.ondemand.com",
    "dependency-type" : "soft",
    "domain" : "cfapps.us10-001.hana.ondemand.com",
    "generated-password" : "********",
    "generated-user" : "********",
    "host" : "9b59819ctrial-dev-worksync-destination-content",
    "instances" : 1,
    "protocol" : "https"
  },
  "requiredDependencies" : [ {
    "majorSchemaVersion" : 3,
    "name" : "worksync-destination-service",
    "properties" : { },
    "parameters" : {
      "content-target" : true
    },
    "propertiesMetadata" : {
      "metadata" : { }
    },
    "parametersMetadata" : {
      "metadata" : { }
    }
  }, {
    "majorSchemaVersion" : 3,
    "name" : "worksync_html_repo_host",
    "properties" : { },
    "parameters" : {
      "service-key" : "********"
    },
    "propertiesMetadata" : {
      "metadata" : { }
    },
    "parametersMetadata" : {
      "metadata" : { }
    }
  }, {
    "majorSchemaVersion" : 3,
    "name" : "uaa_worksync",
    "properties" : { },
    "parameters" : {
      "service-key" : "********"
    },
    "propertiesMetadata" : {
      "metadata" : { }
    },
    "parametersMetadata" : {
      "metadata" : { }
    }
  } ],
  "providedDependencies" : [ {
    "majorSchemaVersion" : 3,
    "name" : "worksync-destination-content",
    "isPublic" : false,
    "properties" : { },
    "parameters" : { },
    "propertiesMetadata" : {
      "metadata" : { }
    },
    "parametersMetadata" : {
      "metadata" : { }
    }
  } ],
  "propertiesMetadata" : {
    "metadata" : { }
  },
  "parametersMetadata" : {
    "metadata" : { }
  },
  "deployedAfter" : [ ],
  "hooks" : [ ]
}, {
  "majorSchemaVersion" : 3,
  "name" : "worksync-db-deployer",
  "type" : "com.sap.xs.hdi",
  "path" : "worksync-db-deployer",
  "properties" : {
    "EXIT" : 1
  },
  "parameters" : {
    "app-name" : "worksync-db-deployer",
    "buildpack" : "nodejs_buildpack",
    "default-app-name" : "worksync-db-deployer",
    "default-host" : "9b59819ctrial-dev-worksync-db-deployer",
    "default-instances" : 1,
    "default-live-app-name" : "worksync-db-deployer",
    "default-live-domain" : "cfapps.us10-001.hana.ondemand.com",
    "default-live-host" : "9b59819ctrial-dev-worksync-db-deployer",
    "default-live-uri" : "9b59819ctrial-dev-worksync-db-deployer.cfapps.us10-001.hana.ondemand.com",
    "default-live-url" : "https://9b59819ctrial-dev-worksync-db-deployer.cfapps.us10-001.hana.ondemand.com",
    "default-uri" : "9b59819ctrial-dev-worksync-db-deployer.cfapps.us10-001.hana.ondemand.com",
    "default-url" : "https://9b59819ctrial-dev-worksync-db-deployer.cfapps.us10-001.hana.ondemand.com",
    "dependency-type" : "hard",
    "domain" : "cfapps.us10-001.hana.ondemand.com",
    "generated-password" : "********",
    "generated-user" : "********",
    "host" : "9b59819ctrial-dev-worksync-db-deployer",
    "instances" : 1,
    "memory" : "256M",
    "no-route" : true,
    "no-start" : true,
    "protocol" : "https",
    "tasks" : [ {
      "command" : "npm start",
      "memory" : "256M",
      "name" : "deploy"
    } ]
  },
  "requiredDependencies" : [ {
    "majorSchemaVersion" : 3,
    "name" : "WorkSync-db",
    "properties" : { },
    "parameters" : { },
    "propertiesMetadata" : {
      "metadata" : { }
    },
    "parametersMetadata" : {
      "metadata" : { }
    }
  } ],
  "providedDependencies" : [ {
    "majorSchemaVersion" : 3,
    "name" : "worksync-db-deployer",
    "isPublic" : false,
    "properties" : { },
    "parameters" : { },
    "propertiesMetadata" : {
      "metadata" : { }
    },
    "parametersMetadata" : {
      "metadata" : { }
    }
  } ],
  "propertiesMetadata" : {
    "metadata" : { }
  },
  "parametersMetadata" : {
    "metadata" : { }
  },
  "deployedAfter" : [ ],
  "hooks" : [ ]
}, {
  "majorSchemaVersion" : 3,
  "name" : "worksync-app-content",
  "type" : "com.sap.application.content",
  "path" : "worksync-app-content",
  "properties" : { },
  "parameters" : {
    "app-name" : "worksync-app-content",
    "default-app-name" : "worksync-app-content",
    "default-host" : "9b59819ctrial-dev-worksync-app-content",
    "default-instances" : 1,
    "default-live-app-name" : "worksync-app-content",
    "default-live-domain" : "cfapps.us10-001.hana.ondemand.com",
    "default-live-host" : "9b59819ctrial-dev-worksync-app-content",
    "default-live-uri" : "9b59819ctrial-dev-worksync-app-content.cfapps.us10-001.hana.ondemand.com",
    "default-live-url" : "https://9b59819ctrial-dev-worksync-app-content.cfapps.us10-001.hana.ondemand.com",
    "default-uri" : "9b59819ctrial-dev-worksync-app-content.cfapps.us10-001.hana.ondemand.com",
    "default-url" : "https://9b59819ctrial-dev-worksync-app-content.cfapps.us10-001.hana.ondemand.com",
    "dependency-type" : "soft",
    "domain" : "cfapps.us10-001.hana.ondemand.com",
    "generated-password" : "********",
    "generated-user" : "********",
    "host" : "9b59819ctrial-dev-worksync-app-content",
    "instances" : 1,
    "protocol" : "https"
  },
  "requiredDependencies" : [ {
    "majorSchemaVersion" : 3,
    "name" : "worksync_html_repo_host",
    "properties" : { },
    "parameters" : {
      "content-target" : true
    },
    "propertiesMetadata" : {
      "metadata" : { }
    },
    "parametersMetadata" : {
      "metadata" : { }
    }
  }, {
    "majorSchemaVersion" : 3,
    "name" : "uaa_worksync",
    "properties" : { },
    "parameters" : { },
    "propertiesMetadata" : {
      "metadata" : { }
    },
    "parametersMetadata" : {
      "metadata" : { }
    }
  } ],
  "providedDependencies" : [ {
    "majorSchemaVersion" : 3,
    "name" : "worksync-app-content",
    "isPublic" : false,
    "properties" : { },
    "parameters" : { },
    "propertiesMetadata" : {
      "metadata" : { }
    },
    "parametersMetadata" : {
      "metadata" : { }
    }
  } ],
  "propertiesMetadata" : {
    "metadata" : { }
  },
  "parametersMetadata" : {
    "metadata" : { }
  },
  "deployedAfter" : [ ],
  "hooks" : [ ]
} ]#
#2026 07 08 19:18:04.824#Z#DEBUG#b2605f0d-7b01-11f1-81cb-eeee0a93546a.OPERATION#flowable-async-job-executor-thread-4358#
Step "Compute Next Modules To Deploy" finished#
#2026 07 08 19:18:04.986#Z#DEBUG#b2605f0d-7b01-11f1-81cb-eeee0a93546a.OPERATION#flowable-async-job-executor-thread-4351#
[BuildContentDeploymentConfigurationStep] Executing task "buildContentDeploymentConfigurationTask" of process "bea739fd-7b01-11f1-92f5-eeee0a8a904b"...#
#2026 07 08 19:18:04.992#Z#DEBUG#b2605f0d-7b01-11f1-81cb-eeee0a93546a.OPERATION#ForkJoinPool-51-worker-1#
[BuildContentDeploymentConfigurationStep] Getting service key "worksync-destination-content-worksync-destination-service-credentials" for service instance "worksync-destination-service"...#
#2026 07 08 19:18:04.992#Z#DEBUG#b2605f0d-7b01-11f1-81cb-eeee0a93546a.OPERATION#ForkJoinPool-51-worker-2#
[BuildContentDeploymentConfigurationStep] Getting service key "worksync_html_repo_host-key" for service instance "worksync-html5-app-host-service"...#
#2026 07 08 19:18:04.993#Z#DEBUG#b2605f0d-7b01-11f1-81cb-eeee0a93546a.OPERATION#ForkJoinPool-51-worker-3#
[BuildContentDeploymentConfigurationStep] Getting service key "uaa_worksync-key" for service instance "worksync-xsuaa-service"...#
#2026 07 08 19:18:05.190#Z#INFO#b2605f0d-7b01-11f1-81cb-eeee0a93546a.OPERATION#ForkJoinPool-51-worker-2#
[BuildContentDeploymentConfigurationStep] Service key "worksync_html_repo_host-key" for service "worksync-html5-app-host-service" already exists#
#2026 07 08 19:18:05.206#Z#INFO#b2605f0d-7b01-11f1-81cb-eeee0a93546a.OPERATION#ForkJoinPool-51-worker-1#
[BuildContentDeploymentConfigurationStep] Service key "worksync-destination-content-worksync-destination-service-credentials" for service "worksync-destination-service" already exists#
#2026 07 08 19:18:05.222#Z#INFO#b2605f0d-7b01-11f1-81cb-eeee0a93546a.OPERATION#ForkJoinPool-51-worker-3#
[BuildContentDeploymentConfigurationStep] Service key "uaa_worksync-key" for service "worksync-xsuaa-service" already exists#
#2026 07 08 19:18:05.228#Z#DEBUG#b2605f0d-7b01-11f1-81cb-eeee0a93546a.OPERATION#flowable-async-job-executor-thread-4351#
Step "Build Content Deployment Configuration" finished#
#2026 07 08 19:18:05.232#Z#DEBUG#b2605f0d-7b01-11f1-81cb-eeee0a93546a.OPERATION#flowable-async-job-executor-thread-4351#
[CreateContentDeployClientConfigurationStep] Executing task "createContentDeployClientConfigurationTask" of process "bed994b3-7b01-11f1-92f5-eeee0a8a904b"...#
#2026 07 08 19:18:05.233#Z#DEBUG#b2605f0d-7b01-11f1-81cb-eeee0a93546a.OPERATION#flowable-async-job-executor-thread-4351#
[CreateContentDeployClientConfigurationStep] Content deployer client configuration: {
  "contentDeployerUrl" : "https://destination-configuration.cfapps.us10.hana.ondemand.com/destination-configuration/gacd",
  "uaaClientConfiguration" : {
    "url" : "********",
    "credentials" : "********",
    "authenticationStrategyType" : "********"
  },
  "httpRequestHeaders" : {
    "X-CorrelationID" : "b2605f0d-7b01-11f1-81cb-eeee0a93546a"
  },
  "spaceId" : "9d9ae667-474a-401a-a823-a8535a92fd3f",
  "serviceName" : "worksync-destination-service"
}#
#2026 07 08 19:18:05.444#Z#DEBUG#b2605f0d-7b01-11f1-81cb-eeee0a93546a.OPERATION#flowable-async-job-executor-thread-4351#
Step "Create Content Deploy Client Configuration" finished#
#2026 07 08 19:18:05.447#Z#DEBUG#b2605f0d-7b01-11f1-81cb-eeee0a93546a.OPERATION#flowable-async-job-executor-thread-4351#
[GetContentFromDeploymentDescriptorStep] Executing task "getContentFromDeploymentDescriptorTask" of process "bed994b3-7b01-11f1-92f5-eeee0a8a904b"...#
#2026 07 08 19:18:05.447#Z#DEBUG#b2605f0d-7b01-11f1-81cb-eeee0a93546a.OPERATION#flowable-async-job-executor-thread-4351#
[GetContentFromDeploymentDescriptorStep] Content for module: "worksync-destination-content" is: "{
  "id" : "47b32780-e683-42ea-b9c9-ae5fbfbee02f",
  "contentType" : "EMBEDDED",
  "content" : {
    "instance" : {
      "destinations" : [ {
        "Name" : "worksync_approuter_worksync_html_repo_host",
        "ServiceInstanceName" : "worksync-html5-app-host-service",
        "ServiceKeyName" : "********",
        "sap.cloud.service" : "worksync-approuter"
      }, {
        "Authentication" : "********",
        "Name" : "worksync_approuter_uaa_worksync",
        "ServiceInstanceName" : "worksync-xsuaa-service",
        "ServiceKeyName" : "********",
        "sap.cloud.service" : "worksync-approuter"
      } ],
      "existing_destinations_policy" : "ignore"
    }
  }
}"#
#2026 07 08 19:18:05.447#Z#DEBUG#b2605f0d-7b01-11f1-81cb-eeee0a93546a.OPERATION#flowable-async-job-executor-thread-4351#
Step "Get Content From Deployment Descriptor" finished#
#2026 07 08 19:18:05.449#Z#DEBUG#b2605f0d-7b01-11f1-81cb-eeee0a93546a.OPERATION#flowable-async-job-executor-thread-4351#
[SynchronousContentDeployStep] Executing task "synchronousContentDeployTask" of process "bed994b3-7b01-11f1-92f5-eeee0a8a904b"...#
#2026 07 08 19:18:05.449#Z#INFO#b2605f0d-7b01-11f1-81cb-eeee0a93546a.OPERATION#flowable-async-job-executor-thread-4351#
[SynchronousContentDeployStep] Deploying content module "worksync-destination-content" in target service "worksync-destination-service"...#
#2026 07 08 19:18:05.675#Z#DEBUG#b2605f0d-7b01-11f1-81cb-eeee0a93546a.OPERATION#flowable-async-job-executor-thread-4351#
[SynchronousContentDeployStep] Processing inline content upload for module: worksync-destination-content#
#2026 07 08 19:18:06.023#Z#DEBUG#b2605f0d-7b01-11f1-81cb-eeee0a93546a.OPERATION#flowable-async-job-executor-thread-4351#
Step "Synchronous Deploy" finished#
#2026 07 08 19:18:07.699#Z#DEBUG#b2605f0d-7b01-11f1-81cb-eeee0a93546a.OPERATION#flowable-async-job-executor-thread-4359#
[ProcessDescriptorStep] Executing task "reprocessDescriptorTask" of process "c0458077-7b01-11f1-92f5-eeee0a8a904b"...#
#2026 07 08 19:18:07.700#Z#DEBUG#b2605f0d-7b01-11f1-81cb-eeee0a93546a.OPERATION#flowable-async-job-executor-thread-4359#
[ProcessDescriptorStep] Resolving properties and parameters in merged descriptor...#
#2026 07 08 19:18:07.703#Z#DEBUG#b2605f0d-7b01-11f1-81cb-eeee0a93546a.OPERATION#flowable-async-job-executor-thread-4359#
[ProcessDescriptorStep] Subscriptions: [ ]#
#2026 07 08 19:18:07.709#Z#DEBUG#b2605f0d-7b01-11f1-81cb-eeee0a93546a.OPERATION#flowable-async-job-executor-thread-4359#
[ProcessDescriptorStep] MTA modules: [worksync-destination-content, worksync-srv, worksync-db-deployer, worksync-app-content]#
#2026 07 08 19:18:07.712#Z#DEBUG#b2605f0d-7b01-11f1-81cb-eeee0a93546a.OPERATION#flowable-async-job-executor-thread-4359#
[ProcessDescriptorStep] Resolved deployment descriptor: {
  "majorSchemaVersion" : 3,
  "schemaVersion" : "3.3.0",
  "id" : "worksync",
  "version" : "1.0.2",
  "modules" : [ {
    "majorSchemaVersion" : 3,
    "name" : "worksync-srv",
    "type" : "javascript.nodejs",
    "path" : "worksync-srv",
    "properties" : { },
    "parameters" : {
      "default-url" : "https://9b59819ctrial-dev-worksync-srv.cfapps.us10-001.hana.ondemand.com",
      "default-app-name" : "worksync-srv",
      "generated-password" : "********",
      "default-live-url" : "https://9b59819ctrial-dev-worksync-srv.cfapps.us10-001.hana.ondemand.com",
      "default-uri" : "9b59819ctrial-dev-worksync-srv.cfapps.us10-001.hana.ondemand.com",
      "default-instances" : 1,
      "default-live-host" : "9b59819ctrial-dev-worksync-srv",
      "instances" : 1,
      "buildpack" : "nodejs_buildpack",
      "default-host" : "9b59819ctrial-dev-worksync-srv",
      "app-name" : "worksync-srv",
      "default-live-uri" : "9b59819ctrial-dev-worksync-srv.cfapps.us10-001.hana.ondemand.com",
      "protocol" : "https",
      "default-live-app-name" : "worksync-srv",
      "default-live-domain" : "cfapps.us10-001.hana.ondemand.com",
      "domain" : "cfapps.us10-001.hana.ondemand.com",
      "host" : "9b59819ctrial-dev-worksync-srv",
      "generated-user" : "********"
    },
    "requiredDependencies" : [ {
      "majorSchemaVersion" : 3,
      "name" : "uaa_worksync",
      "properties" : { },
      "parameters" : { },
      "propertiesMetadata" : {
        "metadata" : { }
      },
      "parametersMetadata" : {
        "metadata" : { }
      }
    }, {
      "majorSchemaVersion" : 3,
      "name" : "WorkSync-db",
      "properties" : { },
      "parameters" : { },
      "propertiesMetadata" : {
        "metadata" : { }
      },
      "parametersMetadata" : {
        "metadata" : { }
      }
    }, {
      "majorSchemaVersion" : 3,
      "name" : "worksync-destination-service",
      "properties" : { },
      "parameters" : { },
      "propertiesMetadata" : {
        "metadata" : { }
      },
      "parametersMetadata" : {
        "metadata" : { }
      }
    } ],
    "providedDependencies" : [ {
      "majorSchemaVersion" : 3,
      "name" : "srv-api",
      "isPublic" : false,
      "properties" : {
        "srv-url" : "https://9b59819ctrial-dev-worksync-srv.cfapps.us10-001.hana.ondemand.com"
      },
      "parameters" : { },
      "propertiesMetadata" : {
        "metadata" : { }
      },
      "parametersMetadata" : {
        "metadata" : { }
      }
    }, {
      "majorSchemaVersion" : 3,
      "name" : "worksync-srv",
      "isPublic" : false,
      "properties" : { },
      "parameters" : { },
      "propertiesMetadata" : {
        "metadata" : { }
      },
      "parametersMetadata" : {
        "metadata" : { }
      }
    } ],
    "propertiesMetadata" : {
      "metadata" : { }
    },
    "parametersMetadata" : {
      "metadata" : { }
    },
    "hooks" : [ ]
  }, {
    "majorSchemaVersion" : 3,
    "name" : "worksync-destination-content",
    "type" : "com.sap.application.content",
    "properties" : { },
    "parameters" : {
      "default-url" : "https://9b59819ctrial-dev-worksync-destination-content.cfapps.us10-001.hana.ondemand.com",
      "default-app-name" : "worksync-destination-content",
      "generated-password" : "********",
      "default-live-url" : "https://9b59819ctrial-dev-worksync-destination-content.cfapps.us10-001.hana.ondemand.com",
      "default-uri" : "9b59819ctrial-dev-worksync-destination-content.cfapps.us10-001.hana.ondemand.com",
      "default-instances" : 1,
      "default-live-host" : "9b59819ctrial-dev-worksync-destination-content",
      "instances" : 1,
      "default-host" : "9b59819ctrial-dev-worksync-destination-content",
      "content" : {
        "instance" : {
          "destinations" : [ {
            "Name" : "worksync_approuter_worksync_html_repo_host",
            "ServiceInstanceName" : "worksync-html5-app-host-service",
            "ServiceKeyName" : "********",
            "sap.cloud.service" : "worksync-approuter"
          }, {
            "Authentication" : "********",
            "Name" : "worksync_approuter_uaa_worksync",
            "ServiceInstanceName" : "worksync-xsuaa-service",
            "ServiceKeyName" : "********",
            "sap.cloud.service" : "worksync-approuter"
          } ],
          "existing_destinations_policy" : "ignore"
        }
      },
      "app-name" : "worksync-destination-content",
      "default-live-uri" : "9b59819ctrial-dev-worksync-destination-content.cfapps.us10-001.hana.ondemand.com",
      "protocol" : "https",
      "default-live-app-name" : "worksync-destination-content",
      "default-live-domain" : "cfapps.us10-001.hana.ondemand.com",
      "domain" : "cfapps.us10-001.hana.ondemand.com",
      "host" : "9b59819ctrial-dev-worksync-destination-content",
      "generated-user" : "********"
    },
    "requiredDependencies" : [ {
      "majorSchemaVersion" : 3,
      "name" : "worksync-destination-service",
      "properties" : { },
      "parameters" : {
        "content-target" : true
      },
      "propertiesMetadata" : {
        "metadata" : { }
      },
      "parametersMetadata" : {
        "metadata" : { }
      }
    }, {
      "majorSchemaVersion" : 3,
      "name" : "worksync_html_repo_host",
      "properties" : { },
      "parameters" : {
        "service-key" : "********"
      },
      "propertiesMetadata" : {
        "metadata" : { }
      },
      "parametersMetadata" : {
        "metadata" : { }
      }
    }, {
      "majorSchemaVersion" : 3,
      "name" : "uaa_worksync",
      "properties" : { },
      "parameters" : {
        "service-key" : "********"
      },
      "propertiesMetadata" : {
        "metadata" : { }
      },
      "parametersMetadata" : {
        "metadata" : { }
      }
    } ],
    "providedDependencies" : [ {
      "majorSchemaVersion" : 3,
      "name" : "worksync-destination-content",
      "isPublic" : false,
      "properties" : { },
      "parameters" : { },
      "propertiesMetadata" : {
        "metadata" : { }
      },
      "parametersMetadata" : {
        "metadata" : { }
      }
    } ],
    "propertiesMetadata" : {
      "metadata" : { }
    },
    "parametersMetadata" : {
      "metadata" : { }
    },
    "hooks" : [ ]
  }, {
    "majorSchemaVersion" : 3,
    "name" : "worksync-db-deployer",
    "type" : "com.sap.xs.hdi",
    "path" : "worksync-db-deployer",
    "properties" : {
      "EXIT" : 1
    },
    "parameters" : {
      "default-url" : "https://9b59819ctrial-dev-worksync-db-deployer.cfapps.us10-001.hana.ondemand.com",
      "default-app-name" : "worksync-db-deployer",
      "generated-password" : "********",
      "default-live-url" : "https://9b59819ctrial-dev-worksync-db-deployer.cfapps.us10-001.hana.ondemand.com",
      "default-uri" : "9b59819ctrial-dev-worksync-db-deployer.cfapps.us10-001.hana.ondemand.com",
      "memory" : "256M",
      "default-instances" : 1,
      "no-route" : true,
      "default-live-host" : "9b59819ctrial-dev-worksync-db-deployer",
      "instances" : 1,
      "buildpack" : "nodejs_buildpack",
      "default-host" : "9b59819ctrial-dev-worksync-db-deployer",
      "app-name" : "worksync-db-deployer",
      "default-live-uri" : "9b59819ctrial-dev-worksync-db-deployer.cfapps.us10-001.hana.ondemand.com",
      "protocol" : "https",
      "default-live-app-name" : "worksync-db-deployer",
      "default-live-domain" : "cfapps.us10-001.hana.ondemand.com",
      "dependency-type" : "hard",
      "domain" : "cfapps.us10-001.hana.ondemand.com",
      "host" : "9b59819ctrial-dev-worksync-db-deployer",
      "generated-user" : "********",
      "tasks" : [ {
        "command" : "npm start",
        "memory" : "256M",
        "name" : "deploy"
      } ],
      "no-start" : true
    },
    "requiredDependencies" : [ {
      "majorSchemaVersion" : 3,
      "name" : "WorkSync-db",
      "properties" : { },
      "parameters" : { },
      "propertiesMetadata" : {
        "metadata" : { }
      },
      "parametersMetadata" : {
        "metadata" : { }
      }
    } ],
    "providedDependencies" : [ {
      "majorSchemaVersion" : 3,
      "name" : "worksync-db-deployer",
      "isPublic" : false,
      "properties" : { },
      "parameters" : { },
      "propertiesMetadata" : {
        "metadata" : { }
      },
      "parametersMetadata" : {
        "metadata" : { }
      }
    } ],
    "propertiesMetadata" : {
      "metadata" : { }
    },
    "parametersMetadata" : {
      "metadata" : { }
    },
    "hooks" : [ ]
  }, {
    "majorSchemaVersion" : 3,
    "name" : "worksync-app-content",
    "type" : "com.sap.application.content",
    "path" : "worksync-app-content",
    "properties" : { },
    "parameters" : {
      "default-url" : "https://9b59819ctrial-dev-worksync-app-content.cfapps.us10-001.hana.ondemand.com",
      "default-app-name" : "worksync-app-content",
      "generated-password" : "********",
      "default-live-url" : "https://9b59819ctrial-dev-worksync-app-content.cfapps.us10-001.hana.ondemand.com",
      "default-uri" : "9b59819ctrial-dev-worksync-app-content.cfapps.us10-001.hana.ondemand.com",
      "default-instances" : 1,
      "default-live-host" : "9b59819ctrial-dev-worksync-app-content",
      "instances" : 1,
      "default-host" : "9b59819ctrial-dev-worksync-app-content",
      "app-name" : "worksync-app-content",
      "default-live-uri" : "9b59819ctrial-dev-worksync-app-content.cfapps.us10-001.hana.ondemand.com",
      "protocol" : "https",
      "default-live-app-name" : "worksync-app-content",
      "default-live-domain" : "cfapps.us10-001.hana.ondemand.com",
      "domain" : "cfapps.us10-001.hana.ondemand.com",
      "host" : "9b59819ctrial-dev-worksync-app-content",
      "generated-user" : "********"
    },
    "requiredDependencies" : [ {
      "majorSchemaVersion" : 3,
      "name" : "worksync_html_repo_host",
      "properties" : { },
      "parameters" : {
        "content-target" : true
      },
      "propertiesMetadata" : {
        "metadata" : { }
      },
      "parametersMetadata" : {
        "metadata" : { }
      }
    }, {
      "majorSchemaVersion" : 3,
      "name" : "uaa_worksync",
      "properties" : { },
      "parameters" : { },
      "propertiesMetadata" : {
        "metadata" : { }
      },
      "parametersMetadata" : {
        "metadata" : { }
      }
    } ],
    "providedDependencies" : [ {
      "majorSchemaVersion" : 3,
      "name" : "worksync-app-content",
      "isPublic" : false,
      "properties" : { },
      "parameters" : { },
      "propertiesMetadata" : {
        "metadata" : { }
      },
      "parametersMetadata" : {
        "metadata" : { }
      }
    } ],
    "propertiesMetadata" : {
      "metadata" : { }
    },
    "parametersMetadata" : {
      "metadata" : { }
    },
    "hooks" : [ ]
  } ],
  "resources" : [ {
    "majorSchemaVersion" : 3,
    "name" : "worksync-destination-service",
    "type" : "org.cloudfoundry.managed-service",
    "properties" : { },
    "parameters" : {
      "generated-password" : "********",
      "service-name" : "worksync-destination-service",
      "service-plan" : "lite",
      "service" : "destination",
      "generated-user" : "********",
      "default-xsappname" : "worksync-destination-service",
      "type" : "managed-service",
      "config" : {
        "HTML5Runtime_enabled" : true,
        "init_data" : {
          "instance" : {
            "destinations" : [ {
              "Authentication" : "********",
              "Name" : "ui5",
              "ProxyType" : "Internet",
              "Type" : "HTTP",
              "URL" : "https://ui5.sap.com"
            }, {
              "Authentication" : "********",
              "Name" : "ui5-lib",
              "ProxyType" : "Internet",
              "Type" : "HTTP",
              "URL" : "https://ui5.sap.com"
            }, {
              "Authentication" : "********",
              "HTML5.DynamicDestination" : true,
              "HTML5.ForwardAuthToken" : "********",
              "Name" : "srv-api",
              "ProxyType" : "Internet",
              "Type" : "HTTP",
              "URL" : "https://9b59819ctrial-dev-worksync-srv.cfapps.us10-001.hana.ondemand.com"
            } ],
            "existing_destinations_policy" : "update"
          }
        },
        "version" : "1.0.2"
      },
      "default-service-name" : "worksync-destination-service",
      "default-container-name" : "9B59819CTRIAL_DEV_WORKSYNC_DESTINATION_SERVICE"
    },
    "isActive" : true,
    "isOptional" : false,
    "propertiesMetadata" : {
      "metadata" : { }
    },
    "parametersMetadata" : {
      "metadata" : { }
    },
    "requiredDependencies" : [ {
      "majorSchemaVersion" : 3,
      "name" : "srv-api",
      "properties" : { },
      "parameters" : { },
      "propertiesMetadata" : {
        "metadata" : { }
      },
      "parametersMetadata" : {
        "metadata" : { }
      }
    } ],
    "processedAfter" : [ ]
  }, {
    "majorSchemaVersion" : 3,
    "name" : "worksync_html_repo_host",
    "type" : "org.cloudfoundry.managed-service",
    "properties" : { },
    "parameters" : {
      "generated-password" : "********",
      "service-name" : "worksync-html5-app-host-service",
      "service-plan" : "app-host",
      "service" : "html5-apps-repo",
      "generated-user" : "********",
      "default-xsappname" : "worksync_html_repo_host",
      "type" : "managed-service",
      "default-service-name" : "worksync_html_repo_host",
      "default-container-name" : "9B59819CTRIAL_DEV_WORKSYNC_HTML_REPO_HOST"
    },
    "isActive" : true,
    "isOptional" : false,
    "propertiesMetadata" : {
      "metadata" : { }
    },
    "parametersMetadata" : {
      "metadata" : { }
    },
    "requiredDependencies" : [ ],
    "processedAfter" : [ ]
  }, {
    "majorSchemaVersion" : 3,
    "name" : "uaa_worksync",
    "type" : "org.cloudfoundry.managed-service",
    "properties" : { },
    "parameters" : {
      "generated-password" : "********",
      "path" : "./xs-security.json",
      "service-name" : "worksync-xsuaa-service",
      "service-plan" : "application",
      "service" : "xsuaa",
      "generated-user" : "********",
      "default-xsappname" : "uaa_worksync",
      "type" : "managed-service",
      "config" : {
        "oauth2-configuration" : "********",
        "tenant-mode" : "dedicated",
        "xsappname" : "worksync-9b59819ctrial-dev"
      },
      "default-service-name" : "uaa_worksync",
      "default-container-name" : "9B59819CTRIAL_DEV_UAA_WORKSYNC"
    },
    "isActive" : true,
    "isOptional" : false,
    "propertiesMetadata" : {
      "metadata" : { }
    },
    "parametersMetadata" : {
      "metadata" : { }
    },
    "requiredDependencies" : [ ],
    "processedAfter" : [ ]
  }, {
    "majorSchemaVersion" : 3,
    "name" : "WorkSync-db",
    "type" : "com.sap.xs.hdi-container",
    "properties" : {
      "hdi-container-name" : "WorkSync-db"
    },
    "parameters" : {
      "generated-password" : "********",
      "service-name" : "WorkSync-db",
      "service-plan" : "hdi-shared",
      "service" : "hana",
      "generated-user" : "********",
      "default-xsappname" : "WorkSync-db",
      "type" : "managed-service",
      "default-service-name" : "WorkSync-db",
      "default-container-name" : "9B59819CTRIAL_DEV_WORKSYNC_DB"
    },
    "isActive" : true,
    "isOptional" : false,
    "propertiesMetadata" : {
      "metadata" : { }
    },
    "parametersMetadata" : {
      "metadata" : { }
    },
    "requiredDependencies" : [ ],
    "processedAfter" : [ ]
  } ],
  "parameters" : {
    "deploy_mode" : "html5-repo",
    "mta-id" : "worksync",
    "authorization-url" : "********",
    "org-guid" : "e8b53b4b-34f6-4399-9bc8-055746a912f4",
    "org" : "9b59819ctrial",
    "deploy-target" : "9b59819ctrial dev",
    "enable-parallel-deployments" : true,
    "region-primary-domain" : "us10.hana.ondemand.com",
    "space" : "dev",
    "region-domain" : "us10-001.hana.ondemand.com",
    "xs-api-url" : "https://api.cf.us10-001.hana.ondemand.com",
    "deploy-url" : "deploy-service.cfapps.us10-001.hana.ondemand.com",
    "xs-type" : "CF",
    "default-domain" : "cfapps.us10-001.hana.ondemand.com",
    "mta-version" : "1.0.2",
    "xs-auth-url" : "********",
    "space-guid" : "9d9ae667-474a-401a-a823-a8535a92fd3f",
    "user" : "********",
    "controller-url" : "https://api.cf.us10-001.hana.ondemand.com",
    "timestamp" : "20260708191744"
  },
  "parametersMetadata" : {
    "metadata" : { }
  }
}#
#2026 07 08 19:18:07.712#Z#DEBUG#b2605f0d-7b01-11f1-81cb-eeee0a93546a.OPERATION#flowable-async-job-executor-thread-4359#
[ProcessDescriptorStep] Merged descriptor properties and parameters resolved#
#2026 07 08 19:18:07.712#Z#DEBUG#b2605f0d-7b01-11f1-81cb-eeee0a93546a.OPERATION#flowable-async-job-executor-thread-4359#
Step "Re-Process Descriptor Step" finished#
#2026 07 08 19:18:07.741#Z#DEBUG#b2605f0d-7b01-11f1-81cb-eeee0a93546a.OPERATION#flowable-async-job-executor-thread-4359#
[BuildApplicationDeployModelStep] Executing task "buildApplicationDeployModelTask" of process "c0458077-7b01-11f1-92f5-eeee0a8a904b"...#
#2026 07 08 19:18:07.744#Z#DEBUG#b2605f0d-7b01-11f1-81cb-eeee0a93546a.OPERATION#flowable-async-job-executor-thread-4359#
[BuildApplicationDeployModelStep] Building cloud deployment model for application "worksync-srv"...#
#2026 07 08 19:18:07.749#Z#DEBUG#b2605f0d-7b01-11f1-81cb-eeee0a93546a.OPERATION#flowable-async-job-executor-thread-4359#
[BuildApplicationDeployModelStep] No health-check-type is specified. Setting default type: port#
#2026 07 08 19:18:07.749#Z#INFO#b2605f0d-7b01-11f1-81cb-eeee0a93546a.OPERATION#flowable-async-job-executor-thread-4359#
[BuildApplicationDeployModelStep] Building configuration entries for org 9b59819ctrial, space dev, spaceId 9d9ae667-474a-401a-a823-a8535a92fd3f and namespace null!#
#2026 07 08 19:18:07.750#Z#DEBUG#b2605f0d-7b01-11f1-81cb-eeee0a93546a.OPERATION#flowable-async-job-executor-thread-4359#
[BuildApplicationDeployModelStep] Configuration entries to publish: [ ]#
#2026 07 08 19:18:07.750#Z#DEBUG#b2605f0d-7b01-11f1-81cb-eeee0a93546a.OPERATION#flowable-async-job-executor-thread-4359#
[BuildApplicationDeployModelStep] Cloud deployment model for application built#
#2026 07 08 19:18:07.750#Z#DEBUG#b2605f0d-7b01-11f1-81cb-eeee0a93546a.OPERATION#flowable-async-job-executor-thread-4359#
Step "Build Application Deploy Model" finished#
#2026 07 08 19:18:07.785#Z#DEBUG#b2605f0d-7b01-11f1-81cb-eeee0a93546a.OPERATION#flowable-async-job-executor-thread-4359#
[CreateOrUpdateAppStep] Executing task "createAppTask" of process "c0458077-7b01-11f1-92f5-eeee0a8a904b"...#
#2026 07 08 19:18:07.787#Z#DEBUG#b2605f0d-7b01-11f1-81cb-eeee0a93546a.OPERATION#flowable-async-job-executor-thread-4359#
[CreateOrUpdateAppStep] Getting application "worksync-srv"...#
#2026 07 08 19:18:07.836#Z#INFO#b2605f0d-7b01-11f1-81cb-eeee0a93546a.OPERATION#flowable-async-job-executor-thread-4359#
[CreateOrUpdateAppStep] Updating application "worksync-srv"...#
#2026 07 08 19:18:07.841#Z#DEBUG#b2605f0d-7b01-11f1-81cb-eeee0a93546a.OPERATION#flowable-async-job-executor-thread-4359#
[CreateOrUpdateAppStep] Getting process for application "62645462-e3c5-4e94-9a37-279b7c283ccd"...#
#2026 07 08 19:18:07.876#Z#DEBUG#b2605f0d-7b01-11f1-81cb-eeee0a93546a.OPERATION#flowable-async-job-executor-thread-4359#
[CreateOrUpdateAppStep] Getting routes for application "62645462-e3c5-4e94-9a37-279b7c283ccd"...#
#2026 07 08 19:18:07.907#Z#DEBUG#b2605f0d-7b01-11f1-81cb-eeee0a93546a.OPERATION#flowable-async-job-executor-thread-4359#
[CreateOrUpdateAppStep] Getting features for application "62645462-e3c5-4e94-9a37-279b7c283ccd"#
#2026 07 08 19:18:07.926#Z#DEBUG#b2605f0d-7b01-11f1-81cb-eeee0a93546a.OPERATION#flowable-async-job-executor-thread-4359#
[CreateOrUpdateAppStep] Updating staging of application "worksync-srv" to: {
  "buildpacks" : [ "nodejs_buildpack" ],
  "healthCheckType" : "port",
  "appFeatures" : { }
}#
#2026 07 08 19:18:08.106#Z#DEBUG#b2605f0d-7b01-11f1-81cb-eeee0a93546a.OPERATION#flowable-async-job-executor-thread-4359#
[CreateOrUpdateAppStep] Application "worksync-srv" updated#
#2026 07 08 19:18:08.106#Z#DEBUG#b2605f0d-7b01-11f1-81cb-eeee0a93546a.OPERATION#flowable-async-job-executor-thread-4359#
[CreateOrUpdateAppStep] Getting environment of application "62645462-e3c5-4e94-9a37-279b7c283ccd"...#
#2026 07 08 19:18:08.202#Z#DEBUG#b2605f0d-7b01-11f1-81cb-eeee0a93546a.OPERATION#flowable-async-job-executor-thread-4359#
[CreateOrUpdateAppStep] Application "worksync-srv" updated#
#2026 07 08 19:18:08.202#Z#DEBUG#b2605f0d-7b01-11f1-81cb-eeee0a93546a.OPERATION#flowable-async-job-executor-thread-4359#
Step "Create App" finished#
#2026 07 08 19:18:08.297#Z#DEBUG#b2605f0d-7b01-11f1-81cb-eeee0a93546a.OPERATION#flowable-async-job-executor-thread-4359#
[CheckServiceBindingOperationStep] Executing task "checkForServiceBindingOperationInProgress" of process "c0a6dab4-7b01-11f1-92f5-eeee0a8a904b"...#
#2026 07 08 19:18:08.297#Z#DEBUG#b2605f0d-7b01-11f1-81cb-eeee0a93546a.OPERATION#flowable-async-job-executor-thread-4359#
[CheckServiceBindingOperationStep] Checking for service binding operation in progress between app "worksync-srv" and service instance "worksync-xsuaa-service"#
#2026 07 08 19:18:08.298#Z#DEBUG#b2605f0d-7b01-11f1-81cb-eeee0a93546a.OPERATION#flowable-async-job-executor-thread-4359#
[CheckServiceBindingOperationStep] Getting application guid "worksync-srv"...#
#2026 07 08 19:18:08.331#Z#DEBUG#b2605f0d-7b01-11f1-81cb-eeee0a93546a.OPERATION#flowable-async-job-executor-thread-4359#
[CheckServiceBindingOperationStep] Getting GUID of required service instance "worksync-xsuaa-service"...#
#2026 07 08 19:18:08.362#Z#DEBUG#b2605f0d-7b01-11f1-81cb-eeee0a93546a.OPERATION#flowable-async-job-executor-thread-4359#
[CheckServiceBindingOperationStep] Getting binding of service instance "4654b212-5f65-4c4f-98d3-e6c9ea744b33" with application "62645462-e3c5-4e94-9a37-279b7c283ccd"...#
#2026 07 08 19:18:08.398#Z#DEBUG#b2605f0d-7b01-11f1-81cb-eeee0a93546a.OPERATION#flowable-async-job-executor-thread-4359#
[CheckServiceBindingOperationStep] Service binding operation "362ca90c-6af9-46a0-8264-cf000a4841bb" with type "create" is in state "succeeded"#
#2026 07 08 19:18:08.398#Z#DEBUG#b2605f0d-7b01-11f1-81cb-eeee0a93546a.OPERATION#flowable-async-job-executor-thread-4359#
Step "Check For Service Binding Operation In Progress" finished#
#2026 07 08 19:18:08.427#Z#DEBUG#b2605f0d-7b01-11f1-81cb-eeee0a93546a.OPERATION#flowable-async-job-executor-thread-4359#
[DetermineApplicationServiceBindingActionsStep] Executing task "determineApplicationServiceBindingActionsTask" of process "c0a6dab4-7b01-11f1-92f5-eeee0a8a904b"...#
#2026 07 08 19:18:08.428#Z#DEBUG#b2605f0d-7b01-11f1-81cb-eeee0a93546a.OPERATION#flowable-async-job-executor-thread-4359#
[DetermineApplicationServiceBindingActionsStep] Determine bind/unbind operations of application "worksync-srv" to service instance "worksync-xsuaa-service"#
#2026 07 08 19:18:08.428#Z#DEBUG#b2605f0d-7b01-11f1-81cb-eeee0a93546a.OPERATION#flowable-async-job-executor-thread-4359#
[DetermineApplicationServiceBindingActionsStep] Getting application "worksync-srv"...#
#2026 07 08 19:18:08.464#Z#DEBUG#b2605f0d-7b01-11f1-81cb-eeee0a93546a.OPERATION#flowable-async-job-executor-thread-4359#
[DetermineApplicationServiceBindingActionsStep] Binding parameters for application "worksync-srv": { }#
#2026 07 08 19:18:08.501#Z#DEBUG#b2605f0d-7b01-11f1-81cb-eeee0a93546a.OPERATION#flowable-async-job-executor-thread-4359#
[DetermineApplicationServiceBindingActionsStep] Check should rebind application "worksync-srv" and service instance "worksync-xsuaa-service"#
#2026 07 08 19:18:08.501#Z#DEBUG#b2605f0d-7b01-11f1-81cb-eeee0a93546a.OPERATION#flowable-async-job-executor-thread-4359#
[DetermineApplicationServiceBindingActionsStep] Getting GUID of required service instance "worksync-xsuaa-service"...#
#2026 07 08 19:18:08.545#Z#DEBUG#b2605f0d-7b01-11f1-81cb-eeee0a93546a.OPERATION#flowable-async-job-executor-thread-4359#
[DetermineApplicationServiceBindingActionsStep] Getting binding of service instance "4654b212-5f65-4c4f-98d3-e6c9ea744b33" with application "62645462-e3c5-4e94-9a37-279b7c283ccd"...#
#2026 07 08 19:18:08.583#Z#DEBUG#b2605f0d-7b01-11f1-81cb-eeee0a93546a.OPERATION#flowable-async-job-executor-thread-4359#
[DetermineApplicationServiceBindingActionsStep] Getting parameters of service binding "362ca90c-6af9-46a0-8264-cf000a4841bb"...#
#2026 07 08 19:18:08.616#Z#WARN#b2605f0d-7b01-11f1-81cb-eeee0a93546a.OPERATION#flowable-async-job-executor-thread-4359#
[DetermineApplicationServiceBindingActionsStep] Cannot retrieve parameters of binding between application "worksync-srv" and service instance "worksync-xsuaa-service"#
#2026 07 08 19:18:08.617#Z#DEBUG#b2605f0d-7b01-11f1-81cb-eeee0a93546a.OPERATION#flowable-async-job-executor-thread-4359#
[DetermineApplicationServiceBindingActionsStep] Calculated binding operations between application "worksync-srv" and service instance "worksync-xsuaa-service": unbind - true bind - true#
#2026 07 08 19:18:08.617#Z#DEBUG#b2605f0d-7b01-11f1-81cb-eeee0a93546a.OPERATION#flowable-async-job-executor-thread-4359#
Step "Determine Application Service Binding Actions" finished#
#2026 07 08 19:18:08.660#Z#DEBUG#b2605f0d-7b01-11f1-81cb-eeee0a93546a.OPERATION#flowable-async-job-executor-thread-4359#
[UnbindServiceFromApplicationStep] Executing task "unbindServiceFromApplicationTask" of process "c0a6dab4-7b01-11f1-92f5-eeee0a8a904b"...#
#2026 07 08 19:18:08.662#Z#INFO#b2605f0d-7b01-11f1-81cb-eeee0a93546a.OPERATION#flowable-async-job-executor-thread-4359#
[UnbindServiceFromApplicationStep] Unbinding service instance "worksync-xsuaa-service" from application "worksync-srv"...#
#2026 07 08 19:18:08.667#Z#DEBUG#b2605f0d-7b01-11f1-81cb-eeee0a93546a.OPERATION#flowable-async-job-executor-thread-4359#
[UnbindServiceFromApplicationStep] Unbinding application "worksync-srv" from service instance "worksync-xsuaa-service"...#
#2026 07 08 19:18:08.825#Z#DEBUG#b2605f0d-7b01-11f1-81cb-eeee0a93546a.OPERATION#flowable-async-job-executor-thread-4359#
Step "Unbind Service from Application" finished#
#2026 07 08 19:18:10.663#Z#DEBUG#b2605f0d-7b01-11f1-81cb-eeee0a93546a.OPERATION#flowable-async-job-executor-thread-5531#
[CheckServiceBindingOperationStep] Executing task "checkForServiceBindingOperationInProgress" of process "c20f1c9b-7b01-11f1-81cb-eeee0a93546a"...#
#2026 07 08 19:18:10.663#Z#DEBUG#b2605f0d-7b01-11f1-81cb-eeee0a93546a.OPERATION#flowable-async-job-executor-thread-5531#
[CheckServiceBindingOperationStep] Checking for service binding operation in progress between app "worksync-srv" and service instance "WorkSync-db"#
#2026 07 08 19:18:10.664#Z#DEBUG#b2605f0d-7b01-11f1-81cb-eeee0a93546a.OPERATION#flowable-async-job-executor-thread-5531#
[CheckServiceBindingOperationStep] Getting application guid "worksync-srv"...#
#2026 07 08 19:18:10.696#Z#DEBUG#b2605f0d-7b01-11f1-81cb-eeee0a93546a.OPERATION#flowable-async-job-executor-thread-5531#
[CheckServiceBindingOperationStep] Getting GUID of required service instance "WorkSync-db"...#
#2026 07 08 19:18:10.728#Z#DEBUG#b2605f0d-7b01-11f1-81cb-eeee0a93546a.OPERATION#flowable-async-job-executor-thread-5531#
[CheckServiceBindingOperationStep] Getting binding of service instance "278a30d4-fa6c-4ebb-ba1a-d560282378f7" with application "62645462-e3c5-4e94-9a37-279b7c283ccd"...#
#2026 07 08 19:18:10.763#Z#DEBUG#b2605f0d-7b01-11f1-81cb-eeee0a93546a.OPERATION#flowable-async-job-executor-thread-5531#
[CheckServiceBindingOperationStep] Service binding operation "01c57a6b-b2e9-4c54-a637-995fcdd1cc3b" with type "create" is in state "succeeded"#
#2026 07 08 19:18:10.763#Z#DEBUG#b2605f0d-7b01-11f1-81cb-eeee0a93546a.OPERATION#flowable-async-job-executor-thread-5531#
Step "Check For Service Binding Operation In Progress" finished#
#2026 07 08 19:18:10.697#Z#DEBUG#b2605f0d-7b01-11f1-81cb-eeee0a93546a.OPERATION#flowable-async-job-executor-thread-5532#
[BuildContentDeploymentConfigurationStep] Executing task "buildContentDeploymentConfigurationTask" of process "c211401e-7b01-11f1-81cb-eeee0a93546a"...#
#2026 07 08 19:18:10.708#Z#DEBUG#b2605f0d-7b01-11f1-81cb-eeee0a93546a.OPERATION#ForkJoinPool-76-worker-1#
[BuildContentDeploymentConfigurationStep] Getting service key "worksync-app-content-uaa_worksync-credentials" for service instance "worksync-xsuaa-service"...#
#2026 07 08 19:18:10.708#Z#DEBUG#b2605f0d-7b01-11f1-81cb-eeee0a93546a.OPERATION#ForkJoinPool-76-worker-2#
[BuildContentDeploymentConfigurationStep] Getting service key "worksync-app-content-worksync_html_repo_host-credentials" for service instance "worksync-html5-app-host-service"...#
#2026 07 08 19:18:10.913#Z#INFO#b2605f0d-7b01-11f1-81cb-eeee0a93546a.OPERATION#ForkJoinPool-76-worker-2#
[BuildContentDeploymentConfigurationStep] Service key "worksync-app-content-worksync_html_repo_host-credentials" for service "worksync-html5-app-host-service" already exists#
#2026 07 08 19:18:10.924#Z#INFO#b2605f0d-7b01-11f1-81cb-eeee0a93546a.OPERATION#ForkJoinPool-76-worker-1#
[BuildContentDeploymentConfigurationStep] Service key "worksync-app-content-uaa_worksync-credentials" for service "worksync-xsuaa-service" already exists#
#2026 07 08 19:18:10.929#Z#DEBUG#b2605f0d-7b01-11f1-81cb-eeee0a93546a.OPERATION#flowable-async-job-executor-thread-5532#
Step "Build Content Deployment Configuration" finished#
#2026 07 08 19:18:10.932#Z#DEBUG#b2605f0d-7b01-11f1-81cb-eeee0a93546a.OPERATION#flowable-async-job-executor-thread-5532#
[CreateContentDeployClientConfigurationStep] Executing task "createContentDeployClientConfigurationTask" of process "c23f551e-7b01-11f1-81cb-eeee0a93546a"...#
#2026 07 08 19:18:10.933#Z#DEBUG#b2605f0d-7b01-11f1-81cb-eeee0a93546a.OPERATION#flowable-async-job-executor-thread-5532#
[CreateContentDeployClientConfigurationStep] Content deployer client configuration: {
  "contentDeployerUrl" : "https://html5-apps-repo-dt.cfapps.us10.hana.ondemand.com",
  "uaaClientConfiguration" : {
    "url" : "********",
    "credentials" : "********",
    "authenticationStrategyType" : "********"
  },
  "httpRequestHeaders" : {
    "X-CorrelationID" : "b2605f0d-7b01-11f1-81cb-eeee0a93546a"
  },
  "spaceId" : "9d9ae667-474a-401a-a823-a8535a92fd3f",
  "serviceName" : "worksync_html_repo_host"
}#
#2026 07 08 19:18:11.135#Z#DEBUG#b2605f0d-7b01-11f1-81cb-eeee0a93546a.OPERATION#flowable-async-job-executor-thread-5532#
Step "Create Content Deploy Client Configuration" finished#
#2026 07 08 19:18:11.136#Z#DEBUG#b2605f0d-7b01-11f1-81cb-eeee0a93546a.OPERATION#flowable-async-job-executor-thread-5532#
[GetContentFromDeploymentDescriptorStep] Executing task "getContentFromDeploymentDescriptorTask" of process "c23f551e-7b01-11f1-81cb-eeee0a93546a"...#
#2026 07 08 19:18:11.136#Z#DEBUG#b2605f0d-7b01-11f1-81cb-eeee0a93546a.OPERATION#flowable-async-job-executor-thread-5532#
Step "Get Content From Deployment Descriptor" finished#
#2026 07 08 19:18:10.801#Z#DEBUG#b2605f0d-7b01-11f1-81cb-eeee0a93546a.OPERATION#flowable-async-job-executor-thread-5533#
[DetermineApplicationServiceBindingActionsStep] Executing task "determineApplicationServiceBindingActionsTask" of process "c20f1c9b-7b01-11f1-81cb-eeee0a93546a"...#
#2026 07 08 19:18:10.805#Z#DEBUG#b2605f0d-7b01-11f1-81cb-eeee0a93546a.OPERATION#flowable-async-job-executor-thread-5533#
[DetermineApplicationServiceBindingActionsStep] Determine bind/unbind operations of application "worksync-srv" to service instance "WorkSync-db"#
#2026 07 08 19:18:10.805#Z#DEBUG#b2605f0d-7b01-11f1-81cb-eeee0a93546a.OPERATION#flowable-async-job-executor-thread-5533#
[DetermineApplicationServiceBindingActionsStep] Getting application "worksync-srv"...#
#2026 07 08 19:18:10.845#Z#DEBUG#b2605f0d-7b01-11f1-81cb-eeee0a93546a.OPERATION#flowable-async-job-executor-thread-5533#
[DetermineApplicationServiceBindingActionsStep] Binding parameters for application "worksync-srv": { }#
#2026 07 08 19:18:10.879#Z#DEBUG#b2605f0d-7b01-11f1-81cb-eeee0a93546a.OPERATION#flowable-async-job-executor-thread-5533#
[DetermineApplicationServiceBindingActionsStep] Check should rebind application "worksync-srv" and service instance "WorkSync-db"#
#2026 07 08 19:18:10.879#Z#DEBUG#b2605f0d-7b01-11f1-81cb-eeee0a93546a.OPERATION#flowable-async-job-executor-thread-5533#
[DetermineApplicationServiceBindingActionsStep] Getting GUID of required service instance "WorkSync-db"...#
#2026 07 08 19:18:10.908#Z#DEBUG#b2605f0d-7b01-11f1-81cb-eeee0a93546a.OPERATION#flowable-async-job-executor-thread-5533#
[DetermineApplicationServiceBindingActionsStep] Getting binding of service instance "278a30d4-fa6c-4ebb-ba1a-d560282378f7" with application "62645462-e3c5-4e94-9a37-279b7c283ccd"...#
#2026 07 08 19:18:10.941#Z#DEBUG#b2605f0d-7b01-11f1-81cb-eeee0a93546a.OPERATION#flowable-async-job-executor-thread-5533#
[DetermineApplicationServiceBindingActionsStep] Getting parameters of service binding "01c57a6b-b2e9-4c54-a637-995fcdd1cc3b"...#
#2026 07 08 19:18:11.132#Z#INFO#b2605f0d-7b01-11f1-81cb-eeee0a93546a.OPERATION#flowable-async-job-executor-thread-5533#
[DetermineApplicationServiceBindingActionsStep] Service instance "WorkSync-db" will not be rebound to application "worksync-srv" because the binding parameters are not modified#
#2026 07 08 19:18:11.136#Z#DEBUG#b2605f0d-7b01-11f1-81cb-eeee0a93546a.OPERATION#flowable-async-job-executor-thread-5533#
[DetermineApplicationServiceBindingActionsStep] Calculated binding operations between application "worksync-srv" and service instance "WorkSync-db": unbind - false bind - false#
#2026 07 08 19:18:11.136#Z#DEBUG#b2605f0d-7b01-11f1-81cb-eeee0a93546a.OPERATION#flowable-async-job-executor-thread-5533#
Step "Determine Application Service Binding Actions" finished#
#2026 07 08 19:18:11.137#Z#DEBUG#b2605f0d-7b01-11f1-81cb-eeee0a93546a.OPERATION#flowable-async-job-executor-thread-5532#
[UploadContentStep] Executing task "uploadContentTask" of process "c23f551e-7b01-11f1-81cb-eeee0a93546a"...#
#2026 07 08 19:18:11.137#Z#INFO#b2605f0d-7b01-11f1-81cb-eeee0a93546a.OPERATION#flowable-async-job-executor-thread-5532#
[UploadContentStep] Uploading content module "worksync-app-content" in target service "worksync_html_repo_host"...#
#2026 07 08 19:18:11.143#Z#DEBUG#b2605f0d-7b01-11f1-81cb-eeee0a93546a.OPERATION#flowable-async-job-executor-thread-5532#
[UploadContentStep] Uploading file "worksync-app-content/resources/data.zip" for content module "worksync-app-content" in service "worksync_html_repo_host"#
#2026 07 08 19:18:11.498#Z#INFO#b2605f0d-7b01-11f1-81cb-eeee0a93546a.OPERATION#flowable-async-job-executor-thread-5532#
[UploadContentStep] Content to deploy size: 107,174 in bytes#
#2026 07 08 19:18:12.652#Z#DEBUG#b2605f0d-7b01-11f1-81cb-eeee0a93546a.OPERATION#flowable-async-job-executor-thread-5532#
[UploadContentStep] Uploaded content: {
  "id" : "1d6709f9-9be1-448c-a197-2803528676b6",
  "name" : "content.zip",
  "contentType" : "FILE"
}#
#2026 07 08 19:18:12.653#Z#DEBUG#b2605f0d-7b01-11f1-81cb-eeee0a93546a.OPERATION#flowable-async-job-executor-thread-5532#
Step "Upload Content" finished#
#2026 07 08 19:18:12.655#Z#DEBUG#b2605f0d-7b01-11f1-81cb-eeee0a93546a.OPERATION#flowable-async-job-executor-thread-5532#
[StartContentDeployStep] Executing task "startContentDeployTask" of process "c23f551e-7b01-11f1-81cb-eeee0a93546a"...#
#2026 07 08 19:18:12.655#Z#INFO#b2605f0d-7b01-11f1-81cb-eeee0a93546a.OPERATION#flowable-async-job-executor-thread-5532#
[StartContentDeployStep] Deploying content module "worksync-app-content" in target service "worksync_html_repo_host"...#
#2026 07 08 19:18:12.968#Z#DEBUG#b2605f0d-7b01-11f1-81cb-eeee0a93546a.OPERATION#flowable-async-job-executor-thread-5532#
Step "Start Content Deploy" finished#
#2026 07 08 19:18:13.731#Z#DEBUG#b2605f0d-7b01-11f1-81cb-eeee0a93546a.OPERATION#flowable-async-job-executor-thread-4360#
[ProcessDescriptorStep] Executing task "reprocessDescriptorTask" of process "c3dd4df5-7b01-11f1-92f5-eeee0a8a904b"...#
#2026 07 08 19:18:13.732#Z#DEBUG#b2605f0d-7b01-11f1-81cb-eeee0a93546a.OPERATION#flowable-async-job-executor-thread-4360#
[ProcessDescriptorStep] Resolving properties and parameters in merged descriptor...#
#2026 07 08 19:18:13.737#Z#DEBUG#b2605f0d-7b01-11f1-81cb-eeee0a93546a.OPERATION#flowable-async-job-executor-thread-4360#
[ProcessDescriptorStep] Subscriptions: [ ]#
#2026 07 08 19:18:13.747#Z#DEBUG#b2605f0d-7b01-11f1-81cb-eeee0a93546a.OPERATION#flowable-async-job-executor-thread-4360#
[ProcessDescriptorStep] MTA modules: [worksync-destination-content, worksync-srv, worksync-db-deployer, worksync-app-content]#
#2026 07 08 19:18:13.751#Z#DEBUG#b2605f0d-7b01-11f1-81cb-eeee0a93546a.OPERATION#flowable-async-job-executor-thread-4360#
[ProcessDescriptorStep] Resolved deployment descriptor: {
  "majorSchemaVersion" : 3,
  "schemaVersion" : "3.3.0",
  "id" : "worksync",
  "version" : "1.0.2",
  "modules" : [ {
    "majorSchemaVersion" : 3,
    "name" : "worksync-srv",
    "type" : "javascript.nodejs",
    "path" : "worksync-srv",
    "properties" : { },
    "parameters" : {
      "default-url" : "https://9b59819ctrial-dev-worksync-srv.cfapps.us10-001.hana.ondemand.com",
      "default-app-name" : "worksync-srv",
      "generated-password" : "********",
      "default-live-url" : "https://9b59819ctrial-dev-worksync-srv.cfapps.us10-001.hana.ondemand.com",
      "default-uri" : "9b59819ctrial-dev-worksync-srv.cfapps.us10-001.hana.ondemand.com",
      "default-instances" : 1,
      "default-live-host" : "9b59819ctrial-dev-worksync-srv",
      "instances" : 1,
      "buildpack" : "nodejs_buildpack",
      "default-host" : "9b59819ctrial-dev-worksync-srv",
      "app-name" : "worksync-srv",
      "default-live-uri" : "9b59819ctrial-dev-worksync-srv.cfapps.us10-001.hana.ondemand.com",
      "protocol" : "https",
      "default-live-app-name" : "worksync-srv",
      "default-live-domain" : "cfapps.us10-001.hana.ondemand.com",
      "domain" : "cfapps.us10-001.hana.ondemand.com",
      "host" : "9b59819ctrial-dev-worksync-srv",
      "generated-user" : "********"
    },
    "requiredDependencies" : [ {
      "majorSchemaVersion" : 3,
      "name" : "uaa_worksync",
      "properties" : { },
      "parameters" : { },
      "propertiesMetadata" : {
        "metadata" : { }
      },
      "parametersMetadata" : {
        "metadata" : { }
      }
    }, {
      "majorSchemaVersion" : 3,
      "name" : "WorkSync-db",
      "properties" : { },
      "parameters" : { },
      "propertiesMetadata" : {
        "metadata" : { }
      },
      "parametersMetadata" : {
        "metadata" : { }
      }
    }, {
      "majorSchemaVersion" : 3,
      "name" : "worksync-destination-service",
      "properties" : { },
      "parameters" : { },
      "propertiesMetadata" : {
        "metadata" : { }
      },
      "parametersMetadata" : {
        "metadata" : { }
      }
    } ],
    "providedDependencies" : [ {
      "majorSchemaVersion" : 3,
      "name" : "srv-api",
      "isPublic" : false,
      "properties" : {
        "srv-url" : "https://9b59819ctrial-dev-worksync-srv.cfapps.us10-001.hana.ondemand.com"
      },
      "parameters" : { },
      "propertiesMetadata" : {
        "metadata" : { }
      },
      "parametersMetadata" : {
        "metadata" : { }
      }
    }, {
      "majorSchemaVersion" : 3,
      "name" : "worksync-srv",
      "isPublic" : false,
      "properties" : { },
      "parameters" : { },
      "propertiesMetadata" : {
        "metadata" : { }
      },
      "parametersMetadata" : {
        "metadata" : { }
      }
    } ],
    "propertiesMetadata" : {
      "metadata" : { }
    },
    "parametersMetadata" : {
      "metadata" : { }
    },
    "hooks" : [ ]
  }, {
    "majorSchemaVersion" : 3,
    "name" : "worksync-destination-content",
    "type" : "com.sap.application.content",
    "properties" : { },
    "parameters" : {
      "default-url" : "https://9b59819ctrial-dev-worksync-destination-content.cfapps.us10-001.hana.ondemand.com",
      "default-app-name" : "worksync-destination-content",
      "generated-password" : "********",
      "default-live-url" : "https://9b59819ctrial-dev-worksync-destination-content.cfapps.us10-001.hana.ondemand.com",
      "default-uri" : "9b59819ctrial-dev-worksync-destination-content.cfapps.us10-001.hana.ondemand.com",
      "default-instances" : 1,
      "default-live-host" : "9b59819ctrial-dev-worksync-destination-content",
      "instances" : 1,
      "default-host" : "9b59819ctrial-dev-worksync-destination-content",
      "content" : {
        "instance" : {
          "destinations" : [ {
            "Name" : "worksync_approuter_worksync_html_repo_host",
            "ServiceInstanceName" : "worksync-html5-app-host-service",
            "ServiceKeyName" : "********",
            "sap.cloud.service" : "worksync-approuter"
          }, {
            "Authentication" : "********",
            "Name" : "worksync_approuter_uaa_worksync",
            "ServiceInstanceName" : "worksync-xsuaa-service",
            "ServiceKeyName" : "********",
            "sap.cloud.service" : "worksync-approuter"
          } ],
          "existing_destinations_policy" : "ignore"
        }
      },
      "app-name" : "worksync-destination-content",
      "default-live-uri" : "9b59819ctrial-dev-worksync-destination-content.cfapps.us10-001.hana.ondemand.com",
      "protocol" : "https",
      "default-live-app-name" : "worksync-destination-content",
      "default-live-domain" : "cfapps.us10-001.hana.ondemand.com",
      "domain" : "cfapps.us10-001.hana.ondemand.com",
      "host" : "9b59819ctrial-dev-worksync-destination-content",
      "generated-user" : "********"
    },
    "requiredDependencies" : [ {
      "majorSchemaVersion" : 3,
      "name" : "worksync-destination-service",
      "properties" : { },
      "parameters" : {
        "content-target" : true
      },
      "propertiesMetadata" : {
        "metadata" : { }
      },
      "parametersMetadata" : {
        "metadata" : { }
      }
    }, {
      "majorSchemaVersion" : 3,
      "name" : "worksync_html_repo_host",
      "properties" : { },
      "parameters" : {
        "service-key" : "********"
      },
      "propertiesMetadata" : {
        "metadata" : { }
      },
      "parametersMetadata" : {
        "metadata" : { }
      }
    }, {
      "majorSchemaVersion" : 3,
      "name" : "uaa_worksync",
      "properties" : { },
      "parameters" : {
        "service-key" : "********"
      },
      "propertiesMetadata" : {
        "metadata" : { }
      },
      "parametersMetadata" : {
        "metadata" : { }
      }
    } ],
    "providedDependencies" : [ {
      "majorSchemaVersion" : 3,
      "name" : "worksync-destination-content",
      "isPublic" : false,
      "properties" : { },
      "parameters" : { },
      "propertiesMetadata" : {
        "metadata" : { }
      },
      "parametersMetadata" : {
        "metadata" : { }
      }
    } ],
    "propertiesMetadata" : {
      "metadata" : { }
    },
    "parametersMetadata" : {
      "metadata" : { }
    },
    "hooks" : [ ]
  }, {
    "majorSchemaVersion" : 3,
    "name" : "worksync-db-deployer",
    "type" : "com.sap.xs.hdi",
    "path" : "worksync-db-deployer",
    "properties" : {
      "EXIT" : 1
    },
    "parameters" : {
      "default-url" : "https://9b59819ctrial-dev-worksync-db-deployer.cfapps.us10-001.hana.ondemand.com",
      "default-app-name" : "worksync-db-deployer",
      "generated-password" : "********",
      "default-live-url" : "https://9b59819ctrial-dev-worksync-db-deployer.cfapps.us10-001.hana.ondemand.com",
      "default-uri" : "9b59819ctrial-dev-worksync-db-deployer.cfapps.us10-001.hana.ondemand.com",
      "memory" : "256M",
      "default-instances" : 1,
      "no-route" : true,
      "default-live-host" : "9b59819ctrial-dev-worksync-db-deployer",
      "instances" : 1,
      "buildpack" : "nodejs_buildpack",
      "default-host" : "9b59819ctrial-dev-worksync-db-deployer",
      "app-name" : "worksync-db-deployer",
      "default-live-uri" : "9b59819ctrial-dev-worksync-db-deployer.cfapps.us10-001.hana.ondemand.com",
      "protocol" : "https",
      "default-live-app-name" : "worksync-db-deployer",
      "default-live-domain" : "cfapps.us10-001.hana.ondemand.com",
      "dependency-type" : "hard",
      "domain" : "cfapps.us10-001.hana.ondemand.com",
      "host" : "9b59819ctrial-dev-worksync-db-deployer",
      "generated-user" : "********",
      "tasks" : [ {
        "command" : "npm start",
        "memory" : "256M",
        "name" : "deploy"
      } ],
      "no-start" : true
    },
    "requiredDependencies" : [ {
      "majorSchemaVersion" : 3,
      "name" : "WorkSync-db",
      "properties" : { },
      "parameters" : { },
      "propertiesMetadata" : {
        "metadata" : { }
      },
      "parametersMetadata" : {
        "metadata" : { }
      }
    } ],
    "providedDependencies" : [ {
      "majorSchemaVersion" : 3,
      "name" : "worksync-db-deployer",
      "isPublic" : false,
      "properties" : { },
      "parameters" : { },
      "propertiesMetadata" : {
        "metadata" : { }
      },
      "parametersMetadata" : {
        "metadata" : { }
      }
    } ],
    "propertiesMetadata" : {
      "metadata" : { }
    },
    "parametersMetadata" : {
      "metadata" : { }
    },
    "hooks" : [ ]
  }, {
    "majorSchemaVersion" : 3,
    "name" : "worksync-app-content",
    "type" : "com.sap.application.content",
    "path" : "worksync-app-content",
    "properties" : { },
    "parameters" : {
      "default-url" : "https://9b59819ctrial-dev-worksync-app-content.cfapps.us10-001.hana.ondemand.com",
      "default-app-name" : "worksync-app-content",
      "generated-password" : "********",
      "default-live-url" : "https://9b59819ctrial-dev-worksync-app-content.cfapps.us10-001.hana.ondemand.com",
      "default-uri" : "9b59819ctrial-dev-worksync-app-content.cfapps.us10-001.hana.ondemand.com",
      "default-instances" : 1,
      "default-live-host" : "9b59819ctrial-dev-worksync-app-content",
      "instances" : 1,
      "default-host" : "9b59819ctrial-dev-worksync-app-content",
      "app-name" : "worksync-app-content",
      "default-live-uri" : "9b59819ctrial-dev-worksync-app-content.cfapps.us10-001.hana.ondemand.com",
      "protocol" : "https",
      "default-live-app-name" : "worksync-app-content",
      "default-live-domain" : "cfapps.us10-001.hana.ondemand.com",
      "domain" : "cfapps.us10-001.hana.ondemand.com",
      "host" : "9b59819ctrial-dev-worksync-app-content",
      "generated-user" : "********"
    },
    "requiredDependencies" : [ {
      "majorSchemaVersion" : 3,
      "name" : "worksync_html_repo_host",
      "properties" : { },
      "parameters" : {
        "content-target" : true
      },
      "propertiesMetadata" : {
        "metadata" : { }
      },
      "parametersMetadata" : {
        "metadata" : { }
      }
    }, {
      "majorSchemaVersion" : 3,
      "name" : "uaa_worksync",
      "properties" : { },
      "parameters" : { },
      "propertiesMetadata" : {
        "metadata" : { }
      },
      "parametersMetadata" : {
        "metadata" : { }
      }
    } ],
    "providedDependencies" : [ {
      "majorSchemaVersion" : 3,
      "name" : "worksync-app-content",
      "isPublic" : false,
      "properties" : { },
      "parameters" : { },
      "propertiesMetadata" : {
        "metadata" : { }
      },
      "parametersMetadata" : {
        "metadata" : { }
      }
    } ],
    "propertiesMetadata" : {
      "metadata" : { }
    },
    "parametersMetadata" : {
      "metadata" : { }
    },
    "hooks" : [ ]
  } ],
  "resources" : [ {
    "majorSchemaVersion" : 3,
    "name" : "worksync-destination-service",
    "type" : "org.cloudfoundry.managed-service",
    "properties" : { },
    "parameters" : {
      "generated-password" : "********",
      "service-name" : "worksync-destination-service",
      "service-plan" : "lite",
      "service" : "destination",
      "generated-user" : "********",
      "default-xsappname" : "worksync-destination-service",
      "type" : "managed-service",
      "config" : {
        "HTML5Runtime_enabled" : true,
        "init_data" : {
          "instance" : {
            "destinations" : [ {
              "Authentication" : "********",
              "Name" : "ui5",
              "ProxyType" : "Internet",
              "Type" : "HTTP",
              "URL" : "https://ui5.sap.com"
            }, {
              "Authentication" : "********",
              "Name" : "ui5-lib",
              "ProxyType" : "Internet",
              "Type" : "HTTP",
              "URL" : "https://ui5.sap.com"
            }, {
              "Authentication" : "********",
              "HTML5.DynamicDestination" : true,
              "HTML5.ForwardAuthToken" : "********",
              "Name" : "srv-api",
              "ProxyType" : "Internet",
              "Type" : "HTTP",
              "URL" : "https://9b59819ctrial-dev-worksync-srv.cfapps.us10-001.hana.ondemand.com"
            } ],
            "existing_destinations_policy" : "update"
          }
        },
        "version" : "1.0.2"
      },
      "default-service-name" : "worksync-destination-service",
      "default-container-name" : "9B59819CTRIAL_DEV_WORKSYNC_DESTINATION_SERVICE"
    },
    "isActive" : true,
    "isOptional" : false,
    "propertiesMetadata" : {
      "metadata" : { }
    },
    "parametersMetadata" : {
      "metadata" : { }
    },
    "requiredDependencies" : [ {
      "majorSchemaVersion" : 3,
      "name" : "srv-api",
      "properties" : { },
      "parameters" : { },
      "propertiesMetadata" : {
        "metadata" : { }
      },
      "parametersMetadata" : {
        "metadata" : { }
      }
    } ],
    "processedAfter" : [ ]
  }, {
    "majorSchemaVersion" : 3,
    "name" : "worksync_html_repo_host",
    "type" : "org.cloudfoundry.managed-service",
    "properties" : { },
    "parameters" : {
      "generated-password" : "********",
      "service-name" : "worksync-html5-app-host-service",
      "service-plan" : "app-host",
      "service" : "html5-apps-repo",
      "generated-user" : "********",
      "default-xsappname" : "worksync_html_repo_host",
      "type" : "managed-service",
      "default-service-name" : "worksync_html_repo_host",
      "default-container-name" : "9B59819CTRIAL_DEV_WORKSYNC_HTML_REPO_HOST"
    },
    "isActive" : true,
    "isOptional" : false,
    "propertiesMetadata" : {
      "metadata" : { }
    },
    "parametersMetadata" : {
      "metadata" : { }
    },
    "requiredDependencies" : [ ],
    "processedAfter" : [ ]
  }, {
    "majorSchemaVersion" : 3,
    "name" : "uaa_worksync",
    "type" : "org.cloudfoundry.managed-service",
    "properties" : { },
    "parameters" : {
      "generated-password" : "********",
      "path" : "./xs-security.json",
      "service-name" : "worksync-xsuaa-service",
      "service-plan" : "application",
      "service" : "xsuaa",
      "generated-user" : "********",
      "default-xsappname" : "uaa_worksync",
      "type" : "managed-service",
      "config" : {
        "oauth2-configuration" : "********",
        "tenant-mode" : "dedicated",
        "xsappname" : "worksync-9b59819ctrial-dev"
      },
      "default-service-name" : "uaa_worksync",
      "default-container-name" : "9B59819CTRIAL_DEV_UAA_WORKSYNC"
    },
    "isActive" : true,
    "isOptional" : false,
    "propertiesMetadata" : {
      "metadata" : { }
    },
    "parametersMetadata" : {
      "metadata" : { }
    },
    "requiredDependencies" : [ ],
    "processedAfter" : [ ]
  }, {
    "majorSchemaVersion" : 3,
    "name" : "WorkSync-db",
    "type" : "com.sap.xs.hdi-container",
    "properties" : {
      "hdi-container-name" : "WorkSync-db"
    },
    "parameters" : {
      "generated-password" : "********",
      "service-name" : "WorkSync-db",
      "service-plan" : "hdi-shared",
      "service" : "hana",
      "generated-user" : "********",
      "default-xsappname" : "WorkSync-db",
      "type" : "managed-service",
      "default-service-name" : "WorkSync-db",
      "default-container-name" : "9B59819CTRIAL_DEV_WORKSYNC_DB"
    },
    "isActive" : true,
    "isOptional" : false,
    "propertiesMetadata" : {
      "metadata" : { }
    },
    "parametersMetadata" : {
      "metadata" : { }
    },
    "requiredDependencies" : [ ],
    "processedAfter" : [ ]
  } ],
  "parameters" : {
    "deploy_mode" : "html5-repo",
    "mta-id" : "worksync",
    "authorization-url" : "********",
    "org-guid" : "e8b53b4b-34f6-4399-9bc8-055746a912f4",
    "org" : "9b59819ctrial",
    "deploy-target" : "9b59819ctrial dev",
    "enable-parallel-deployments" : true,
    "region-primary-domain" : "us10.hana.ondemand.com",
    "space" : "dev",
    "region-domain" : "us10-001.hana.ondemand.com",
    "xs-api-url" : "https://api.cf.us10-001.hana.ondemand.com",
    "deploy-url" : "deploy-service.cfapps.us10-001.hana.ondemand.com",
    "xs-type" : "CF",
    "default-domain" : "cfapps.us10-001.hana.ondemand.com",
    "mta-version" : "1.0.2",
    "xs-auth-url" : "********",
    "space-guid" : "9d9ae667-474a-401a-a823-a8535a92fd3f",
    "user" : "********",
    "controller-url" : "https://api.cf.us10-001.hana.ondemand.com",
    "timestamp" : "20260708191744"
  },
  "parametersMetadata" : {
    "metadata" : { }
  }
}#
#2026 07 08 19:18:13.751#Z#DEBUG#b2605f0d-7b01-11f1-81cb-eeee0a93546a.OPERATION#flowable-async-job-executor-thread-4360#
[ProcessDescriptorStep] Merged descriptor properties and parameters resolved#
#2026 07 08 19:18:13.751#Z#DEBUG#b2605f0d-7b01-11f1-81cb-eeee0a93546a.OPERATION#flowable-async-job-executor-thread-4360#
Step "Re-Process Descriptor Step" finished#
#2026 07 08 19:18:13.668#Z#DEBUG#b2605f0d-7b01-11f1-81cb-eeee0a93546a.OPERATION#flowable-async-job-executor-thread-4356#
[CheckServiceBindingOperationStep] Executing task "checkForServiceBindingOperationInProgress" of process "c3da1902-7b01-11f1-92f5-eeee0a8a904b"...#
#2026 07 08 19:18:13.669#Z#DEBUG#b2605f0d-7b01-11f1-81cb-eeee0a93546a.OPERATION#flowable-async-job-executor-thread-4356#
[CheckServiceBindingOperationStep] Checking for service binding operation in progress between app "worksync-srv" and service instance "worksync-destination-service"#
#2026 07 08 19:18:13.670#Z#DEBUG#b2605f0d-7b01-11f1-81cb-eeee0a93546a.OPERATION#flowable-async-job-executor-thread-4356#
[CheckServiceBindingOperationStep] Getting application guid "worksync-srv"...#
#2026 07 08 19:18:13.701#Z#DEBUG#b2605f0d-7b01-11f1-81cb-eeee0a93546a.OPERATION#flowable-async-job-executor-thread-4356#
[CheckServiceBindingOperationStep] Getting GUID of required service instance "worksync-destination-service"...#
#2026 07 08 19:18:13.738#Z#DEBUG#b2605f0d-7b01-11f1-81cb-eeee0a93546a.OPERATION#flowable-async-job-executor-thread-4356#
[CheckServiceBindingOperationStep] Getting binding of service instance "fde0a620-439b-4dd0-add4-9f7e96e7ca02" with application "62645462-e3c5-4e94-9a37-279b7c283ccd"...#
#2026 07 08 19:18:13.766#Z#DEBUG#b2605f0d-7b01-11f1-81cb-eeee0a93546a.OPERATION#flowable-async-job-executor-thread-4356#
[CheckServiceBindingOperationStep] Service binding operation "62a56e13-80cc-4e48-aea9-cd03eaea4fa7" with type "create" is in state "succeeded"#
#2026 07 08 19:18:13.766#Z#DEBUG#b2605f0d-7b01-11f1-81cb-eeee0a93546a.OPERATION#flowable-async-job-executor-thread-4356#
Step "Check For Service Binding Operation In Progress" finished#
#2026 07 08 19:18:13.782#Z#DEBUG#b2605f0d-7b01-11f1-81cb-eeee0a93546a.OPERATION#flowable-async-job-executor-thread-4360#
[BuildApplicationDeployModelStep] Executing task "buildApplicationDeployModelTask" of process "c3dd4df5-7b01-11f1-92f5-eeee0a8a904b"...#
#2026 07 08 19:18:13.784#Z#DEBUG#b2605f0d-7b01-11f1-81cb-eeee0a93546a.OPERATION#flowable-async-job-executor-thread-4360#
[BuildApplicationDeployModelStep] Building cloud deployment model for application "worksync-db-deployer"...#
#2026 07 08 19:18:13.790#Z#DEBUG#b2605f0d-7b01-11f1-81cb-eeee0a93546a.OPERATION#flowable-async-job-executor-thread-4360#
[BuildApplicationDeployModelStep] No health-check-type is specified. Setting default type: port#
#2026 07 08 19:18:13.790#Z#INFO#b2605f0d-7b01-11f1-81cb-eeee0a93546a.OPERATION#flowable-async-job-executor-thread-4360#
[BuildApplicationDeployModelStep] Building configuration entries for org 9b59819ctrial, space dev, spaceId 9d9ae667-474a-401a-a823-a8535a92fd3f and namespace null!#
#2026 07 08 19:18:13.791#Z#DEBUG#b2605f0d-7b01-11f1-81cb-eeee0a93546a.OPERATION#flowable-async-job-executor-thread-4360#
[BuildApplicationDeployModelStep] Configuration entries to publish: [ ]#
#2026 07 08 19:18:13.791#Z#DEBUG#b2605f0d-7b01-11f1-81cb-eeee0a93546a.OPERATION#flowable-async-job-executor-thread-4360#
[BuildApplicationDeployModelStep] Cloud deployment model for application built#
#2026 07 08 19:18:13.791#Z#DEBUG#b2605f0d-7b01-11f1-81cb-eeee0a93546a.OPERATION#flowable-async-job-executor-thread-4360#
Step "Build Application Deploy Model" finished#
#2026 07 08 19:18:13.794#Z#DEBUG#b2605f0d-7b01-11f1-81cb-eeee0a93546a.OPERATION#flowable-async-job-executor-thread-4356#
[DetermineApplicationServiceBindingActionsStep] Executing task "determineApplicationServiceBindingActionsTask" of process "c3da1902-7b01-11f1-92f5-eeee0a8a904b"...#
#2026 07 08 19:18:13.796#Z#DEBUG#b2605f0d-7b01-11f1-81cb-eeee0a93546a.OPERATION#flowable-async-job-executor-thread-4356#
[DetermineApplicationServiceBindingActionsStep] Determine bind/unbind operations of application "worksync-srv" to service instance "worksync-destination-service"#
#2026 07 08 19:18:13.796#Z#DEBUG#b2605f0d-7b01-11f1-81cb-eeee0a93546a.OPERATION#flowable-async-job-executor-thread-4356#
[DetermineApplicationServiceBindingActionsStep] Getting application "worksync-srv"...#
#2026 07 08 19:18:13.833#Z#DEBUG#b2605f0d-7b01-11f1-81cb-eeee0a93546a.OPERATION#flowable-async-job-executor-thread-4356#
[DetermineApplicationServiceBindingActionsStep] Binding parameters for application "worksync-srv": { }#
#2026 07 08 19:18:13.863#Z#DEBUG#b2605f0d-7b01-11f1-81cb-eeee0a93546a.OPERATION#flowable-async-job-executor-thread-4356#
[DetermineApplicationServiceBindingActionsStep] Check should rebind application "worksync-srv" and service instance "worksync-destination-service"#
#2026 07 08 19:18:13.863#Z#DEBUG#b2605f0d-7b01-11f1-81cb-eeee0a93546a.OPERATION#flowable-async-job-executor-thread-4356#
[DetermineApplicationServiceBindingActionsStep] Getting GUID of required service instance "worksync-destination-service"...#
#2026 07 08 19:18:13.903#Z#DEBUG#b2605f0d-7b01-11f1-81cb-eeee0a93546a.OPERATION#flowable-async-job-executor-thread-4356#
[DetermineApplicationServiceBindingActionsStep] Getting binding of service instance "fde0a620-439b-4dd0-add4-9f7e96e7ca02" with application "62645462-e3c5-4e94-9a37-279b7c283ccd"...#
#2026 07 08 19:18:13.931#Z#DEBUG#b2605f0d-7b01-11f1-81cb-eeee0a93546a.OPERATION#flowable-async-job-executor-thread-4356#
[DetermineApplicationServiceBindingActionsStep] Getting parameters of service binding "62a56e13-80cc-4e48-aea9-cd03eaea4fa7"...#
#2026 07 08 19:18:13.973#Z#WARN#b2605f0d-7b01-11f1-81cb-eeee0a93546a.OPERATION#flowable-async-job-executor-thread-4356#
[DetermineApplicationServiceBindingActionsStep] Cannot retrieve parameters of binding between application "worksync-srv" and service instance "worksync-destination-service"#
#2026 07 08 19:18:13.974#Z#DEBUG#b2605f0d-7b01-11f1-81cb-eeee0a93546a.OPERATION#flowable-async-job-executor-thread-4356#
[DetermineApplicationServiceBindingActionsStep] Calculated binding operations between application "worksync-srv" and service instance "worksync-destination-service": unbind - true bind - true#
#2026 07 08 19:18:13.974#Z#DEBUG#b2605f0d-7b01-11f1-81cb-eeee0a93546a.OPERATION#flowable-async-job-executor-thread-4356#
Step "Determine Application Service Binding Actions" finished#
#2026 07 08 19:18:14.010#Z#DEBUG#b2605f0d-7b01-11f1-81cb-eeee0a93546a.OPERATION#flowable-async-job-executor-thread-4356#
[UnbindServiceFromApplicationStep] Executing task "unbindServiceFromApplicationTask" of process "c3da1902-7b01-11f1-92f5-eeee0a8a904b"...#
#2026 07 08 19:18:14.012#Z#INFO#b2605f0d-7b01-11f1-81cb-eeee0a93546a.OPERATION#flowable-async-job-executor-thread-4356#
[UnbindServiceFromApplicationStep] Unbinding service instance "worksync-destination-service" from application "worksync-srv"...#
#2026 07 08 19:18:14.016#Z#DEBUG#b2605f0d-7b01-11f1-81cb-eeee0a93546a.OPERATION#flowable-async-job-executor-thread-4356#
[UnbindServiceFromApplicationStep] Unbinding application "worksync-srv" from service instance "worksync-destination-service"...#
#2026 07 08 19:18:14.164#Z#DEBUG#b2605f0d-7b01-11f1-81cb-eeee0a93546a.OPERATION#flowable-async-job-executor-thread-4356#
Step "Unbind Service from Application" finished#
#2026 07 08 19:18:13.831#Z#DEBUG#b2605f0d-7b01-11f1-81cb-eeee0a93546a.OPERATION#flowable-async-job-executor-thread-4359#
[CreateOrUpdateAppStep] Executing task "createAppTask" of process "c3dd4df5-7b01-11f1-92f5-eeee0a8a904b"...#
#2026 07 08 19:18:13.832#Z#DEBUG#b2605f0d-7b01-11f1-81cb-eeee0a93546a.OPERATION#flowable-async-job-executor-thread-4359#
[CreateOrUpdateAppStep] Getting application "worksync-db-deployer"...#
#2026 07 08 19:18:13.857#Z#INFO#b2605f0d-7b01-11f1-81cb-eeee0a93546a.OPERATION#flowable-async-job-executor-thread-4359#
[CreateOrUpdateAppStep] Updating application "worksync-db-deployer"...#
#2026 07 08 19:18:13.863#Z#DEBUG#b2605f0d-7b01-11f1-81cb-eeee0a93546a.OPERATION#flowable-async-job-executor-thread-4359#
[CreateOrUpdateAppStep] Getting process for application "af0ca01f-d4e0-461c-9763-2fd4c1f8f74f"...#
#2026 07 08 19:18:13.895#Z#DEBUG#b2605f0d-7b01-11f1-81cb-eeee0a93546a.OPERATION#flowable-async-job-executor-thread-4359#
[CreateOrUpdateAppStep] Getting routes for application "af0ca01f-d4e0-461c-9763-2fd4c1f8f74f"...#
#2026 07 08 19:18:13.923#Z#DEBUG#b2605f0d-7b01-11f1-81cb-eeee0a93546a.OPERATION#flowable-async-job-executor-thread-4359#
[CreateOrUpdateAppStep] Getting features for application "af0ca01f-d4e0-461c-9763-2fd4c1f8f74f"#
#2026 07 08 19:18:13.942#Z#DEBUG#b2605f0d-7b01-11f1-81cb-eeee0a93546a.OPERATION#flowable-async-job-executor-thread-4359#
[CreateOrUpdateAppStep] Updating staging of application "worksync-db-deployer" to: {
  "buildpacks" : [ "nodejs_buildpack" ],
  "healthCheckType" : "port",
  "appFeatures" : { }
}#
#2026 07 08 19:18:14.134#Z#DEBUG#b2605f0d-7b01-11f1-81cb-eeee0a93546a.OPERATION#flowable-async-job-executor-thread-4359#
[CreateOrUpdateAppStep] Application "worksync-db-deployer" updated#
#2026 07 08 19:18:14.134#Z#DEBUG#b2605f0d-7b01-11f1-81cb-eeee0a93546a.OPERATION#flowable-async-job-executor-thread-4359#
[CreateOrUpdateAppStep] Getting environment of application "af0ca01f-d4e0-461c-9763-2fd4c1f8f74f"...#
#2026 07 08 19:18:14.212#Z#DEBUG#b2605f0d-7b01-11f1-81cb-eeee0a93546a.OPERATION#flowable-async-job-executor-thread-4359#
[CreateOrUpdateAppStep] Application "worksync-db-deployer" updated#
#2026 07 08 19:18:14.212#Z#DEBUG#b2605f0d-7b01-11f1-81cb-eeee0a93546a.OPERATION#flowable-async-job-executor-thread-4359#
Step "Create App" finished#
#2026 07 08 19:18:14.306#Z#DEBUG#b2605f0d-7b01-11f1-81cb-eeee0a93546a.OPERATION#flowable-async-job-executor-thread-4359#
[CheckServiceBindingOperationStep] Executing task "checkForServiceBindingOperationInProgress" of process "c43bc115-7b01-11f1-92f5-eeee0a8a904b"...#
#2026 07 08 19:18:14.306#Z#DEBUG#b2605f0d-7b01-11f1-81cb-eeee0a93546a.OPERATION#flowable-async-job-executor-thread-4359#
[CheckServiceBindingOperationStep] Checking for service binding operation in progress between app "worksync-db-deployer" and service instance "WorkSync-db"#
#2026 07 08 19:18:14.307#Z#DEBUG#b2605f0d-7b01-11f1-81cb-eeee0a93546a.OPERATION#flowable-async-job-executor-thread-4359#
[CheckServiceBindingOperationStep] Getting application guid "worksync-db-deployer"...#
#2026 07 08 19:18:14.335#Z#DEBUG#b2605f0d-7b01-11f1-81cb-eeee0a93546a.OPERATION#flowable-async-job-executor-thread-4359#
[CheckServiceBindingOperationStep] Getting GUID of required service instance "WorkSync-db"...#
#2026 07 08 19:18:14.365#Z#DEBUG#b2605f0d-7b01-11f1-81cb-eeee0a93546a.OPERATION#flowable-async-job-executor-thread-4359#
[CheckServiceBindingOperationStep] Getting binding of service instance "278a30d4-fa6c-4ebb-ba1a-d560282378f7" with application "af0ca01f-d4e0-461c-9763-2fd4c1f8f74f"...#
#2026 07 08 19:18:14.410#Z#DEBUG#b2605f0d-7b01-11f1-81cb-eeee0a93546a.OPERATION#flowable-async-job-executor-thread-4359#
[CheckServiceBindingOperationStep] Service binding operation "65b313ca-5d72-4d3c-87c1-db8c1a1d3c8f" with type "create" is in state "succeeded"#
#2026 07 08 19:18:14.410#Z#DEBUG#b2605f0d-7b01-11f1-81cb-eeee0a93546a.OPERATION#flowable-async-job-executor-thread-4359#
Step "Check For Service Binding Operation In Progress" finished#
#2026 07 08 19:18:14.439#Z#DEBUG#b2605f0d-7b01-11f1-81cb-eeee0a93546a.OPERATION#flowable-async-job-executor-thread-4359#
[DetermineApplicationServiceBindingActionsStep] Executing task "determineApplicationServiceBindingActionsTask" of process "c43bc115-7b01-11f1-92f5-eeee0a8a904b"...#
#2026 07 08 19:18:14.440#Z#DEBUG#b2605f0d-7b01-11f1-81cb-eeee0a93546a.OPERATION#flowable-async-job-executor-thread-4359#
[DetermineApplicationServiceBindingActionsStep] Determine bind/unbind operations of application "worksync-db-deployer" to service instance "WorkSync-db"#
#2026 07 08 19:18:14.440#Z#DEBUG#b2605f0d-7b01-11f1-81cb-eeee0a93546a.OPERATION#flowable-async-job-executor-thread-4359#
[DetermineApplicationServiceBindingActionsStep] Getting application "worksync-db-deployer"...#
#2026 07 08 19:18:14.468#Z#DEBUG#b2605f0d-7b01-11f1-81cb-eeee0a93546a.OPERATION#flowable-async-job-executor-thread-4359#
[DetermineApplicationServiceBindingActionsStep] Binding parameters for application "worksync-db-deployer": { }#
#2026 07 08 19:18:14.514#Z#DEBUG#b2605f0d-7b01-11f1-81cb-eeee0a93546a.OPERATION#flowable-async-job-executor-thread-4359#
[DetermineApplicationServiceBindingActionsStep] Check should rebind application "worksync-db-deployer" and service instance "WorkSync-db"#
#2026 07 08 19:18:14.515#Z#DEBUG#b2605f0d-7b01-11f1-81cb-eeee0a93546a.OPERATION#flowable-async-job-executor-thread-4359#
[DetermineApplicationServiceBindingActionsStep] Getting GUID of required service instance "WorkSync-db"...#
#2026 07 08 19:18:14.544#Z#DEBUG#b2605f0d-7b01-11f1-81cb-eeee0a93546a.OPERATION#flowable-async-job-executor-thread-4359#
[DetermineApplicationServiceBindingActionsStep] Getting binding of service instance "278a30d4-fa6c-4ebb-ba1a-d560282378f7" with application "af0ca01f-d4e0-461c-9763-2fd4c1f8f74f"...#
#2026 07 08 19:18:14.578#Z#DEBUG#b2605f0d-7b01-11f1-81cb-eeee0a93546a.OPERATION#flowable-async-job-executor-thread-4359#
[DetermineApplicationServiceBindingActionsStep] Getting parameters of service binding "65b313ca-5d72-4d3c-87c1-db8c1a1d3c8f"...#
#2026 07 08 19:18:14.759#Z#INFO#b2605f0d-7b01-11f1-81cb-eeee0a93546a.OPERATION#flowable-async-job-executor-thread-4359#
[DetermineApplicationServiceBindingActionsStep] Service instance "WorkSync-db" will not be rebound to application "worksync-db-deployer" because the binding parameters are not modified#
#2026 07 08 19:18:14.764#Z#DEBUG#b2605f0d-7b01-11f1-81cb-eeee0a93546a.OPERATION#flowable-async-job-executor-thread-4359#
[DetermineApplicationServiceBindingActionsStep] Calculated binding operations between application "worksync-db-deployer" and service instance "WorkSync-db": unbind - false bind - false#
#2026 07 08 19:18:14.764#Z#DEBUG#b2605f0d-7b01-11f1-81cb-eeee0a93546a.OPERATION#flowable-async-job-executor-thread-4359#
Step "Determine Application Service Binding Actions" finished#
#2026 07 08 19:18:14.870#Z#DEBUG#b2605f0d-7b01-11f1-81cb-eeee0a93546a.OPERATION#flowable-async-job-executor-thread-4359#
[DetermineVcapServicesPropertiesChangedStep] Executing task "determineVcapServicesPropertiesChangedTask" of process "c491f77f-7b01-11f1-92f5-eeee0a8a904b"...#
#2026 07 08 19:18:14.871#Z#DEBUG#b2605f0d-7b01-11f1-81cb-eeee0a93546a.OPERATION#flowable-async-job-executor-thread-4359#
[DetermineVcapServicesPropertiesChangedStep] VCAP_SERVICES properties for application "worksync-db-deployer" changed: false#
#2026 07 08 19:18:14.871#Z#DEBUG#b2605f0d-7b01-11f1-81cb-eeee0a93546a.OPERATION#flowable-async-job-executor-thread-4359#
Step "Determine vcap services properties changed" finished#
#2026 07 08 19:18:14.903#Z#DEBUG#b2605f0d-7b01-11f1-81cb-eeee0a93546a.OPERATION#flowable-async-job-executor-thread-4359#
[UploadAppStep] Executing task "uploadAppTask" of process "c491f77f-7b01-11f1-92f5-eeee0a8a904b"...#
#2026 07 08 19:18:14.905#Z#DEBUG#b2605f0d-7b01-11f1-81cb-eeee0a93546a.OPERATION#flowable-async-job-executor-thread-4359#
[UploadAppStep] Application upload timeout is default one: 3,600 seconds#
#2026 07 08 19:18:14.905#Z#INFO#b2605f0d-7b01-11f1-81cb-eeee0a93546a.OPERATION#flowable-async-job-executor-thread-4359#
[UploadAppStep] Uploading application "worksync-db-deployer"...#
#2026 07 08 19:18:14.911#Z#DEBUG#b2605f0d-7b01-11f1-81cb-eeee0a93546a.OPERATION#flowable-async-job-executor-thread-4359#
[UploadAppStep] Getting application "worksync-db-deployer"...#
#2026 07 08 19:18:14.938#Z#DEBUG#b2605f0d-7b01-11f1-81cb-eeee0a93546a.OPERATION#flowable-async-job-executor-thread-4359#
[UploadAppStep] Getting environment of application "af0ca01f-d4e0-461c-9763-2fd4c1f8f74f"...#
#2026 07 08 19:18:14.972#Z#INFO#b2605f0d-7b01-11f1-81cb-eeee0a93546a.OPERATION#flowable-async-job-executor-thread-4359#
[UploadAppStep] Calculating application digest: "worksync-db-deployer"#
#2026 07 08 19:18:15.686#Z#DEBUG#b2605f0d-7b01-11f1-81cb-eeee0a93546a.OPERATION#flowable-async-job-executor-thread-4359#
Step "Upload App" finished#
#2026 07 08 19:18:21.624#Z#DEBUG#b2605f0d-7b01-11f1-81cb-eeee0a93546a.OPERATION#flowable-async-job-executor-thread-5540#
[UnbindServiceFromApplicationStep] Executing task "unbindServiceFromApplicationTask" of process "c0a6dab4-7b01-11f1-92f5-eeee0a8a904b"...#
#2026 07 08 19:18:21.628#Z#DEBUG#b2605f0d-7b01-11f1-81cb-eeee0a93546a.OPERATION#flowable-async-job-executor-thread-5540#
[UnbindServiceFromApplicationStep] Getting async job "aebe3ba0-ad9c-4c52-9bcc-8f4d4daa87e0"#
#2026 07 08 19:18:21.659#Z#DEBUG#b2605f0d-7b01-11f1-81cb-eeee0a93546a.OPERATION#flowable-async-job-executor-thread-5540#
[UnbindServiceFromApplicationStep] Getting service instance "worksync-xsuaa-service"...#
#2026 07 08 19:18:21.720#Z#DEBUG#b2605f0d-7b01-11f1-81cb-eeee0a93546a.OPERATION#flowable-async-job-executor-thread-5535#
[UnbindServiceFromApplicationStep] Executing task "unbindServiceFromApplicationTask" of process "c3da1902-7b01-11f1-92f5-eeee0a8a904b"...#
#2026 07 08 19:18:21.722#Z#DEBUG#b2605f0d-7b01-11f1-81cb-eeee0a93546a.OPERATION#flowable-async-job-executor-thread-5535#
[UnbindServiceFromApplicationStep] Getting async job "c0d41eae-6941-41d0-8aac-2c98c8069c88"#
#2026 07 08 19:18:21.746#Z#DEBUG#b2605f0d-7b01-11f1-81cb-eeee0a93546a.OPERATION#flowable-async-job-executor-thread-5535#
[UnbindServiceFromApplicationStep] Getting service instance "worksync-destination-service"...#
#2026 07 08 19:18:21.793#Z#DEBUG#b2605f0d-7b01-11f1-81cb-eeee0a93546a.OPERATION#flowable-async-job-executor-thread-5540#
[UnbindServiceFromApplicationStep] Async service binding operation with id "aebe3ba0-ad9c-4c52-9bcc-8f4d4daa87e0" finished#
#2026 07 08 19:18:21.796#Z#DEBUG#b2605f0d-7b01-11f1-81cb-eeee0a93546a.OPERATION#flowable-async-job-executor-thread-5540#
Step "Unbind Service from Application" finished#
#2026 07 08 19:18:21.891#Z#DEBUG#b2605f0d-7b01-11f1-81cb-eeee0a93546a.OPERATION#flowable-async-job-executor-thread-5535#
[UnbindServiceFromApplicationStep] Async service binding operation with id "c0d41eae-6941-41d0-8aac-2c98c8069c88" finished#
#2026 07 08 19:18:21.894#Z#DEBUG#b2605f0d-7b01-11f1-81cb-eeee0a93546a.OPERATION#flowable-async-job-executor-thread-5535#
Step "Unbind Service from Application" finished#
#2026 07 08 19:18:21.872#Z#DEBUG#b2605f0d-7b01-11f1-81cb-eeee0a93546a.OPERATION#flowable-async-job-executor-thread-5536#
[BindServiceToApplicationStep] Executing task "bindServiceToApplicationTask" of process "c0a6dab4-7b01-11f1-92f5-eeee0a8a904b"...#
#2026 07 08 19:18:21.874#Z#INFO#b2605f0d-7b01-11f1-81cb-eeee0a93546a.OPERATION#flowable-async-job-executor-thread-5536#
[BindServiceToApplicationStep] Binding service instance "worksync-xsuaa-service" to application "worksync-srv"...#
#2026 07 08 19:18:21.880#Z#DEBUG#b2605f0d-7b01-11f1-81cb-eeee0a93546a.OPERATION#flowable-async-job-executor-thread-5536#
[BindServiceToApplicationStep] Binding service instance "worksync-xsuaa-service" to application "worksync-srv" with parameters: { }#
#2026 07 08 19:18:21.933#Z#DEBUG#b2605f0d-7b01-11f1-81cb-eeee0a93546a.OPERATION#flowable-async-job-executor-thread-5535#
[BindServiceToApplicationStep] Executing task "bindServiceToApplicationTask" of process "c3da1902-7b01-11f1-92f5-eeee0a8a904b"...#
#2026 07 08 19:18:21.935#Z#INFO#b2605f0d-7b01-11f1-81cb-eeee0a93546a.OPERATION#flowable-async-job-executor-thread-5535#
[BindServiceToApplicationStep] Binding service instance "worksync-destination-service" to application "worksync-srv"...#
#2026 07 08 19:18:21.948#Z#DEBUG#b2605f0d-7b01-11f1-81cb-eeee0a93546a.OPERATION#flowable-async-job-executor-thread-5535#
[BindServiceToApplicationStep] Binding service instance "worksync-destination-service" to application "worksync-srv" with parameters: { }#
#2026 07 08 19:18:21.997#Z#DEBUG#b2605f0d-7b01-11f1-81cb-eeee0a93546a.OPERATION#flowable-async-job-executor-thread-5536#
Step "Bind Service to Application" finished#
#2026 07 08 19:18:22.075#Z#DEBUG#b2605f0d-7b01-11f1-81cb-eeee0a93546a.OPERATION#flowable-async-job-executor-thread-5535#
Step "Bind Service to Application" finished#
#2026 07 08 19:18:21.645#Z#DEBUG#b2605f0d-7b01-11f1-81cb-eeee0a93546a.OPERATION#flowable-async-job-executor-thread-5534#
[StartContentDeployStep] Executing task "startContentDeployTask" of process "c23f551e-7b01-11f1-81cb-eeee0a93546a"...#
#2026 07 08 19:18:21.647#Z#DEBUG#b2605f0d-7b01-11f1-81cb-eeee0a93546a.OPERATION#flowable-async-job-executor-thread-5534#
[StartContentDeployStep] Checking status of module content deployment "worksync-app-content" in service "worksync_html_repo_host"...#
#2026 07 08 19:18:22.375#Z#DEBUG#b2605f0d-7b01-11f1-81cb-eeee0a93546a.OPERATION#flowable-async-job-executor-thread-5534#
[StartContentDeployStep] Deleting content deployment resource "1d6709f9-9be1-448c-a197-2803528676b6"...#
#2026 07 08 19:18:22.429#Z#DEBUG#b2605f0d-7b01-11f1-81cb-eeee0a93546a.OPERATION#flowable-async-job-executor-thread-5534#
Step "Start Content Deploy" finished#
#2026 07 08 19:18:21.663#Z#DEBUG#b2605f0d-7b01-11f1-81cb-eeee0a93546a.OPERATION#flowable-async-job-executor-thread-5541#
[UploadAppStep] Executing task "uploadAppTask" of process "c491f77f-7b01-11f1-92f5-eeee0a8a904b"...#
#2026 07 08 19:18:21.665#Z#DEBUG#b2605f0d-7b01-11f1-81cb-eeee0a93546a.OPERATION#flowable-async-job-executor-thread-5541#
[UploadAppStep] Application upload timeout is default one: 3,600 seconds#
#2026 07 08 19:18:21.667#Z#DEBUG#b2605f0d-7b01-11f1-81cb-eeee0a93546a.OPERATION#pool-21-thread-4#
[UploadAppStep] Upload of application: worksync-db-deployer started on instance: 0#
#2026 07 08 19:18:21.667#Z#DEBUG#b2605f0d-7b01-11f1-81cb-eeee0a93546a.OPERATION#pool-21-thread-4#
[UploadAppStep] Uploading file "worksync-db-deployer/data.zip" for application "worksync-db-deployer"#
#2026 07 08 19:18:22.423#Z#INFO#b2605f0d-7b01-11f1-81cb-eeee0a93546a.OPERATION#pool-21-thread-4#
[UploadAppStep] Time elapsed for app binary download: 756 in millis#
#2026 07 08 19:18:22.423#Z#INFO#b2605f0d-7b01-11f1-81cb-eeee0a93546a.OPERATION#pool-21-thread-4#
[UploadAppStep] Size of app worksync-db-deployer is 42,532,183 bytes#
#2026 07 08 19:18:22.423#Z#DEBUG#b2605f0d-7b01-11f1-81cb-eeee0a93546a.OPERATION#pool-21-thread-4#
[UploadAppStep] Asynchronously uploading binaries for application "worksync-db-deployer"...#
#2026 07 08 19:18:22.869#Z#INFO#b2605f0d-7b01-11f1-81cb-eeee0a93546a.OPERATION#pool-21-thread-4#
[UploadAppStep] Started async upload of application "worksync-db-deployer"#
#2026 07 08 19:18:22.874#Z#INFO#b2605f0d-7b01-11f1-81cb-eeee0a93546a.OPERATION#flowable-async-job-executor-thread-5541#
[UploadAppStep] Time elapsed for upload: 1,208 in millis#
#2026 07 08 19:18:22.874#Z#DEBUG#b2605f0d-7b01-11f1-81cb-eeee0a93546a.OPERATION#flowable-async-job-executor-thread-5541#
[UploadAppStep] Getting application "worksync-db-deployer"...#
#2026 07 08 19:18:22.900#Z#DEBUG#b2605f0d-7b01-11f1-81cb-eeee0a93546a.OPERATION#App upload monitor: d0bafc32-3902-492e-a5db-40982d2f21a6#
[UploadAppStep] Upload status: PROCESSING_UPLOAD#
#2026 07 08 19:18:22.904#Z#DEBUG#b2605f0d-7b01-11f1-81cb-eeee0a93546a.OPERATION#flowable-async-job-executor-thread-5541#
[UploadAppStep] Getting environment of application "af0ca01f-d4e0-461c-9763-2fd4c1f8f74f"...#
#2026 07 08 19:18:22.939#Z#DEBUG#b2605f0d-7b01-11f1-81cb-eeee0a93546a.OPERATION#flowable-async-job-executor-thread-5541#
[UploadAppStep] Updating environment of application "worksync-db-deployer"#
#2026 07 08 19:18:23.008#Z#DEBUG#b2605f0d-7b01-11f1-81cb-eeee0a93546a.OPERATION#flowable-async-job-executor-thread-5541#
Step "Upload App" finished#
#2026 07 08 19:18:31.754#Z#DEBUG#b2605f0d-7b01-11f1-81cb-eeee0a93546a.OPERATION#flowable-async-job-executor-thread-855#
[UploadAppStep] Executing task "uploadAppTask" of process "c491f77f-7b01-11f1-92f5-eeee0a8a904b"...#
#2026 07 08 19:18:31.756#Z#DEBUG#b2605f0d-7b01-11f1-81cb-eeee0a93546a.OPERATION#flowable-async-job-executor-thread-855#
[UploadAppStep] Application upload timeout is default one: 3,600 seconds#
#2026 07 08 19:18:31.756#Z#DEBUG#b2605f0d-7b01-11f1-81cb-eeee0a93546a.OPERATION#flowable-async-job-executor-thread-855#
[UploadAppStep] Checking upload status of application "worksync-db-deployer"...#
#2026 07 08 19:18:31.757#Z#DEBUG#b2605f0d-7b01-11f1-81cb-eeee0a93546a.OPERATION#flowable-async-job-executor-thread-855#
[UploadAppStep] Getting package "d0bafc32-3902-492e-a5db-40982d2f21a6"...#
#2026 07 08 19:18:31.778#Z#DEBUG#b2605f0d-7b01-11f1-81cb-eeee0a93546a.OPERATION#flowable-async-job-executor-thread-855#
[UploadAppStep] Application "worksync-db-deployer" uploaded#
#2026 07 08 19:18:31.779#Z#DEBUG#b2605f0d-7b01-11f1-81cb-eeee0a93546a.OPERATION#flowable-async-job-executor-thread-855#
Step "Upload App" finished#
#2026 07 08 19:18:31.732#Z#DEBUG#b2605f0d-7b01-11f1-81cb-eeee0a93546a.OPERATION#flowable-async-job-executor-thread-5542#
[BindServiceToApplicationStep] Executing task "bindServiceToApplicationTask" of process "c3da1902-7b01-11f1-92f5-eeee0a8a904b"...#
#2026 07 08 19:18:31.733#Z#DEBUG#b2605f0d-7b01-11f1-81cb-eeee0a93546a.OPERATION#flowable-async-job-executor-thread-5542#
[BindServiceToApplicationStep] Getting async job "b588999d-0d98-4d9c-bb69-0efd560a6431"#
#2026 07 08 19:18:31.760#Z#DEBUG#b2605f0d-7b01-11f1-81cb-eeee0a93546a.OPERATION#flowable-async-job-executor-thread-5542#
[BindServiceToApplicationStep] Getting service instance "worksync-destination-service"...#
#2026 07 08 19:18:31.886#Z#DEBUG#b2605f0d-7b01-11f1-81cb-eeee0a93546a.OPERATION#flowable-async-job-executor-thread-5542#
[BindServiceToApplicationStep] Async service binding operation with id "b588999d-0d98-4d9c-bb69-0efd560a6431" finished#
#2026 07 08 19:18:31.886#Z#DEBUG#b2605f0d-7b01-11f1-81cb-eeee0a93546a.OPERATION#flowable-async-job-executor-thread-5542#
Step "Bind Service to Application" finished#
#2026 07 08 19:18:31.816#Z#DEBUG#b2605f0d-7b01-11f1-81cb-eeee0a93546a.OPERATION#flowable-async-job-executor-thread-856#
[ScaleAppStep] Executing task "scaleAppTask" of process "c491f77f-7b01-11f1-92f5-eeee0a8a904b"...#
#2026 07 08 19:18:31.819#Z#DEBUG#b2605f0d-7b01-11f1-81cb-eeee0a93546a.OPERATION#flowable-async-job-executor-thread-856#
[ScaleAppStep] Scaling application "worksync-db-deployer"...#
#2026 07 08 19:18:31.819#Z#DEBUG#b2605f0d-7b01-11f1-81cb-eeee0a93546a.OPERATION#flowable-async-job-executor-thread-856#
[ScaleAppStep] Getting application guid "worksync-db-deployer"...#
#2026 07 08 19:18:31.852#Z#DEBUG#b2605f0d-7b01-11f1-81cb-eeee0a93546a.OPERATION#flowable-async-job-executor-thread-856#
[ScaleAppStep] Getting process for application "af0ca01f-d4e0-461c-9763-2fd4c1f8f74f"...#
#2026 07 08 19:18:31.888#Z#DEBUG#b2605f0d-7b01-11f1-81cb-eeee0a93546a.OPERATION#flowable-async-job-executor-thread-856#
[ScaleAppStep] Application "worksync-db-deployer" scaled#
#2026 07 08 19:18:31.888#Z#DEBUG#b2605f0d-7b01-11f1-81cb-eeee0a93546a.OPERATION#flowable-async-job-executor-thread-856#
Step "Scale App" finished#
#2026 07 08 19:18:31.731#Z#DEBUG#b2605f0d-7b01-11f1-81cb-eeee0a93546a.OPERATION#flowable-async-job-executor-thread-853#
[BindServiceToApplicationStep] Executing task "bindServiceToApplicationTask" of process "c0a6dab4-7b01-11f1-92f5-eeee0a8a904b"...#
#2026 07 08 19:18:31.733#Z#DEBUG#b2605f0d-7b01-11f1-81cb-eeee0a93546a.OPERATION#flowable-async-job-executor-thread-853#
[BindServiceToApplicationStep] Getting async job "8e27b5c9-236d-485f-b7d0-bba445ab620f"#
#2026 07 08 19:18:31.759#Z#DEBUG#b2605f0d-7b01-11f1-81cb-eeee0a93546a.OPERATION#flowable-async-job-executor-thread-853#
[BindServiceToApplicationStep] Getting service instance "worksync-xsuaa-service"...#
#2026 07 08 19:18:31.895#Z#DEBUG#b2605f0d-7b01-11f1-81cb-eeee0a93546a.OPERATION#flowable-async-job-executor-thread-853#
[BindServiceToApplicationStep] Async service binding operation with id "8e27b5c9-236d-485f-b7d0-bba445ab620f" finished#
#2026 07 08 19:18:31.896#Z#DEBUG#b2605f0d-7b01-11f1-81cb-eeee0a93546a.OPERATION#flowable-async-job-executor-thread-853#
Step "Bind Service to Application" finished#
#2026 07 08 19:18:31.923#Z#DEBUG#b2605f0d-7b01-11f1-81cb-eeee0a93546a.OPERATION#flowable-async-job-executor-thread-857#
[DetermineDesiredStateAchievingActionsStep] Executing task "determineDesiredStateAchievingActionsTask" of process "c491f77f-7b01-11f1-92f5-eeee0a8a904b"...#
#2026 07 08 19:18:31.925#Z#DEBUG#b2605f0d-7b01-11f1-81cb-eeee0a93546a.OPERATION#flowable-async-job-executor-thread-857#
[DetermineDesiredStateAchievingActionsStep] Getting application "worksync-db-deployer"...#
#2026 07 08 19:18:31.960#Z#DEBUG#b2605f0d-7b01-11f1-81cb-eeee0a93546a.OPERATION#flowable-async-job-executor-thread-857#
[DetermineDesiredStateAchievingActionsStep] Getting instances for application "worksync-db-deployer"...#
#2026 07 08 19:18:31.960#Z#DEBUG#b2605f0d-7b01-11f1-81cb-eeee0a93546a.OPERATION#flowable-async-job-executor-thread-857#
[DetermineDesiredStateAchievingActionsStep] Getting environment of application "af0ca01f-d4e0-461c-9763-2fd4c1f8f74f"...#
#2026 07 08 19:18:31.997#Z#DEBUG#b2605f0d-7b01-11f1-81cb-eeee0a93546a.OPERATION#flowable-async-job-executor-thread-857#
[DetermineDesiredStateAchievingActionsStep] Current state of application worksync-db-deployer: STOPPED#
#2026 07 08 19:18:31.997#Z#DEBUG#b2605f0d-7b01-11f1-81cb-eeee0a93546a.OPERATION#flowable-async-job-executor-thread-857#
[DetermineDesiredStateAchievingActionsStep] Desired state of application worksync-db-deployer: STOPPED#
#2026 07 08 19:18:31.998#Z#DEBUG#b2605f0d-7b01-11f1-81cb-eeee0a93546a.OPERATION#flowable-async-job-executor-thread-857#
[DetermineDesiredStateAchievingActionsStep] Actions that should be executed on application worksync-db-deployer: [STAGE]#
#2026 07 08 19:18:31.998#Z#DEBUG#b2605f0d-7b01-11f1-81cb-eeee0a93546a.OPERATION#flowable-async-job-executor-thread-857#
Step "Determine Desired State Achieving Actions" finished#
#2026 07 08 19:18:32.035#Z#DEBUG#b2605f0d-7b01-11f1-81cb-eeee0a93546a.OPERATION#flowable-async-job-executor-thread-857#
[StageAppStep] Executing task "stageAppTask" of process "c491f77f-7b01-11f1-92f5-eeee0a8a904b"...#
#2026 07 08 19:18:32.037#Z#DEBUG#b2605f0d-7b01-11f1-81cb-eeee0a93546a.OPERATION#flowable-async-job-executor-thread-857#
[StageAppStep] Application stage timeout is default one: 3,600 seconds#
#2026 07 08 19:18:32.039#Z#INFO#b2605f0d-7b01-11f1-81cb-eeee0a93546a.OPERATION#flowable-async-job-executor-thread-857#
[StageAppStep] Staging application "worksync-db-deployer"...#
#2026 07 08 19:18:32.046#Z#DEBUG#b2605f0d-7b01-11f1-81cb-eeee0a93546a.OPERATION#flowable-async-job-executor-thread-857#
[StageAppStep] Creating build for package "d0bafc32-3902-492e-a5db-40982d2f21a6"...#
#2026 07 08 19:18:32.480#Z#DEBUG#b2605f0d-7b01-11f1-81cb-eeee0a93546a.OPERATION#flowable-async-job-executor-thread-857#
Step "Stage App" finished#
#2026 07 08 19:18:27.928#Z#DEBUG#b2605f0d-7b01-11f1-81cb-eeee0a93546a.OPERATION#App upload monitor: d0bafc32-3902-492e-a5db-40982d2f21a6#
[UploadAppStep] Upload status: PROCESSING_UPLOAD#
#2026 07 08 19:18:32.955#Z#DEBUG#b2605f0d-7b01-11f1-81cb-eeee0a93546a.OPERATION#App upload monitor: d0bafc32-3902-492e-a5db-40982d2f21a6#
[UploadAppStep] Upload status: READY#
#2026 07 08 19:18:34.749#Z#DEBUG#b2605f0d-7b01-11f1-81cb-eeee0a93546a.OPERATION#flowable-async-job-executor-thread-5545#
[DetermineVcapServicesPropertiesChangedStep] Executing task "determineVcapServicesPropertiesChangedTask" of process "d067e725-7b01-11f1-81cb-eeee0a93546a"...#
#2026 07 08 19:18:34.752#Z#DEBUG#b2605f0d-7b01-11f1-81cb-eeee0a93546a.OPERATION#flowable-async-job-executor-thread-5545#
[DetermineVcapServicesPropertiesChangedStep] VCAP_SERVICES properties for application "worksync-srv" changed: true#
#2026 07 08 19:18:34.752#Z#DEBUG#b2605f0d-7b01-11f1-81cb-eeee0a93546a.OPERATION#flowable-async-job-executor-thread-5545#
Step "Determine vcap services properties changed" finished#
#2026 07 08 19:18:34.783#Z#DEBUG#b2605f0d-7b01-11f1-81cb-eeee0a93546a.OPERATION#flowable-async-job-executor-thread-5545#
[UploadAppStep] Executing task "uploadAppTask" of process "d067e725-7b01-11f1-81cb-eeee0a93546a"...#
#2026 07 08 19:18:34.785#Z#DEBUG#b2605f0d-7b01-11f1-81cb-eeee0a93546a.OPERATION#flowable-async-job-executor-thread-5545#
[UploadAppStep] Application upload timeout is default one: 3,600 seconds#
#2026 07 08 19:18:34.785#Z#INFO#b2605f0d-7b01-11f1-81cb-eeee0a93546a.OPERATION#flowable-async-job-executor-thread-5545#
[UploadAppStep] Uploading application "worksync-srv"...#
#2026 07 08 19:18:34.790#Z#DEBUG#b2605f0d-7b01-11f1-81cb-eeee0a93546a.OPERATION#flowable-async-job-executor-thread-5545#
[UploadAppStep] Getting application "worksync-srv"...#
#2026 07 08 19:18:34.825#Z#DEBUG#b2605f0d-7b01-11f1-81cb-eeee0a93546a.OPERATION#flowable-async-job-executor-thread-5545#
[UploadAppStep] Getting environment of application "62645462-e3c5-4e94-9a37-279b7c283ccd"...#
#2026 07 08 19:18:34.855#Z#INFO#b2605f0d-7b01-11f1-81cb-eeee0a93546a.OPERATION#flowable-async-job-executor-thread-5545#
[UploadAppStep] Calculating application digest: "worksync-srv"#
#2026 07 08 19:18:35.092#Z#DEBUG#b2605f0d-7b01-11f1-81cb-eeee0a93546a.OPERATION#flowable-async-job-executor-thread-5545#
Step "Upload App" finished#
#2026 07 08 19:18:41.794#Z#DEBUG#b2605f0d-7b01-11f1-81cb-eeee0a93546a.OPERATION#flowable-async-job-executor-thread-5553#
[StageAppStep] Executing task "stageAppTask" of process "c491f77f-7b01-11f1-92f5-eeee0a8a904b"...#
#2026 07 08 19:18:41.796#Z#DEBUG#b2605f0d-7b01-11f1-81cb-eeee0a93546a.OPERATION#flowable-async-job-executor-thread-5553#
[StageAppStep] Application stage timeout is default one: 3,600 seconds#
#2026 07 08 19:18:41.797#Z#DEBUG#b2605f0d-7b01-11f1-81cb-eeee0a93546a.OPERATION#flowable-async-job-executor-thread-5553#
[StageAppStep] Checking status of application "worksync-db-deployer"...#
#2026 07 08 19:18:41.797#Z#DEBUG#b2605f0d-7b01-11f1-81cb-eeee0a93546a.OPERATION#flowable-async-job-executor-thread-5553#
[StageAppStep] Getting build "bd55a844-755e-41e5-a237-6f552793c106"...#
#2026 07 08 19:18:41.829#Z#DEBUG#b2605f0d-7b01-11f1-81cb-eeee0a93546a.OPERATION#flowable-async-job-executor-thread-5553#
[StageAppStep] Staging status of application "worksync-db-deployer": PENDING#
#2026 07 08 19:18:41.830#Z#DEBUG#b2605f0d-7b01-11f1-81cb-eeee0a93546a.OPERATION#flowable-async-job-executor-thread-5553#
[StageAppStep] Getting application guid "worksync-db-deployer"...#
#2026 07 08 19:18:41.912#Z#DEBUG#b2605f0d-7b01-11f1-81cb-eeee0a93546a.OPERATION#flowable-async-job-executor-thread-5553#
Step "Stage App" finished#
#2026 07 08 19:18:41.825#Z#DEBUG#b2605f0d-7b01-11f1-81cb-eeee0a93546a.OPERATION#flowable-async-job-executor-thread-4370#
[UploadAppStep] Executing task "uploadAppTask" of process "d067e725-7b01-11f1-81cb-eeee0a93546a"...#
#2026 07 08 19:18:41.827#Z#DEBUG#b2605f0d-7b01-11f1-81cb-eeee0a93546a.OPERATION#flowable-async-job-executor-thread-4370#
[UploadAppStep] Application upload timeout is default one: 3,600 seconds#
#2026 07 08 19:18:41.829#Z#DEBUG#b2605f0d-7b01-11f1-81cb-eeee0a93546a.OPERATION#pool-21-thread-4#
[UploadAppStep] Upload of application: worksync-srv started on instance: 2#
#2026 07 08 19:18:41.829#Z#DEBUG#b2605f0d-7b01-11f1-81cb-eeee0a93546a.OPERATION#pool-21-thread-4#
[UploadAppStep] Uploading file "worksync-srv/data.zip" for application "worksync-srv"#
#2026 07 08 19:18:42.090#Z#INFO#b2605f0d-7b01-11f1-81cb-eeee0a93546a.OPERATION#pool-21-thread-4#
[UploadAppStep] Time elapsed for app binary download: 260 in millis#
#2026 07 08 19:18:42.090#Z#INFO#b2605f0d-7b01-11f1-81cb-eeee0a93546a.OPERATION#pool-21-thread-4#
[UploadAppStep] Size of app worksync-srv is 7,458,174 bytes#
#2026 07 08 19:18:42.090#Z#DEBUG#b2605f0d-7b01-11f1-81cb-eeee0a93546a.OPERATION#pool-21-thread-4#
[UploadAppStep] Asynchronously uploading binaries for application "worksync-srv"...#
#2026 07 08 19:18:42.381#Z#INFO#b2605f0d-7b01-11f1-81cb-eeee0a93546a.OPERATION#pool-21-thread-4#
[UploadAppStep] Started async upload of application "worksync-srv"#
#2026 07 08 19:18:42.387#Z#INFO#b2605f0d-7b01-11f1-81cb-eeee0a93546a.OPERATION#flowable-async-job-executor-thread-4370#
[UploadAppStep] Time elapsed for upload: 559 in millis#
#2026 07 08 19:18:42.387#Z#DEBUG#b2605f0d-7b01-11f1-81cb-eeee0a93546a.OPERATION#flowable-async-job-executor-thread-4370#
[UploadAppStep] Getting application "worksync-srv"...#
#2026 07 08 19:18:42.409#Z#DEBUG#b2605f0d-7b01-11f1-81cb-eeee0a93546a.OPERATION#App upload monitor: 5fe755a7-3cd1-4c79-8b3e-3c22a67be519#
[UploadAppStep] Upload status: PROCESSING_UPLOAD#
#2026 07 08 19:18:42.417#Z#DEBUG#b2605f0d-7b01-11f1-81cb-eeee0a93546a.OPERATION#flowable-async-job-executor-thread-4370#
[UploadAppStep] Getting environment of application "62645462-e3c5-4e94-9a37-279b7c283ccd"...#
#2026 07 08 19:18:42.450#Z#DEBUG#b2605f0d-7b01-11f1-81cb-eeee0a93546a.OPERATION#flowable-async-job-executor-thread-4370#
[UploadAppStep] Updating environment of application "worksync-srv"#
#2026 07 08 19:18:42.538#Z#DEBUG#b2605f0d-7b01-11f1-81cb-eeee0a93546a.OPERATION#flowable-async-job-executor-thread-4370#
Step "Upload App" finished#
#2026 07 08 19:18:51.902#Z#DEBUG#b2605f0d-7b01-11f1-81cb-eeee0a93546a.OPERATION#flowable-async-job-executor-thread-5563#
[UploadAppStep] Executing task "uploadAppTask" of process "d067e725-7b01-11f1-81cb-eeee0a93546a"...#
#2026 07 08 19:18:51.904#Z#DEBUG#b2605f0d-7b01-11f1-81cb-eeee0a93546a.OPERATION#flowable-async-job-executor-thread-5563#
[UploadAppStep] Application upload timeout is default one: 3,600 seconds#
#2026 07 08 19:18:51.904#Z#DEBUG#b2605f0d-7b01-11f1-81cb-eeee0a93546a.OPERATION#flowable-async-job-executor-thread-5563#
[UploadAppStep] Checking upload status of application "worksync-srv"...#
#2026 07 08 19:18:51.905#Z#DEBUG#b2605f0d-7b01-11f1-81cb-eeee0a93546a.OPERATION#flowable-async-job-executor-thread-5563#
[UploadAppStep] Getting package "5fe755a7-3cd1-4c79-8b3e-3c22a67be519"...#
#2026 07 08 19:18:51.943#Z#DEBUG#b2605f0d-7b01-11f1-81cb-eeee0a93546a.OPERATION#flowable-async-job-executor-thread-5563#
[UploadAppStep] Application "worksync-srv" uploaded#
#2026 07 08 19:18:51.944#Z#DEBUG#b2605f0d-7b01-11f1-81cb-eeee0a93546a.OPERATION#flowable-async-job-executor-thread-5563#
Step "Upload App" finished#
#2026 07 08 19:18:51.851#Z#DEBUG#b2605f0d-7b01-11f1-81cb-eeee0a93546a.OPERATION#flowable-async-job-executor-thread-5561#
[StageAppStep] Executing task "stageAppTask" of process "c491f77f-7b01-11f1-92f5-eeee0a8a904b"...#
#2026 07 08 19:18:51.853#Z#DEBUG#b2605f0d-7b01-11f1-81cb-eeee0a93546a.OPERATION#flowable-async-job-executor-thread-5561#
[StageAppStep] Application stage timeout is default one: 3,600 seconds#
#2026 07 08 19:18:51.854#Z#DEBUG#b2605f0d-7b01-11f1-81cb-eeee0a93546a.OPERATION#flowable-async-job-executor-thread-5561#
[StageAppStep] Checking status of application "worksync-db-deployer"...#
#2026 07 08 19:18:51.854#Z#DEBUG#b2605f0d-7b01-11f1-81cb-eeee0a93546a.OPERATION#flowable-async-job-executor-thread-5561#
[StageAppStep] Getting build "bd55a844-755e-41e5-a237-6f552793c106"...#
#2026 07 08 19:18:51.895#Z#DEBUG#b2605f0d-7b01-11f1-81cb-eeee0a93546a.OPERATION#flowable-async-job-executor-thread-5561#
[StageAppStep] Staging status of application "worksync-db-deployer": PENDING#
#2026 07 08 19:18:51.896#Z#DEBUG#b2605f0d-7b01-11f1-81cb-eeee0a93546a.OPERATION#flowable-async-job-executor-thread-5561#
[StageAppStep] Getting application guid "worksync-db-deployer"...#
#2026 07 08 19:18:51.978#Z#DEBUG#b2605f0d-7b01-11f1-81cb-eeee0a93546a.OPERATION#flowable-async-job-executor-thread-5561#
Step "Stage App" finished#
#2026 07 08 19:18:51.974#Z#DEBUG#b2605f0d-7b01-11f1-81cb-eeee0a93546a.OPERATION#flowable-async-job-executor-thread-5564#
[ScaleAppStep] Executing task "scaleAppTask" of process "d067e725-7b01-11f1-81cb-eeee0a93546a"...#
#2026 07 08 19:18:51.976#Z#DEBUG#b2605f0d-7b01-11f1-81cb-eeee0a93546a.OPERATION#flowable-async-job-executor-thread-5564#
[ScaleAppStep] Scaling application "worksync-srv"...#
#2026 07 08 19:18:51.976#Z#DEBUG#b2605f0d-7b01-11f1-81cb-eeee0a93546a.OPERATION#flowable-async-job-executor-thread-5564#
[ScaleAppStep] Getting application guid "worksync-srv"...#
#2026 07 08 19:18:52.001#Z#DEBUG#b2605f0d-7b01-11f1-81cb-eeee0a93546a.OPERATION#flowable-async-job-executor-thread-5564#
[ScaleAppStep] Getting process for application "62645462-e3c5-4e94-9a37-279b7c283ccd"...#
#2026 07 08 19:18:52.036#Z#DEBUG#b2605f0d-7b01-11f1-81cb-eeee0a93546a.OPERATION#flowable-async-job-executor-thread-5564#
[ScaleAppStep] Application "worksync-srv" scaled#
#2026 07 08 19:18:52.036#Z#DEBUG#b2605f0d-7b01-11f1-81cb-eeee0a93546a.OPERATION#flowable-async-job-executor-thread-5564#
Step "Scale App" finished#
#2026 07 08 19:18:52.064#Z#DEBUG#b2605f0d-7b01-11f1-81cb-eeee0a93546a.OPERATION#flowable-async-job-executor-thread-5565#
[DetermineDesiredStateAchievingActionsStep] Executing task "determineDesiredStateAchievingActionsTask" of process "d067e725-7b01-11f1-81cb-eeee0a93546a"...#
#2026 07 08 19:18:52.066#Z#DEBUG#b2605f0d-7b01-11f1-81cb-eeee0a93546a.OPERATION#flowable-async-job-executor-thread-5565#
[DetermineDesiredStateAchievingActionsStep] Getting application "worksync-srv"...#
#2026 07 08 19:18:52.096#Z#DEBUG#b2605f0d-7b01-11f1-81cb-eeee0a93546a.OPERATION#flowable-async-job-executor-thread-5565#
[DetermineDesiredStateAchievingActionsStep] Getting instances for application "worksync-srv"...#
#2026 07 08 19:18:52.140#Z#DEBUG#b2605f0d-7b01-11f1-81cb-eeee0a93546a.OPERATION#flowable-async-job-executor-thread-5565#
[DetermineDesiredStateAchievingActionsStep] Getting environment of application "62645462-e3c5-4e94-9a37-279b7c283ccd"...#
#2026 07 08 19:18:52.175#Z#DEBUG#b2605f0d-7b01-11f1-81cb-eeee0a93546a.OPERATION#flowable-async-job-executor-thread-5565#
[DetermineDesiredStateAchievingActionsStep] Current state of application worksync-srv: STARTED#
#2026 07 08 19:18:52.175#Z#DEBUG#b2605f0d-7b01-11f1-81cb-eeee0a93546a.OPERATION#flowable-async-job-executor-thread-5565#
[DetermineDesiredStateAchievingActionsStep] Desired state of application worksync-srv: STARTED#
#2026 07 08 19:18:52.175#Z#DEBUG#b2605f0d-7b01-11f1-81cb-eeee0a93546a.OPERATION#flowable-async-job-executor-thread-5565#
[DetermineDesiredStateAchievingActionsStep] Actions that should be executed on application worksync-srv: [STOP, STAGE, START]#
#2026 07 08 19:18:52.175#Z#DEBUG#b2605f0d-7b01-11f1-81cb-eeee0a93546a.OPERATION#flowable-async-job-executor-thread-5565#
Step "Determine Desired State Achieving Actions" finished#
#2026 07 08 19:18:52.213#Z#DEBUG#b2605f0d-7b01-11f1-81cb-eeee0a93546a.OPERATION#flowable-async-job-executor-thread-5565#
[StopAppStep] Executing task "stopAppTask" of process "d067e725-7b01-11f1-81cb-eeee0a93546a"...#
#2026 07 08 19:18:52.216#Z#INFO#b2605f0d-7b01-11f1-81cb-eeee0a93546a.OPERATION#flowable-async-job-executor-thread-5565#
[StopAppStep] Stopping application "worksync-srv"...#
#2026 07 08 19:18:52.221#Z#DEBUG#b2605f0d-7b01-11f1-81cb-eeee0a93546a.OPERATION#flowable-async-job-executor-thread-5565#
[StopAppStep] Stopping application "worksync-srv"...#
#2026 07 08 19:18:52.341#Z#DEBUG#b2605f0d-7b01-11f1-81cb-eeee0a93546a.OPERATION#flowable-async-job-executor-thread-5565#
[StopAppStep] Application "worksync-srv" stopped#
#2026 07 08 19:18:52.341#Z#DEBUG#b2605f0d-7b01-11f1-81cb-eeee0a93546a.OPERATION#flowable-async-job-executor-thread-5565#
[StopAppStep] Getting environment of application "62645462-e3c5-4e94-9a37-279b7c283ccd"...#
#2026 07 08 19:18:52.375#Z#DEBUG#b2605f0d-7b01-11f1-81cb-eeee0a93546a.OPERATION#flowable-async-job-executor-thread-5565#
Step "Stop App" finished#
#2026 07 08 19:18:47.438#Z#DEBUG#b2605f0d-7b01-11f1-81cb-eeee0a93546a.OPERATION#App upload monitor: 5fe755a7-3cd1-4c79-8b3e-3c22a67be519#
[UploadAppStep] Upload status: PROCESSING_UPLOAD#
#2026 07 08 19:18:52.465#Z#DEBUG#b2605f0d-7b01-11f1-81cb-eeee0a93546a.OPERATION#App upload monitor: 5fe755a7-3cd1-4c79-8b3e-3c22a67be519#
[UploadAppStep] Upload status: READY#
#2026 07 08 19:18:52.436#Z#DEBUG#b2605f0d-7b01-11f1-81cb-eeee0a93546a.OPERATION#flowable-async-job-executor-thread-5565#
[StageAppStep] Executing task "stageAppTask" of process "daf3f2a8-7b01-11f1-81cb-eeee0a93546a"...#
#2026 07 08 19:18:52.442#Z#DEBUG#b2605f0d-7b01-11f1-81cb-eeee0a93546a.OPERATION#flowable-async-job-executor-thread-5565#
[StageAppStep] Application stage timeout is default one: 3,600 seconds#
#2026 07 08 19:18:52.447#Z#INFO#b2605f0d-7b01-11f1-81cb-eeee0a93546a.OPERATION#flowable-async-job-executor-thread-5565#
[StageAppStep] Staging application "worksync-srv"...#
#2026 07 08 19:18:52.451#Z#DEBUG#b2605f0d-7b01-11f1-81cb-eeee0a93546a.OPERATION#flowable-async-job-executor-thread-5565#
[StageAppStep] Creating build for package "5fe755a7-3cd1-4c79-8b3e-3c22a67be519"...#
#2026 07 08 19:18:52.852#Z#DEBUG#b2605f0d-7b01-11f1-81cb-eeee0a93546a.OPERATION#flowable-async-job-executor-thread-5565#
Step "Stage App" finished#
#2026 07 08 19:19:01.928#Z#DEBUG#b2605f0d-7b01-11f1-81cb-eeee0a93546a.OPERATION#flowable-async-job-executor-thread-5570#
[StageAppStep] Executing task "stageAppTask" of process "c491f77f-7b01-11f1-92f5-eeee0a8a904b"...#
#2026 07 08 19:19:01.930#Z#DEBUG#b2605f0d-7b01-11f1-81cb-eeee0a93546a.OPERATION#flowable-async-job-executor-thread-5570#
[StageAppStep] Application stage timeout is default one: 3,600 seconds#
#2026 07 08 19:19:01.931#Z#DEBUG#b2605f0d-7b01-11f1-81cb-eeee0a93546a.OPERATION#flowable-async-job-executor-thread-5570#
[StageAppStep] Checking status of application "worksync-db-deployer"...#
#2026 07 08 19:19:01.931#Z#DEBUG#b2605f0d-7b01-11f1-81cb-eeee0a93546a.OPERATION#flowable-async-job-executor-thread-5570#
[StageAppStep] Getting build "bd55a844-755e-41e5-a237-6f552793c106"...#
#2026 07 08 19:19:01.936#Z#DEBUG#b2605f0d-7b01-11f1-81cb-eeee0a93546a.OPERATION#flowable-async-job-executor-thread-5572#
[StageAppStep] Executing task "stageAppTask" of process "daf3f2a8-7b01-11f1-81cb-eeee0a93546a"...#
#2026 07 08 19:19:01.937#Z#DEBUG#b2605f0d-7b01-11f1-81cb-eeee0a93546a.OPERATION#flowable-async-job-executor-thread-5572#
[StageAppStep] Application stage timeout is default one: 3,600 seconds#
#2026 07 08 19:19:01.938#Z#DEBUG#b2605f0d-7b01-11f1-81cb-eeee0a93546a.OPERATION#flowable-async-job-executor-thread-5572#
[StageAppStep] Checking status of application "worksync-srv"...#
#2026 07 08 19:19:01.938#Z#DEBUG#b2605f0d-7b01-11f1-81cb-eeee0a93546a.OPERATION#flowable-async-job-executor-thread-5572#
[StageAppStep] Getting build "9d5fd050-daf1-4746-aa86-d43ca0f7694d"...#
#2026 07 08 19:19:01.966#Z#DEBUG#b2605f0d-7b01-11f1-81cb-eeee0a93546a.OPERATION#flowable-async-job-executor-thread-5570#
[StageAppStep] Staging status of application "worksync-db-deployer": STAGED#
#2026 07 08 19:19:01.967#Z#DEBUG#b2605f0d-7b01-11f1-81cb-eeee0a93546a.OPERATION#flowable-async-job-executor-thread-5570#
[StageAppStep] Getting application guid "worksync-db-deployer"...#
#2026 07 08 19:19:01.971#Z#DEBUG#b2605f0d-7b01-11f1-81cb-eeee0a93546a.OPERATION#flowable-async-job-executor-thread-5572#
[StageAppStep] Staging status of application "worksync-srv": PENDING#
#2026 07 08 19:19:01.972#Z#DEBUG#b2605f0d-7b01-11f1-81cb-eeee0a93546a.OPERATION#flowable-async-job-executor-thread-5572#
[StageAppStep] Getting application guid "worksync-srv"...#
#2026 07 08 19:19:02.046#Z#DEBUG#b2605f0d-7b01-11f1-81cb-eeee0a93546a.OPERATION#flowable-async-job-executor-thread-5570#
[StageAppStep] Getting build "bd55a844-755e-41e5-a237-6f552793c106"...#
#2026 07 08 19:19:02.059#Z#DEBUG#b2605f0d-7b01-11f1-81cb-eeee0a93546a.OPERATION#flowable-async-job-executor-thread-5572#
Step "Stage App" finished#
#2026 07 08 19:19:02.079#Z#DEBUG#b2605f0d-7b01-11f1-81cb-eeee0a93546a.OPERATION#flowable-async-job-executor-thread-5570#
[StageAppStep] Binding droplet "ba2ef5d6-7250-4a22-9c87-6afd75fc3b42" to application "af0ca01f-d4e0-461c-9763-2fd4c1f8f74f"...#
#2026 07 08 19:19:02.132#Z#INFO#b2605f0d-7b01-11f1-81cb-eeee0a93546a.OPERATION#flowable-async-job-executor-thread-5570#
[StageAppStep] Application "worksync-db-deployer" staged#
#2026 07 08 19:19:02.139#Z#DEBUG#b2605f0d-7b01-11f1-81cb-eeee0a93546a.OPERATION#flowable-async-job-executor-thread-5570#
Step "Stage App" finished#
#2026 07 08 19:19:02.210#Z#DEBUG#b2605f0d-7b01-11f1-81cb-eeee0a93546a.OPERATION#flowable-async-job-executor-thread-5570#
[PrepareToExecuteTasksStep] Executing task "prepareToExecuteTasksTask" of process "e0ca643c-7b01-11f1-81cb-eeee0a93546a"...#
#2026 07 08 19:19:02.212#Z#DEBUG#b2605f0d-7b01-11f1-81cb-eeee0a93546a.OPERATION#flowable-async-job-executor-thread-5570#
Step "Prepare To Execute Tasks" finished#
#2026 07 08 19:19:02.238#Z#DEBUG#b2605f0d-7b01-11f1-81cb-eeee0a93546a.OPERATION#flowable-async-job-executor-thread-5570#
[ExecuteTaskStep] Executing task "executeTaskTask" of process "e0ca643c-7b01-11f1-81cb-eeee0a93546a"...#
#2026 07 08 19:19:02.239#Z#DEBUG#b2605f0d-7b01-11f1-81cb-eeee0a93546a.OPERATION#flowable-async-job-executor-thread-5570#
[ExecuteTaskStep] Application task execution timeout is default one: 43,200 seconds#
#2026 07 08 19:19:02.241#Z#INFO#b2605f0d-7b01-11f1-81cb-eeee0a93546a.OPERATION#flowable-async-job-executor-thread-5570#
[ExecuteTaskStep] Executing task "deploy" on application "worksync-db-deployer"...#
#2026 07 08 19:19:02.245#Z#DEBUG#b2605f0d-7b01-11f1-81cb-eeee0a93546a.OPERATION#flowable-async-job-executor-thread-5570#
[ExecuteTaskStep] Running task on application "worksync-db-deployer": {
  "name" : "deploy",
  "command" : "npm start",
  "limits" : {
    "memory" : 256
  }
}#
#2026 07 08 19:19:02.567#Z#DEBUG#b2605f0d-7b01-11f1-81cb-eeee0a93546a.OPERATION#flowable-async-job-executor-thread-5570#
Step "Execute Task" finished#
#2026 07 08 19:19:11.966#Z#DEBUG#b2605f0d-7b01-11f1-81cb-eeee0a93546a.OPERATION#flowable-async-job-executor-thread-5577#
[StageAppStep] Executing task "stageAppTask" of process "daf3f2a8-7b01-11f1-81cb-eeee0a93546a"...#
#2026 07 08 19:19:11.968#Z#DEBUG#b2605f0d-7b01-11f1-81cb-eeee0a93546a.OPERATION#flowable-async-job-executor-thread-5577#
[StageAppStep] Application stage timeout is default one: 3,600 seconds#
#2026 07 08 19:19:11.969#Z#DEBUG#b2605f0d-7b01-11f1-81cb-eeee0a93546a.OPERATION#flowable-async-job-executor-thread-5577#
[StageAppStep] Checking status of application "worksync-srv"...#
#2026 07 08 19:19:11.969#Z#DEBUG#b2605f0d-7b01-11f1-81cb-eeee0a93546a.OPERATION#flowable-async-job-executor-thread-5577#
[StageAppStep] Getting build "9d5fd050-daf1-4746-aa86-d43ca0f7694d"...#
#2026 07 08 19:19:12.015#Z#DEBUG#b2605f0d-7b01-11f1-81cb-eeee0a93546a.OPERATION#flowable-async-job-executor-thread-5577#
[StageAppStep] Staging status of application "worksync-srv": PENDING#
#2026 07 08 19:19:12.016#Z#DEBUG#b2605f0d-7b01-11f1-81cb-eeee0a93546a.OPERATION#flowable-async-job-executor-thread-5577#
[StageAppStep] Getting application guid "worksync-srv"...#
#2026 07 08 19:19:12.113#Z#DEBUG#b2605f0d-7b01-11f1-81cb-eeee0a93546a.OPERATION#flowable-async-job-executor-thread-5577#
Step "Stage App" finished#
#2026 07 08 19:19:11.983#Z#DEBUG#b2605f0d-7b01-11f1-81cb-eeee0a93546a.OPERATION#flowable-async-job-executor-thread-4397#
[ExecuteTaskStep] Executing task "executeTaskTask" of process "e0ca643c-7b01-11f1-81cb-eeee0a93546a"...#
#2026 07 08 19:19:11.986#Z#DEBUG#b2605f0d-7b01-11f1-81cb-eeee0a93546a.OPERATION#flowable-async-job-executor-thread-4397#
[ExecuteTaskStep] Application task execution timeout is default one: 43,200 seconds#
#2026 07 08 19:19:11.987#Z#DEBUG#b2605f0d-7b01-11f1-81cb-eeee0a93546a.OPERATION#flowable-async-job-executor-thread-4397#
[ExecuteTaskStep] Getting task "79860722-cae8-4426-abea-a1a94a4953e0"...#
#2026 07 08 19:19:12.027#Z#DEBUG#b2605f0d-7b01-11f1-81cb-eeee0a93546a.OPERATION#flowable-async-job-executor-thread-4397#
[ExecuteTaskStep] Task execution status: running#
#2026 07 08 19:19:12.029#Z#DEBUG#b2605f0d-7b01-11f1-81cb-eeee0a93546a.OPERATION#flowable-async-job-executor-thread-4397#
[ExecuteTaskStep] Getting application guid "worksync-db-deployer"...#
#2026 07 08 19:19:12.130#Z#DEBUG#b2605f0d-7b01-11f1-81cb-eeee0a93546a.OPERATION#flowable-async-job-executor-thread-4397#
Step "Execute Task" finished#
#2026 07 08 19:19:22.044#Z#DEBUG#b2605f0d-7b01-11f1-81cb-eeee0a93546a.OPERATION#flowable-async-job-executor-thread-5585#
[ExecuteTaskStep] Executing task "executeTaskTask" of process "e0ca643c-7b01-11f1-81cb-eeee0a93546a"...#
#2026 07 08 19:19:22.046#Z#DEBUG#b2605f0d-7b01-11f1-81cb-eeee0a93546a.OPERATION#flowable-async-job-executor-thread-5585#
[ExecuteTaskStep] Application task execution timeout is default one: 43,200 seconds#
#2026 07 08 19:19:22.047#Z#DEBUG#b2605f0d-7b01-11f1-81cb-eeee0a93546a.OPERATION#flowable-async-job-executor-thread-5585#
[ExecuteTaskStep] Getting task "79860722-cae8-4426-abea-a1a94a4953e0"...#
#2026 07 08 19:19:22.088#Z#DEBUG#b2605f0d-7b01-11f1-81cb-eeee0a93546a.OPERATION#flowable-async-job-executor-thread-5585#
[ExecuteTaskStep] Task execution status: failed#
#2026 07 08 19:19:22.091#Z#DEBUG#b2605f0d-7b01-11f1-81cb-eeee0a93546a.OPERATION#flowable-async-job-executor-thread-5585#
[ExecuteTaskStep] Getting application guid "worksync-db-deployer"...#
#2026 07 08 19:19:22.161#Z#ERROR#b2605f0d-7b01-11f1-81cb-eeee0a93546a.OPERATION#flowable-async-job-executor-thread-5585#
[ExecuteTaskStep] Execution of task "deploy" on application "worksync-db-deployer" failed.#
#2026 07 08 19:19:22.169#Z#INFO#b2605f0d-7b01-11f1-81cb-eeee0a93546a.OPERATION#flowable-async-job-executor-thread-5585#
[ExecuteTaskStep] Download the MTA operation logs for more details.#
#2026 07 08 19:19:22.173#Z#DEBUG#b2605f0d-7b01-11f1-81cb-eeee0a93546a.OPERATION#flowable-async-job-executor-thread-5585#
Step "Execute Task" finished#
#2026 07 08 19:19:22.055#Z#DEBUG#b2605f0d-7b01-11f1-81cb-eeee0a93546a.OPERATION#flowable-async-job-executor-thread-5583#
[StageAppStep] Executing task "stageAppTask" of process "daf3f2a8-7b01-11f1-81cb-eeee0a93546a"...#
#2026 07 08 19:19:22.057#Z#DEBUG#b2605f0d-7b01-11f1-81cb-eeee0a93546a.OPERATION#flowable-async-job-executor-thread-5583#
[StageAppStep] Application stage timeout is default one: 3,600 seconds#
#2026 07 08 19:19:22.057#Z#DEBUG#b2605f0d-7b01-11f1-81cb-eeee0a93546a.OPERATION#flowable-async-job-executor-thread-5583#
[StageAppStep] Checking status of application "worksync-srv"...#
#2026 07 08 19:19:22.057#Z#DEBUG#b2605f0d-7b01-11f1-81cb-eeee0a93546a.OPERATION#flowable-async-job-executor-thread-5583#
[StageAppStep] Getting build "9d5fd050-daf1-4746-aa86-d43ca0f7694d"...#
#2026 07 08 19:19:22.097#Z#DEBUG#b2605f0d-7b01-11f1-81cb-eeee0a93546a.OPERATION#flowable-async-job-executor-thread-5583#
[StageAppStep] Staging status of application "worksync-srv": PENDING#
#2026 07 08 19:19:22.098#Z#DEBUG#b2605f0d-7b01-11f1-81cb-eeee0a93546a.OPERATION#flowable-async-job-executor-thread-5583#
[StageAppStep] Getting application guid "worksync-srv"...#
#2026 07 08 19:19:22.188#Z#DEBUG#b2605f0d-7b01-11f1-81cb-eeee0a93546a.OPERATION#flowable-async-job-executor-thread-5583#
Step "Stage App" finished#
#2026 07 08 19:19:24.233#Z#DEBUG#b2605f0d-7b01-11f1-81cb-eeee0a93546a.OPERATION#flowable-async-job-executor-thread-5584#
[ExecuteTaskStep] Executing task "executeTaskTask" of process "e0ca643c-7b01-11f1-81cb-eeee0a93546a"...#
#2026 07 08 19:19:24.235#Z#DEBUG#b2605f0d-7b01-11f1-81cb-eeee0a93546a.OPERATION#flowable-async-job-executor-thread-5584#
[ExecuteTaskStep] Application task execution timeout is default one: 43,200 seconds#
#2026 07 08 19:19:24.291#Z#INFO#b2605f0d-7b01-11f1-81cb-eeee0a93546a.OPERATION#flowable-async-job-executor-thread-5584#
[ExecuteTaskStep] Executing task "deploy" on application "worksync-db-deployer"...#
#2026 07 08 19:19:24.296#Z#DEBUG#b2605f0d-7b01-11f1-81cb-eeee0a93546a.OPERATION#flowable-async-job-executor-thread-5584#
[ExecuteTaskStep] Running task on application "worksync-db-deployer": {
  "name" : "deploy",
  "command" : "npm start",
  "limits" : {
    "memory" : 256
  }
}#
#2026 07 08 19:19:24.582#Z#DEBUG#b2605f0d-7b01-11f1-81cb-eeee0a93546a.OPERATION#flowable-async-job-executor-thread-5584#
Step "Execute Task" finished#
#2026 07 08 19:19:32.069#Z#DEBUG#b2605f0d-7b01-11f1-81cb-eeee0a93546a.OPERATION#flowable-async-job-executor-thread-5596#
[ExecuteTaskStep] Executing task "executeTaskTask" of process "e0ca643c-7b01-11f1-81cb-eeee0a93546a"...#
#2026 07 08 19:19:32.071#Z#DEBUG#b2605f0d-7b01-11f1-81cb-eeee0a93546a.OPERATION#flowable-async-job-executor-thread-5596#
[ExecuteTaskStep] Application task execution timeout is default one: 43,200 seconds#
#2026 07 08 19:19:32.072#Z#DEBUG#b2605f0d-7b01-11f1-81cb-eeee0a93546a.OPERATION#flowable-async-job-executor-thread-5596#
[ExecuteTaskStep] Getting task "0100f463-76e5-42a6-be84-efdbd12bac93"...#
#2026 07 08 19:19:32.113#Z#DEBUG#b2605f0d-7b01-11f1-81cb-eeee0a93546a.OPERATION#flowable-async-job-executor-thread-5596#
[ExecuteTaskStep] Task execution status: running#
#2026 07 08 19:19:32.115#Z#DEBUG#b2605f0d-7b01-11f1-81cb-eeee0a93546a.OPERATION#flowable-async-job-executor-thread-5596#
[ExecuteTaskStep] Getting application guid "worksync-db-deployer"...#
#2026 07 08 19:19:32.185#Z#DEBUG#b2605f0d-7b01-11f1-81cb-eeee0a93546a.OPERATION#flowable-async-job-executor-thread-5596#
Step "Execute Task" finished#
#2026 07 08 19:19:32.091#Z#DEBUG#b2605f0d-7b01-11f1-81cb-eeee0a93546a.OPERATION#flowable-async-job-executor-thread-4406#
[StageAppStep] Executing task "stageAppTask" of process "daf3f2a8-7b01-11f1-81cb-eeee0a93546a"...#
#2026 07 08 19:19:32.093#Z#DEBUG#b2605f0d-7b01-11f1-81cb-eeee0a93546a.OPERATION#flowable-async-job-executor-thread-4406#
[StageAppStep] Application stage timeout is default one: 3,600 seconds#
#2026 07 08 19:19:32.094#Z#DEBUG#b2605f0d-7b01-11f1-81cb-eeee0a93546a.OPERATION#flowable-async-job-executor-thread-4406#
[StageAppStep] Checking status of application "worksync-srv"...#
#2026 07 08 19:19:32.094#Z#DEBUG#b2605f0d-7b01-11f1-81cb-eeee0a93546a.OPERATION#flowable-async-job-executor-thread-4406#
[StageAppStep] Getting build "9d5fd050-daf1-4746-aa86-d43ca0f7694d"...#
#2026 07 08 19:19:32.136#Z#DEBUG#b2605f0d-7b01-11f1-81cb-eeee0a93546a.OPERATION#flowable-async-job-executor-thread-4406#
[StageAppStep] Staging status of application "worksync-srv": STAGED#
#2026 07 08 19:19:32.138#Z#DEBUG#b2605f0d-7b01-11f1-81cb-eeee0a93546a.OPERATION#flowable-async-job-executor-thread-4406#
[StageAppStep] Getting application guid "worksync-srv"...#
#2026 07 08 19:19:32.239#Z#DEBUG#b2605f0d-7b01-11f1-81cb-eeee0a93546a.OPERATION#flowable-async-job-executor-thread-4406#
[StageAppStep] Getting build "9d5fd050-daf1-4746-aa86-d43ca0f7694d"...#
#2026 07 08 19:19:32.280#Z#DEBUG#b2605f0d-7b01-11f1-81cb-eeee0a93546a.OPERATION#flowable-async-job-executor-thread-4406#
[StageAppStep] Binding droplet "d3050a30-b6c4-43af-a950-6f6822cd4bdf" to application "62645462-e3c5-4e94-9a37-279b7c283ccd"...#
#2026 07 08 19:19:32.340#Z#INFO#b2605f0d-7b01-11f1-81cb-eeee0a93546a.OPERATION#flowable-async-job-executor-thread-4406#
[StageAppStep] Application "worksync-srv" staged#
#2026 07 08 19:19:32.346#Z#DEBUG#b2605f0d-7b01-11f1-81cb-eeee0a93546a.OPERATION#flowable-async-job-executor-thread-4406#
Step "Stage App" finished#
#2026 07 08 19:19:32.384#Z#DEBUG#b2605f0d-7b01-11f1-81cb-eeee0a93546a.OPERATION#flowable-async-job-executor-thread-4407#
[RestartAppStep] Executing task "startAppTask" of process "daf3f2a8-7b01-11f1-81cb-eeee0a93546a"...#
#2026 07 08 19:19:32.388#Z#DEBUG#b2605f0d-7b01-11f1-81cb-eeee0a93546a.OPERATION#flowable-async-job-executor-thread-4407#
[RestartAppStep] Application start timeout is default one: 3,600 seconds#
#2026 07 08 19:19:32.399#Z#DEBUG#b2605f0d-7b01-11f1-81cb-eeee0a93546a.OPERATION#flowable-async-job-executor-thread-4407#
[RestartAppStep] Getting application "worksync-srv"...#
#2026 07 08 19:19:32.442#Z#INFO#b2605f0d-7b01-11f1-81cb-eeee0a93546a.OPERATION#flowable-async-job-executor-thread-4407#
[RestartAppStep] Starting application "worksync-srv"...#
#2026 07 08 19:19:32.447#Z#DEBUG#b2605f0d-7b01-11f1-81cb-eeee0a93546a.OPERATION#flowable-async-job-executor-thread-4407#
[RestartAppStep] Starting application "worksync-srv"...#
#2026 07 08 19:19:32.689#Z#DEBUG#b2605f0d-7b01-11f1-81cb-eeee0a93546a.OPERATION#flowable-async-job-executor-thread-4407#
Step "Start App" finished#
#2026 07 08 19:19:42.231#Z#DEBUG#b2605f0d-7b01-11f1-81cb-eeee0a93546a.OPERATION#flowable-async-job-executor-thread-4410#
[RestartAppStep] Executing task "startAppTask" of process "f2fb11da-7b01-11f1-92f5-eeee0a8a904b"...#
#2026 07 08 19:19:42.243#Z#DEBUG#b2605f0d-7b01-11f1-81cb-eeee0a93546a.OPERATION#flowable-async-job-executor-thread-4410#
[RestartAppStep] Application start timeout is default one: 3,600 seconds#
#2026 07 08 19:19:42.245#Z#DEBUG#b2605f0d-7b01-11f1-81cb-eeee0a93546a.OPERATION#flowable-async-job-executor-thread-4410#
[RestartAppStep] Checking status of application "worksync-srv"...#
#2026 07 08 19:19:42.245#Z#DEBUG#b2605f0d-7b01-11f1-81cb-eeee0a93546a.OPERATION#flowable-async-job-executor-thread-4410#
[RestartAppStep] Getting application "worksync-srv"...#
#2026 07 08 19:19:42.286#Z#DEBUG#b2605f0d-7b01-11f1-81cb-eeee0a93546a.OPERATION#flowable-async-job-executor-thread-4410#
[RestartAppStep] Getting instances for application "worksync-srv"...#
#2026 07 08 19:19:42.352#Z#DEBUG#b2605f0d-7b01-11f1-81cb-eeee0a93546a.OPERATION#flowable-async-job-executor-thread-4410#
[RestartAppStep] Application "worksync-srv": 0 of 1 instances running (1 starting)#
#2026 07 08 19:19:42.382#Z#DEBUG#b2605f0d-7b01-11f1-81cb-eeee0a93546a.OPERATION#flowable-async-job-executor-thread-4410#
Step "Start App" finished#
#2026 07 08 19:19:42.260#Z#DEBUG#b2605f0d-7b01-11f1-81cb-eeee0a93546a.OPERATION#flowable-async-job-executor-thread-4413#
[ExecuteTaskStep] Executing task "executeTaskTask" of process "e0ca643c-7b01-11f1-81cb-eeee0a93546a"...#
#2026 07 08 19:19:42.262#Z#DEBUG#b2605f0d-7b01-11f1-81cb-eeee0a93546a.OPERATION#flowable-async-job-executor-thread-4413#
[ExecuteTaskStep] Application task execution timeout is default one: 43,200 seconds#
#2026 07 08 19:19:42.264#Z#DEBUG#b2605f0d-7b01-11f1-81cb-eeee0a93546a.OPERATION#flowable-async-job-executor-thread-4413#
[ExecuteTaskStep] Getting task "0100f463-76e5-42a6-be84-efdbd12bac93"...#
#2026 07 08 19:19:42.292#Z#DEBUG#b2605f0d-7b01-11f1-81cb-eeee0a93546a.OPERATION#flowable-async-job-executor-thread-4413#
[ExecuteTaskStep] Task execution status: failed#
#2026 07 08 19:19:42.293#Z#DEBUG#b2605f0d-7b01-11f1-81cb-eeee0a93546a.OPERATION#flowable-async-job-executor-thread-4413#
[ExecuteTaskStep] Getting application guid "worksync-db-deployer"...#
#2026 07 08 19:19:42.384#Z#ERROR#b2605f0d-7b01-11f1-81cb-eeee0a93546a.OPERATION#flowable-async-job-executor-thread-4413#
[ExecuteTaskStep] Execution of task "deploy" on application "worksync-db-deployer" failed.#
#2026 07 08 19:19:42.392#Z#INFO#b2605f0d-7b01-11f1-81cb-eeee0a93546a.OPERATION#flowable-async-job-executor-thread-4413#
[ExecuteTaskStep] Download the MTA operation logs for more details.#
#2026 07 08 19:19:42.399#Z#DEBUG#b2605f0d-7b01-11f1-81cb-eeee0a93546a.OPERATION#flowable-async-job-executor-thread-4413#
Step "Execute Task" finished#
#2026 07 08 19:19:45.595#Z#DEBUG#b2605f0d-7b01-11f1-81cb-eeee0a93546a.OPERATION#flowable-async-job-executor-thread-5604#
[ExecuteTaskStep] Executing task "executeTaskTask" of process "e0ca643c-7b01-11f1-81cb-eeee0a93546a"...#
#2026 07 08 19:19:45.597#Z#DEBUG#b2605f0d-7b01-11f1-81cb-eeee0a93546a.OPERATION#flowable-async-job-executor-thread-5604#
[ExecuteTaskStep] Application task execution timeout is default one: 43,200 seconds#
#2026 07 08 19:19:45.600#Z#INFO#b2605f0d-7b01-11f1-81cb-eeee0a93546a.OPERATION#flowable-async-job-executor-thread-5604#
[ExecuteTaskStep] Executing task "deploy" on application "worksync-db-deployer"...#
#2026 07 08 19:19:45.606#Z#DEBUG#b2605f0d-7b01-11f1-81cb-eeee0a93546a.OPERATION#flowable-async-job-executor-thread-5604#
[ExecuteTaskStep] Running task on application "worksync-db-deployer": {
  "name" : "deploy",
  "command" : "npm start",
  "limits" : {
    "memory" : 256
  }
}#
#2026 07 08 19:19:45.887#Z#DEBUG#b2605f0d-7b01-11f1-81cb-eeee0a93546a.OPERATION#flowable-async-job-executor-thread-5604#
Step "Execute Task" finished#
#2026 07 08 19:19:52.204#Z#DEBUG#b2605f0d-7b01-11f1-81cb-eeee0a93546a.OPERATION#flowable-async-job-executor-thread-5609#
[RestartAppStep] Executing task "startAppTask" of process "f8c268fa-7b01-11f1-92f5-eeee0a8a904b"...#
#2026 07 08 19:19:52.207#Z#DEBUG#b2605f0d-7b01-11f1-81cb-eeee0a93546a.OPERATION#flowable-async-job-executor-thread-5609#
[RestartAppStep] Application start timeout is default one: 3,600 seconds#
#2026 07 08 19:19:52.207#Z#DEBUG#b2605f0d-7b01-11f1-81cb-eeee0a93546a.OPERATION#flowable-async-job-executor-thread-5609#
[RestartAppStep] Checking status of application "worksync-srv"...#
#2026 07 08 19:19:52.208#Z#DEBUG#b2605f0d-7b01-11f1-81cb-eeee0a93546a.OPERATION#flowable-async-job-executor-thread-5609#
[RestartAppStep] Getting instances for application "worksync-srv"...#
#2026 07 08 19:19:52.247#Z#DEBUG#b2605f0d-7b01-11f1-81cb-eeee0a93546a.OPERATION#flowable-async-job-executor-thread-5609#
[RestartAppStep] Application "worksync-srv": 1 of 1 instances running (1 running)#
#2026 07 08 19:19:52.299#Z#DEBUG#b2605f0d-7b01-11f1-81cb-eeee0a93546a.OPERATION#flowable-async-job-executor-thread-5609#
[RestartAppStep] Getting routes for application "62645462-e3c5-4e94-9a37-279b7c283ccd"...#
#2026 07 08 19:19:52.330#Z#INFO#b2605f0d-7b01-11f1-81cb-eeee0a93546a.OPERATION#flowable-async-job-executor-thread-5609#
[RestartAppStep] Application "worksync-srv" started and available at "9b59819ctrial-dev-worksync-srv.cfapps.us10-001.hana.ondemand.com"#
#2026 07 08 19:19:52.335#Z#DEBUG#b2605f0d-7b01-11f1-81cb-eeee0a93546a.OPERATION#flowable-async-job-executor-thread-5609#
Step "Start App" finished#
#2026 07 08 19:19:52.214#Z#DEBUG#b2605f0d-7b01-11f1-81cb-eeee0a93546a.OPERATION#flowable-async-job-executor-thread-5613#
[ExecuteTaskStep] Executing task "executeTaskTask" of process "e0ca643c-7b01-11f1-81cb-eeee0a93546a"...#
#2026 07 08 19:19:52.215#Z#DEBUG#b2605f0d-7b01-11f1-81cb-eeee0a93546a.OPERATION#flowable-async-job-executor-thread-5613#
[ExecuteTaskStep] Application task execution timeout is default one: 43,200 seconds#
#2026 07 08 19:19:52.217#Z#DEBUG#b2605f0d-7b01-11f1-81cb-eeee0a93546a.OPERATION#flowable-async-job-executor-thread-5613#
[ExecuteTaskStep] Getting task "6c9e8d16-144b-4459-8829-1180f44631c8"...#
#2026 07 08 19:19:52.246#Z#DEBUG#b2605f0d-7b01-11f1-81cb-eeee0a93546a.OPERATION#flowable-async-job-executor-thread-5613#
[ExecuteTaskStep] Task execution status: running#
#2026 07 08 19:19:52.247#Z#DEBUG#b2605f0d-7b01-11f1-81cb-eeee0a93546a.OPERATION#flowable-async-job-executor-thread-5613#
[ExecuteTaskStep] Getting application guid "worksync-db-deployer"...#
#2026 07 08 19:19:52.335#Z#DEBUG#b2605f0d-7b01-11f1-81cb-eeee0a93546a.OPERATION#flowable-async-job-executor-thread-5613#
Step "Execute Task" finished#
#2026 07 08 19:20:02.255#Z#DEBUG#b2605f0d-7b01-11f1-81cb-eeee0a93546a.OPERATION#flowable-async-job-executor-thread-4423#
[RestartAppStep] Executing task "startAppTask" of process "feb0cf67-7b01-11f1-81cb-eeee0a93546a"...#
#2026 07 08 19:20:02.258#Z#DEBUG#b2605f0d-7b01-11f1-81cb-eeee0a93546a.OPERATION#flowable-async-job-executor-thread-4423#
[RestartAppStep] Application start timeout is default one: 3,600 seconds#
#2026 07 08 19:20:02.260#Z#DEBUG#b2605f0d-7b01-11f1-81cb-eeee0a93546a.OPERATION#flowable-async-job-executor-thread-4423#
Step "Start App" finished#
#2026 07 08 19:20:02.355#Z#DEBUG#b2605f0d-7b01-11f1-81cb-eeee0a93546a.OPERATION#flowable-async-job-executor-thread-4423#
[PrepareToExecuteTasksStep] Executing task "prepareToExecuteTasksTask" of process "04a15992-7b02-11f1-92f5-eeee0a8a904b"...#
#2026 07 08 19:20:02.358#Z#DEBUG#b2605f0d-7b01-11f1-81cb-eeee0a93546a.OPERATION#flowable-async-job-executor-thread-4423#
Step "Prepare To Execute Tasks" finished#
#2026 07 08 19:20:02.423#Z#DEBUG#b2605f0d-7b01-11f1-81cb-eeee0a93546a.OPERATION#flowable-async-job-executor-thread-4423#
[PublishConfigurationEntriesStep] Executing task "publishProvidedDependenciesTask" of process "049b65fb-7b02-11f1-92f5-eeee0a8a904b"...#
#2026 07 08 19:20:02.424#Z#DEBUG#b2605f0d-7b01-11f1-81cb-eeee0a93546a.OPERATION#flowable-async-job-executor-thread-4423#
[PublishConfigurationEntriesStep] Publishing public provided dependencies for application "worksync-srv"...#
#2026 07 08 19:20:02.425#Z#DEBUG#b2605f0d-7b01-11f1-81cb-eeee0a93546a.OPERATION#flowable-async-job-executor-thread-4423#
[PublishConfigurationEntriesStep] No public provided dependencies for publishing#
#2026 07 08 19:20:02.425#Z#DEBUG#b2605f0d-7b01-11f1-81cb-eeee0a93546a.OPERATION#flowable-async-job-executor-thread-4423#
Step "Publish Provided Dependencies" finished#
#2026 07 08 19:20:02.240#Z#DEBUG#b2605f0d-7b01-11f1-81cb-eeee0a93546a.OPERATION#flowable-async-job-executor-thread-4425#
[ExecuteTaskStep] Executing task "executeTaskTask" of process "e0ca643c-7b01-11f1-81cb-eeee0a93546a"...#
#2026 07 08 19:20:02.242#Z#DEBUG#b2605f0d-7b01-11f1-81cb-eeee0a93546a.OPERATION#flowable-async-job-executor-thread-4425#
[ExecuteTaskStep] Application task execution timeout is default one: 43,200 seconds#
#2026 07 08 19:20:02.319#Z#DEBUG#b2605f0d-7b01-11f1-81cb-eeee0a93546a.OPERATION#flowable-async-job-executor-thread-4425#
[ExecuteTaskStep] Getting task "6c9e8d16-144b-4459-8829-1180f44631c8"...#
#2026 07 08 19:20:02.373#Z#DEBUG#b2605f0d-7b01-11f1-81cb-eeee0a93546a.OPERATION#flowable-async-job-executor-thread-4425#
[ExecuteTaskStep] Task execution status: failed#
#2026 07 08 19:20:02.375#Z#DEBUG#b2605f0d-7b01-11f1-81cb-eeee0a93546a.OPERATION#flowable-async-job-executor-thread-4425#
[ExecuteTaskStep] Getting application guid "worksync-db-deployer"...#
#2026 07 08 19:20:02.445#Z#ERROR#b2605f0d-7b01-11f1-81cb-eeee0a93546a.OPERATION#flowable-async-job-executor-thread-4425#
[ExecuteTaskStep] Execution of task "deploy" on application "worksync-db-deployer" failed.#
#2026 07 08 19:20:02.455#Z#INFO#b2605f0d-7b01-11f1-81cb-eeee0a93546a.OPERATION#flowable-async-job-executor-thread-4425#
[ExecuteTaskStep] Download the MTA operation logs for more details.#
#2026 07 08 19:20:02.460#Z#DEBUG#b2605f0d-7b01-11f1-81cb-eeee0a93546a.OPERATION#flowable-async-job-executor-thread-4425#
Step "Execute Task" finished#
#2026 07 08 19:20:02.468#Z#DEBUG#b2605f0d-7b01-11f1-81cb-eeee0a93546a.OPERATION#flowable-async-job-executor-thread-4423#
[CreateOrUpdateServiceBrokerStep] Executing task "createOrUpdateServiceBrokerTask" of process "049b65fb-7b02-11f1-92f5-eeee0a8a904b"...#
#2026 07 08 19:20:02.470#Z#DEBUG#b2605f0d-7b01-11f1-81cb-eeee0a93546a.OPERATION#flowable-async-job-executor-thread-4423#
[CreateOrUpdateServiceBrokerStep] Creating service brokers...#
#2026 07 08 19:20:02.471#Z#DEBUG#b2605f0d-7b01-11f1-81cb-eeee0a93546a.OPERATION#flowable-async-job-executor-thread-4423#
Step "Create Or Update Service Broker " finished#
#2026 07 08 19:20:03.897#Z#DEBUG#b2605f0d-7b01-11f1-81cb-eeee0a93546a.OPERATION#flowable-async-job-executor-thread-5614#
[ExecuteTaskStep] Executing task "executeTaskTask" of process "e0ca643c-7b01-11f1-81cb-eeee0a93546a"...#
#2026 07 08 19:20:03.899#Z#DEBUG#b2605f0d-7b01-11f1-81cb-eeee0a93546a.OPERATION#flowable-async-job-executor-thread-5614#
[ExecuteTaskStep] Application task execution timeout is default one: 43,200 seconds#
#2026 07 08 19:20:03.901#Z#INFO#b2605f0d-7b01-11f1-81cb-eeee0a93546a.OPERATION#flowable-async-job-executor-thread-5614#
[ExecuteTaskStep] Executing task "deploy" on application "worksync-db-deployer"...#
#2026 07 08 19:20:03.905#Z#DEBUG#b2605f0d-7b01-11f1-81cb-eeee0a93546a.OPERATION#flowable-async-job-executor-thread-5614#
[ExecuteTaskStep] Running task on application "worksync-db-deployer": {
  "name" : "deploy",
  "command" : "npm start",
  "limits" : {
    "memory" : 256
  }
}#
#2026 07 08 19:20:04.151#Z#DEBUG#b2605f0d-7b01-11f1-81cb-eeee0a93546a.OPERATION#flowable-async-job-executor-thread-5614#
Step "Execute Task" finished#
#2026 07 08 19:20:12.279#Z#DEBUG#b2605f0d-7b01-11f1-81cb-eeee0a93546a.OPERATION#flowable-async-job-executor-thread-5616#
[ExecuteTaskStep] Executing task "executeTaskTask" of process "e0ca643c-7b01-11f1-81cb-eeee0a93546a"...#
#2026 07 08 19:20:12.280#Z#DEBUG#b2605f0d-7b01-11f1-81cb-eeee0a93546a.OPERATION#flowable-async-job-executor-thread-5616#
[ExecuteTaskStep] Application task execution timeout is default one: 43,200 seconds#
#2026 07 08 19:20:12.286#Z#DEBUG#b2605f0d-7b01-11f1-81cb-eeee0a93546a.OPERATION#flowable-async-job-executor-thread-5616#
[ExecuteTaskStep] Getting task "14988c20-caf0-45ce-92ba-0b7f8c9fda7a"...#
#2026 07 08 19:20:12.322#Z#DEBUG#b2605f0d-7b01-11f1-81cb-eeee0a93546a.OPERATION#flowable-async-job-executor-thread-5616#
[ExecuteTaskStep] Task execution status: running#
#2026 07 08 19:20:12.323#Z#DEBUG#b2605f0d-7b01-11f1-81cb-eeee0a93546a.OPERATION#flowable-async-job-executor-thread-5616#
[ExecuteTaskStep] Getting application guid "worksync-db-deployer"...#
#2026 07 08 19:20:12.405#Z#DEBUG#b2605f0d-7b01-11f1-81cb-eeee0a93546a.OPERATION#flowable-async-job-executor-thread-5616#
Step "Execute Task" finished#
#2026 07 08 19:20:22.332#Z#DEBUG#b2605f0d-7b01-11f1-81cb-eeee0a93546a.OPERATION#flowable-async-job-executor-thread-4437#
[ExecuteTaskStep] Executing task "executeTaskTask" of process "e0ca643c-7b01-11f1-81cb-eeee0a93546a"...#
#2026 07 08 19:20:22.335#Z#DEBUG#b2605f0d-7b01-11f1-81cb-eeee0a93546a.OPERATION#flowable-async-job-executor-thread-4437#
[ExecuteTaskStep] Application task execution timeout is default one: 43,200 seconds#
#2026 07 08 19:20:22.404#Z#DEBUG#b2605f0d-7b01-11f1-81cb-eeee0a93546a.OPERATION#flowable-async-job-executor-thread-4437#
[ExecuteTaskStep] Getting task "14988c20-caf0-45ce-92ba-0b7f8c9fda7a"...#
#2026 07 08 19:20:22.445#Z#DEBUG#b2605f0d-7b01-11f1-81cb-eeee0a93546a.OPERATION#flowable-async-job-executor-thread-4437#
[ExecuteTaskStep] Task execution status: failed#
#2026 07 08 19:20:22.447#Z#DEBUG#b2605f0d-7b01-11f1-81cb-eeee0a93546a.OPERATION#flowable-async-job-executor-thread-4437#
[ExecuteTaskStep] Getting application guid "worksync-db-deployer"...#
#2026 07 08 19:20:22.515#Z#ERROR#b2605f0d-7b01-11f1-81cb-eeee0a93546a.OPERATION#flowable-async-job-executor-thread-4437#
[ExecuteTaskStep] Execution of task "deploy" on application "worksync-db-deployer" failed.#
#2026 07 08 19:20:22.522#Z#INFO#b2605f0d-7b01-11f1-81cb-eeee0a93546a.OPERATION#flowable-async-job-executor-thread-4437#
[ExecuteTaskStep] Download the MTA operation logs for more details.#
#2026 07 08 19:20:22.526#Z#DEBUG#b2605f0d-7b01-11f1-81cb-eeee0a93546a.OPERATION#flowable-async-job-executor-thread-4437#
Step "Execute Task" finished#
