#2026 07 08 19:18:41.911#Z#DEBUG#b2605f0d-7b01-11f1-81cb-eeee0a93546a.worksync-db-deployer#flowable-async-job-executor-thread-5553#
[PollStageAppStatusExecution] af0ca01f-d4e0-461c-9763-2fd4c1f8f74f [2026-07-08T19:18:14.029236] Updated app with guid af0ca01f-d4e0-461c-9763-2fd4c1f8f74f ({"lifecycle"=>{"data"=>{"buildpacks"=>["nodejs_buildpack"]}, "type"=>"buildpack"}}) (STDOUT, API)#
#2026 07 08 19:18:41.911#Z#DEBUG#b2605f0d-7b01-11f1-81cb-eeee0a93546a.worksync-db-deployer#flowable-async-job-executor-thread-5553#
[PollStageAppStatusExecution] af0ca01f-d4e0-461c-9763-2fd4c1f8f74f [2026-07-08T19:18:14.122021] Updating process: "web" (STDOUT, API)#
#2026 07 08 19:18:41.911#Z#DEBUG#b2605f0d-7b01-11f1-81cb-eeee0a93546a.worksync-db-deployer#flowable-async-job-executor-thread-5553#
[PollStageAppStatusExecution] af0ca01f-d4e0-461c-9763-2fd4c1f8f74f [2026-07-08T19:18:22.836081] Uploading app package for app with guid af0ca01f-d4e0-461c-9763-2fd4c1f8f74f (STDOUT, API)#
#2026 07 08 19:18:41.911#Z#DEBUG#b2605f0d-7b01-11f1-81cb-eeee0a93546a.worksync-db-deployer#flowable-async-job-executor-thread-5553#
[PollStageAppStatusExecution] af0ca01f-d4e0-461c-9763-2fd4c1f8f74f [2026-07-08T19:18:22.998103] Updated app with guid af0ca01f-d4e0-461c-9763-2fd4c1f8f74f ({"environment_variables"=>"[PRIVATE DATA HIDDEN]"}) (STDOUT, API)#
#2026 07 08 19:18:41.911#Z#DEBUG#b2605f0d-7b01-11f1-81cb-eeee0a93546a.worksync-db-deployer#flowable-async-job-executor-thread-5553#
[PollStageAppStatusExecution] af0ca01f-d4e0-461c-9763-2fd4c1f8f74f [2026-07-08T19:18:32.123832] Creating build for app with guid af0ca01f-d4e0-461c-9763-2fd4c1f8f74f (STDOUT, API)#
#2026 07 08 19:18:41.911#Z#DEBUG#b2605f0d-7b01-11f1-81cb-eeee0a93546a.worksync-db-deployer#flowable-async-job-executor-thread-5553#
[PollStageAppStatusExecution] af0ca01f-d4e0-461c-9763-2fd4c1f8f74f [2026-07-08T19:18:32.591641] Downloading nodejs_buildpack... (STDOUT, STG)#
#2026 07 08 19:18:41.911#Z#DEBUG#b2605f0d-7b01-11f1-81cb-eeee0a93546a.worksync-db-deployer#flowable-async-job-executor-thread-5553#
[PollStageAppStatusExecution] af0ca01f-d4e0-461c-9763-2fd4c1f8f74f [2026-07-08T19:18:32.652403] Downloaded nodejs_buildpack (STDOUT, STG)#
#2026 07 08 19:18:41.911#Z#DEBUG#b2605f0d-7b01-11f1-81cb-eeee0a93546a.worksync-db-deployer#flowable-async-job-executor-thread-5553#
[PollStageAppStatusExecution] af0ca01f-d4e0-461c-9763-2fd4c1f8f74f [2026-07-08T19:18:32.652500] Cell 77283d80-dfa7-40ba-ba4e-265aef112085 creating container for instance bd55a844-755e-41e5-a237-6f552793c106 (STDOUT, STG)#
#2026 07 08 19:18:41.911#Z#DEBUG#b2605f0d-7b01-11f1-81cb-eeee0a93546a.worksync-db-deployer#flowable-async-job-executor-thread-5553#
[PollStageAppStatusExecution] af0ca01f-d4e0-461c-9763-2fd4c1f8f74f [2026-07-08T19:18:33.037004] Security group rules were updated (STDOUT, STG)#
#2026 07 08 19:18:41.911#Z#DEBUG#b2605f0d-7b01-11f1-81cb-eeee0a93546a.worksync-db-deployer#flowable-async-job-executor-thread-5553#
[PollStageAppStatusExecution] af0ca01f-d4e0-461c-9763-2fd4c1f8f74f [2026-07-08T19:18:33.111877] Cell 77283d80-dfa7-40ba-ba4e-265aef112085 successfully created container for instance bd55a844-755e-41e5-a237-6f552793c106 (STDOUT, STG)#
#2026 07 08 19:18:41.911#Z#DEBUG#b2605f0d-7b01-11f1-81cb-eeee0a93546a.worksync-db-deployer#flowable-async-job-executor-thread-5553#
[PollStageAppStatusExecution] af0ca01f-d4e0-461c-9763-2fd4c1f8f74f [2026-07-08T19:18:33.377891] Downloading app package... (STDOUT, STG)#
#2026 07 08 19:18:41.911#Z#DEBUG#b2605f0d-7b01-11f1-81cb-eeee0a93546a.worksync-db-deployer#flowable-async-job-executor-thread-5553#
[PollStageAppStatusExecution] af0ca01f-d4e0-461c-9763-2fd4c1f8f74f [2026-07-08T19:18:33.377946] Downloading build artifacts cache... (STDOUT, STG)#
#2026 07 08 19:18:41.911#Z#DEBUG#b2605f0d-7b01-11f1-81cb-eeee0a93546a.worksync-db-deployer#flowable-async-job-executor-thread-5553#
[PollStageAppStatusExecution] af0ca01f-d4e0-461c-9763-2fd4c1f8f74f [2026-07-08T19:18:33.516273] Downloaded build artifacts cache (226B) (STDOUT, STG)#
#2026 07 08 19:18:41.911#Z#DEBUG#b2605f0d-7b01-11f1-81cb-eeee0a93546a.worksync-db-deployer#flowable-async-job-executor-thread-5553#
[PollStageAppStatusExecution] af0ca01f-d4e0-461c-9763-2fd4c1f8f74f [2026-07-08T19:18:35.634431] Downloaded app package (40.5M) (STDOUT, STG)#
#2026 07 08 19:18:41.911#Z#DEBUG#b2605f0d-7b01-11f1-81cb-eeee0a93546a.worksync-db-deployer#flowable-async-job-executor-thread-5553#
[PollStageAppStatusExecution] af0ca01f-d4e0-461c-9763-2fd4c1f8f74f [2026-07-08T19:18:35.695026] -----> Nodejs Buildpack version 1.9.2 (STDOUT, STG)#
#2026 07 08 19:18:41.911#Z#DEBUG#b2605f0d-7b01-11f1-81cb-eeee0a93546a.worksync-db-deployer#flowable-async-job-executor-thread-5553#
[PollStageAppStatusExecution] af0ca01f-d4e0-461c-9763-2fd4c1f8f74f [2026-07-08T19:18:35.900672] -----> Bootstrapping python (STDOUT, STG)#
#2026 07 08 19:18:41.911#Z#DEBUG#b2605f0d-7b01-11f1-81cb-eeee0a93546a.worksync-db-deployer#flowable-async-job-executor-thread-5553#
[PollStageAppStatusExecution] af0ca01f-d4e0-461c-9763-2fd4c1f8f74f [2026-07-08T19:18:35.900691] -----> Installing python 3.13.13 (STDOUT, STG)#
#2026 07 08 19:18:41.911#Z#DEBUG#b2605f0d-7b01-11f1-81cb-eeee0a93546a.worksync-db-deployer#flowable-async-job-executor-thread-5553#
[PollStageAppStatusExecution] af0ca01f-d4e0-461c-9763-2fd4c1f8f74f [2026-07-08T19:18:35.900704] Copy [/tmp/buildpacks/17bd89c67d092631/dependencies/268a5e3743d51a14b86ea9da64439307/python_3.13.13_linux_x64_cflinuxfs4_8311abbf.tgz] (STDOUT, STG)#
#2026 07 08 19:18:41.911#Z#DEBUG#b2605f0d-7b01-11f1-81cb-eeee0a93546a.worksync-db-deployer#flowable-async-job-executor-thread-5553#
[PollStageAppStatusExecution] af0ca01f-d4e0-461c-9763-2fd4c1f8f74f [2026-07-08T19:18:38.827177] -----> Installing binaries (STDOUT, STG)#
#2026 07 08 19:18:41.911#Z#DEBUG#b2605f0d-7b01-11f1-81cb-eeee0a93546a.worksync-db-deployer#flowable-async-job-executor-thread-5553#
[PollStageAppStatusExecution] af0ca01f-d4e0-461c-9763-2fd4c1f8f74f [2026-07-08T19:18:38.827324] engines.node (package.json): unspecified (STDOUT, STG)#
#2026 07 08 19:18:41.912#Z#DEBUG#b2605f0d-7b01-11f1-81cb-eeee0a93546a.worksync-db-deployer#flowable-async-job-executor-thread-5553#
[PollStageAppStatusExecution] af0ca01f-d4e0-461c-9763-2fd4c1f8f74f [2026-07-08T19:18:38.827347] engines.npm (package.json): unspecified (use default) (STDOUT, STG)#
#2026 07 08 19:18:41.912#Z#DEBUG#b2605f0d-7b01-11f1-81cb-eeee0a93546a.worksync-db-deployer#flowable-async-job-executor-thread-5553#
[PollStageAppStatusExecution] af0ca01f-d4e0-461c-9763-2fd4c1f8f74f [2026-07-08T19:18:38.827351] [31;1m**WARNING**[0m Node version not specified in package.json or .nvmrc. See: http://docs.cloudfoundry.org/buildpacks/node/node-tips.html (STDOUT, STG)#
#2026 07 08 19:18:41.912#Z#DEBUG#b2605f0d-7b01-11f1-81cb-eeee0a93546a.worksync-db-deployer#flowable-async-job-executor-thread-5553#
[PollStageAppStatusExecution] af0ca01f-d4e0-461c-9763-2fd4c1f8f74f [2026-07-08T19:18:38.827355] -----> Installing node 22.22.2 (STDOUT, STG)#
#2026 07 08 19:18:41.912#Z#DEBUG#b2605f0d-7b01-11f1-81cb-eeee0a93546a.worksync-db-deployer#flowable-async-job-executor-thread-5553#
[PollStageAppStatusExecution] af0ca01f-d4e0-461c-9763-2fd4c1f8f74f [2026-07-08T19:18:38.827448] Copy [/tmp/buildpacks/17bd89c67d092631/dependencies/5deea320c19fa94e977cff523ac00f82/node_22.22.2_linux_x64_cflinuxfs4_e5459374.tgz] (STDOUT, STG)#
#2026 07 08 19:18:41.912#Z#DEBUG#b2605f0d-7b01-11f1-81cb-eeee0a93546a.worksync-db-deployer#flowable-async-job-executor-thread-5553#
[PollStageAppStatusExecution] af0ca01f-d4e0-461c-9763-2fd4c1f8f74f [2026-07-08T19:18:40.597519] Using default npm version: 10.9.7 (STDOUT, STG)#
#2026 07 08 19:18:41.912#Z#DEBUG#b2605f0d-7b01-11f1-81cb-eeee0a93546a.worksync-db-deployer#flowable-async-job-executor-thread-5553#
[PollStageAppStatusExecution] af0ca01f-d4e0-461c-9763-2fd4c1f8f74f [2026-07-08T19:18:40.597555] -----> Installing yarn 1.22.22 (STDOUT, STG)#
#2026 07 08 19:18:41.912#Z#DEBUG#b2605f0d-7b01-11f1-81cb-eeee0a93546a.worksync-db-deployer#flowable-async-job-executor-thread-5553#
[PollStageAppStatusExecution] af0ca01f-d4e0-461c-9763-2fd4c1f8f74f [2026-07-08T19:18:40.597709] Copy [/tmp/buildpacks/17bd89c67d092631/dependencies/e4fe26756e9984a665478d350474fa2e/yarn_1.22.22_linux_noarch_any-stack_b6132b86.tgz] (STDOUT, STG)#
#2026 07 08 19:18:41.912#Z#DEBUG#b2605f0d-7b01-11f1-81cb-eeee0a93546a.worksync-db-deployer#flowable-async-job-executor-thread-5553#
[PollStageAppStatusExecution] af0ca01f-d4e0-461c-9763-2fd4c1f8f74f [2026-07-08T19:18:40.846394] Installed yarn 1.22.22 (STDOUT, STG)#
#2026 07 08 19:18:41.912#Z#DEBUG#b2605f0d-7b01-11f1-81cb-eeee0a93546a.worksync-db-deployer#flowable-async-job-executor-thread-5553#
[PollStageAppStatusExecution] af0ca01f-d4e0-461c-9763-2fd4c1f8f74f [2026-07-08T19:18:40.846448] -----> Creating runtime environment (STDOUT, STG)#
#2026 07 08 19:18:41.912#Z#DEBUG#b2605f0d-7b01-11f1-81cb-eeee0a93546a.worksync-db-deployer#flowable-async-job-executor-thread-5553#
[PollStageAppStatusExecution] af0ca01f-d4e0-461c-9763-2fd4c1f8f74f [2026-07-08T19:18:40.847937] NODE_ENV=production (STDOUT, STG)#
#2026 07 08 19:18:41.912#Z#DEBUG#b2605f0d-7b01-11f1-81cb-eeee0a93546a.worksync-db-deployer#flowable-async-job-executor-thread-5553#
[PollStageAppStatusExecution] af0ca01f-d4e0-461c-9763-2fd4c1f8f74f [2026-07-08T19:18:40.847968] NODE_HOME=/tmp/contents2122739777/deps/0/node (STDOUT, STG)#
#2026 07 08 19:18:41.912#Z#DEBUG#b2605f0d-7b01-11f1-81cb-eeee0a93546a.worksync-db-deployer#flowable-async-job-executor-thread-5553#
[PollStageAppStatusExecution] af0ca01f-d4e0-461c-9763-2fd4c1f8f74f [2026-07-08T19:18:40.847973] NODE_MODULES_CACHE=true (STDOUT, STG)#
#2026 07 08 19:18:41.912#Z#DEBUG#b2605f0d-7b01-11f1-81cb-eeee0a93546a.worksync-db-deployer#flowable-async-job-executor-thread-5553#
[PollStageAppStatusExecution] af0ca01f-d4e0-461c-9763-2fd4c1f8f74f [2026-07-08T19:18:40.847976] NODE_VERBOSE=false (STDOUT, STG)#
#2026 07 08 19:18:41.912#Z#DEBUG#b2605f0d-7b01-11f1-81cb-eeee0a93546a.worksync-db-deployer#flowable-async-job-executor-thread-5553#
[PollStageAppStatusExecution] af0ca01f-d4e0-461c-9763-2fd4c1f8f74f [2026-07-08T19:18:40.847982] NPM_CONFIG_LOGLEVEL=error (STDOUT, STG)#
#2026 07 08 19:18:41.912#Z#DEBUG#b2605f0d-7b01-11f1-81cb-eeee0a93546a.worksync-db-deployer#flowable-async-job-executor-thread-5553#
[PollStageAppStatusExecution] af0ca01f-d4e0-461c-9763-2fd4c1f8f74f [2026-07-08T19:18:40.847985] NPM_CONFIG_PRODUCTION=true (STDOUT, STG)#
#2026 07 08 19:18:41.912#Z#DEBUG#b2605f0d-7b01-11f1-81cb-eeee0a93546a.worksync-db-deployer#flowable-async-job-executor-thread-5553#
[PollStageAppStatusExecution] af0ca01f-d4e0-461c-9763-2fd4c1f8f74f [2026-07-08T19:18:40.848001] -----> Building dependencies (STDOUT, STG)#
#2026 07 08 19:18:41.912#Z#DEBUG#b2605f0d-7b01-11f1-81cb-eeee0a93546a.worksync-db-deployer#flowable-async-job-executor-thread-5553#
[PollStageAppStatusExecution] af0ca01f-d4e0-461c-9763-2fd4c1f8f74f [2026-07-08T19:18:40.848004] Prebuild detected (node_modules already exists) (STDOUT, STG)#
#2026 07 08 19:18:41.912#Z#DEBUG#b2605f0d-7b01-11f1-81cb-eeee0a93546a.worksync-db-deployer#flowable-async-job-executor-thread-5553#
[PollStageAppStatusExecution] af0ca01f-d4e0-461c-9763-2fd4c1f8f74f [2026-07-08T19:18:40.848006] Rebuilding any native modules (STDOUT, STG)#
#2026 07 08 19:18:41.912#Z#DEBUG#b2605f0d-7b01-11f1-81cb-eeee0a93546a.worksync-db-deployer#flowable-async-job-executor-thread-5553#
[PollStageAppStatusExecution] af0ca01f-d4e0-461c-9763-2fd4c1f8f74f [2026-07-08T19:18:41.414026] rebuilt dependencies successfully (STDOUT, STG)#
#2026 07 08 19:18:41.912#Z#DEBUG#b2605f0d-7b01-11f1-81cb-eeee0a93546a.worksync-db-deployer#flowable-async-job-executor-thread-5553#
[PollStageAppStatusExecution] af0ca01f-d4e0-461c-9763-2fd4c1f8f74f [2026-07-08T19:18:41.415014] npm notice (STDOUT, STG)#
#2026 07 08 19:18:41.912#Z#DEBUG#b2605f0d-7b01-11f1-81cb-eeee0a93546a.worksync-db-deployer#flowable-async-job-executor-thread-5553#
[PollStageAppStatusExecution] af0ca01f-d4e0-461c-9763-2fd4c1f8f74f [2026-07-08T19:18:41.415050] npm notice New major version of npm available! 10.9.7 -> 11.18.0 (STDOUT, STG)#
#2026 07 08 19:18:41.912#Z#DEBUG#b2605f0d-7b01-11f1-81cb-eeee0a93546a.worksync-db-deployer#flowable-async-job-executor-thread-5553#
[PollStageAppStatusExecution] af0ca01f-d4e0-461c-9763-2fd4c1f8f74f [2026-07-08T19:18:41.415057] npm notice Changelog: https://github.com/npm/cli/releases/tag/v11.18.0 (STDOUT, STG)#
#2026 07 08 19:18:41.912#Z#DEBUG#b2605f0d-7b01-11f1-81cb-eeee0a93546a.worksync-db-deployer#flowable-async-job-executor-thread-5553#
[PollStageAppStatusExecution] af0ca01f-d4e0-461c-9763-2fd4c1f8f74f [2026-07-08T19:18:41.415061] npm notice To update run: npm install -g npm@11.18.0 (STDOUT, STG)#
#2026 07 08 19:18:41.912#Z#DEBUG#b2605f0d-7b01-11f1-81cb-eeee0a93546a.worksync-db-deployer#flowable-async-job-executor-thread-5553#
[PollStageAppStatusExecution] af0ca01f-d4e0-461c-9763-2fd4c1f8f74f [2026-07-08T19:18:41.415065] npm notice (STDOUT, STG)#
#2026 07 08 19:18:41.912#Z#DEBUG#b2605f0d-7b01-11f1-81cb-eeee0a93546a.worksync-db-deployer#flowable-async-job-executor-thread-5553#
[PollStageAppStatusExecution] af0ca01f-d4e0-461c-9763-2fd4c1f8f74f [2026-07-08T19:18:41.464492] Installing any new modules (package.json + package-lock.json) (STDOUT, STG)#
#2026 07 08 19:18:51.977#Z#DEBUG#b2605f0d-7b01-11f1-81cb-eeee0a93546a.worksync-db-deployer#flowable-async-job-executor-thread-5561#
[PollStageAppStatusExecution] af0ca01f-d4e0-461c-9763-2fd4c1f8f74f [2026-07-08T19:18:41.806552] up to date in 285ms (STDOUT, STG)#
#2026 07 08 19:18:51.977#Z#DEBUG#b2605f0d-7b01-11f1-81cb-eeee0a93546a.worksync-db-deployer#flowable-async-job-executor-thread-5561#
[PollStageAppStatusExecution] af0ca01f-d4e0-461c-9763-2fd4c1f8f74f [2026-07-08T19:18:41.806581] 3 packages are looking for funding (STDOUT, STG)#
#2026 07 08 19:18:51.977#Z#DEBUG#b2605f0d-7b01-11f1-81cb-eeee0a93546a.worksync-db-deployer#flowable-async-job-executor-thread-5561#
[PollStageAppStatusExecution] af0ca01f-d4e0-461c-9763-2fd4c1f8f74f [2026-07-08T19:18:41.806587] run `npm fund` for details (STDOUT, STG)#
#2026 07 08 19:18:51.977#Z#DEBUG#b2605f0d-7b01-11f1-81cb-eeee0a93546a.worksync-db-deployer#flowable-async-job-executor-thread-5561#
[PollStageAppStatusExecution] af0ca01f-d4e0-461c-9763-2fd4c1f8f74f [2026-07-08T19:18:42.347374] Contrast Security no credentials found. Will not write environment files. (STDOUT, STG)#
#2026 07 08 19:19:02.045#Z#DEBUG#b2605f0d-7b01-11f1-81cb-eeee0a93546a.worksync-db-deployer#flowable-async-job-executor-thread-5570#
[PollStageAppStatusExecution] af0ca01f-d4e0-461c-9763-2fd4c1f8f74f [2026-07-08T19:18:53.512036] Exit status 0 (STDOUT, STG)#
#2026 07 08 19:19:02.045#Z#DEBUG#b2605f0d-7b01-11f1-81cb-eeee0a93546a.worksync-db-deployer#flowable-async-job-executor-thread-5570#
[PollStageAppStatusExecution] af0ca01f-d4e0-461c-9763-2fd4c1f8f74f [2026-07-08T19:18:53.512099] Uploading droplet, build artifacts cache... (STDOUT, STG)#
#2026 07 08 19:19:02.045#Z#DEBUG#b2605f0d-7b01-11f1-81cb-eeee0a93546a.worksync-db-deployer#flowable-async-job-executor-thread-5570#
[PollStageAppStatusExecution] af0ca01f-d4e0-461c-9763-2fd4c1f8f74f [2026-07-08T19:18:53.512145] Uploading droplet... (STDOUT, STG)#
#2026 07 08 19:19:02.045#Z#DEBUG#b2605f0d-7b01-11f1-81cb-eeee0a93546a.worksync-db-deployer#flowable-async-job-executor-thread-5570#
[PollStageAppStatusExecution] af0ca01f-d4e0-461c-9763-2fd4c1f8f74f [2026-07-08T19:18:53.512232] Uploading build artifacts cache... (STDOUT, STG)#
#2026 07 08 19:19:02.045#Z#DEBUG#b2605f0d-7b01-11f1-81cb-eeee0a93546a.worksync-db-deployer#flowable-async-job-executor-thread-5570#
[PollStageAppStatusExecution] af0ca01f-d4e0-461c-9763-2fd4c1f8f74f [2026-07-08T19:18:53.539254] Uploaded build artifacts cache (220B) (STDOUT, STG)#
#2026 07 08 19:19:02.045#Z#DEBUG#b2605f0d-7b01-11f1-81cb-eeee0a93546a.worksync-db-deployer#flowable-async-job-executor-thread-5570#
[PollStageAppStatusExecution] af0ca01f-d4e0-461c-9763-2fd4c1f8f74f [2026-07-08T19:18:54.403547] Creating droplet for app with guid af0ca01f-d4e0-461c-9763-2fd4c1f8f74f (STDOUT, API)#
#2026 07 08 19:19:02.045#Z#DEBUG#b2605f0d-7b01-11f1-81cb-eeee0a93546a.worksync-db-deployer#flowable-async-job-executor-thread-5570#
[PollStageAppStatusExecution] af0ca01f-d4e0-461c-9763-2fd4c1f8f74f [2026-07-08T19:18:58.496252] Uploaded droplet (96.3M) (STDOUT, STG)#
#2026 07 08 19:19:02.045#Z#DEBUG#b2605f0d-7b01-11f1-81cb-eeee0a93546a.worksync-db-deployer#flowable-async-job-executor-thread-5570#
[PollStageAppStatusExecution] af0ca01f-d4e0-461c-9763-2fd4c1f8f74f [2026-07-08T19:18:58.519790] Uploading complete (STDOUT, STG)#
#2026 07 08 19:19:02.045#Z#DEBUG#b2605f0d-7b01-11f1-81cb-eeee0a93546a.worksync-db-deployer#flowable-async-job-executor-thread-5570#
[PollStageAppStatusExecution] af0ca01f-d4e0-461c-9763-2fd4c1f8f74f [2026-07-08T19:18:58.867382] Cell 77283d80-dfa7-40ba-ba4e-265aef112085 stopping instance bd55a844-755e-41e5-a237-6f552793c106 (STDOUT, STG)#
#2026 07 08 19:19:02.045#Z#DEBUG#b2605f0d-7b01-11f1-81cb-eeee0a93546a.worksync-db-deployer#flowable-async-job-executor-thread-5570#
[PollStageAppStatusExecution] af0ca01f-d4e0-461c-9763-2fd4c1f8f74f [2026-07-08T19:18:58.867458] Cell 77283d80-dfa7-40ba-ba4e-265aef112085 destroying container for instance bd55a844-755e-41e5-a237-6f552793c106 (STDOUT, STG)#
#2026 07 08 19:19:02.045#Z#DEBUG#b2605f0d-7b01-11f1-81cb-eeee0a93546a.worksync-db-deployer#flowable-async-job-executor-thread-5570#
[PollStageAppStatusExecution] af0ca01f-d4e0-461c-9763-2fd4c1f8f74f [2026-07-08T19:18:58.917147] Staging complete for build bd55a844-755e-41e5-a237-6f552793c106 (STDOUT, API)#
#2026 07 08 19:19:02.045#Z#DEBUG#b2605f0d-7b01-11f1-81cb-eeee0a93546a.worksync-db-deployer#flowable-async-job-executor-thread-5570#
[PollStageAppStatusExecution] af0ca01f-d4e0-461c-9763-2fd4c1f8f74f [2026-07-08T19:19:00.402400] Cell 77283d80-dfa7-40ba-ba4e-265aef112085 successfully destroyed container for instance bd55a844-755e-41e5-a237-6f552793c106 (STDOUT, STG)#
#2026 07 08 19:19:12.130#Z#DEBUG#b2605f0d-7b01-11f1-81cb-eeee0a93546a.worksync-db-deployer#flowable-async-job-executor-thread-4397#
[PollExecuteTaskStatusExecution] af0ca01f-d4e0-461c-9763-2fd4c1f8f74f [2026-07-08T19:18:14.029236] Updated app with guid af0ca01f-d4e0-461c-9763-2fd4c1f8f74f ({"lifecycle"=>{"data"=>{"buildpacks"=>["nodejs_buildpack"]}, "type"=>"buildpack"}}) (STDOUT, API)#
#2026 07 08 19:19:12.130#Z#DEBUG#b2605f0d-7b01-11f1-81cb-eeee0a93546a.worksync-db-deployer#flowable-async-job-executor-thread-4397#
[PollExecuteTaskStatusExecution] af0ca01f-d4e0-461c-9763-2fd4c1f8f74f [2026-07-08T19:18:14.122021] Updating process: "web" (STDOUT, API)#
#2026 07 08 19:19:12.130#Z#DEBUG#b2605f0d-7b01-11f1-81cb-eeee0a93546a.worksync-db-deployer#flowable-async-job-executor-thread-4397#
[PollExecuteTaskStatusExecution] af0ca01f-d4e0-461c-9763-2fd4c1f8f74f [2026-07-08T19:18:22.836081] Uploading app package for app with guid af0ca01f-d4e0-461c-9763-2fd4c1f8f74f (STDOUT, API)#
#2026 07 08 19:19:12.130#Z#DEBUG#b2605f0d-7b01-11f1-81cb-eeee0a93546a.worksync-db-deployer#flowable-async-job-executor-thread-4397#
[PollExecuteTaskStatusExecution] af0ca01f-d4e0-461c-9763-2fd4c1f8f74f [2026-07-08T19:18:22.998103] Updated app with guid af0ca01f-d4e0-461c-9763-2fd4c1f8f74f ({"environment_variables"=>"[PRIVATE DATA HIDDEN]"}) (STDOUT, API)#
#2026 07 08 19:19:12.130#Z#DEBUG#b2605f0d-7b01-11f1-81cb-eeee0a93546a.worksync-db-deployer#flowable-async-job-executor-thread-4397#
[PollExecuteTaskStatusExecution] af0ca01f-d4e0-461c-9763-2fd4c1f8f74f [2026-07-08T19:18:32.123832] Creating build for app with guid af0ca01f-d4e0-461c-9763-2fd4c1f8f74f (STDOUT, API)#
#2026 07 08 19:19:12.130#Z#DEBUG#b2605f0d-7b01-11f1-81cb-eeee0a93546a.worksync-db-deployer#flowable-async-job-executor-thread-4397#
[PollExecuteTaskStatusExecution] af0ca01f-d4e0-461c-9763-2fd4c1f8f74f [2026-07-08T19:18:32.591641] Downloading nodejs_buildpack... (STDOUT, STG)#
#2026 07 08 19:19:12.130#Z#DEBUG#b2605f0d-7b01-11f1-81cb-eeee0a93546a.worksync-db-deployer#flowable-async-job-executor-thread-4397#
[PollExecuteTaskStatusExecution] af0ca01f-d4e0-461c-9763-2fd4c1f8f74f [2026-07-08T19:18:32.652403] Downloaded nodejs_buildpack (STDOUT, STG)#
#2026 07 08 19:19:12.130#Z#DEBUG#b2605f0d-7b01-11f1-81cb-eeee0a93546a.worksync-db-deployer#flowable-async-job-executor-thread-4397#
[PollExecuteTaskStatusExecution] af0ca01f-d4e0-461c-9763-2fd4c1f8f74f [2026-07-08T19:18:32.652500] Cell 77283d80-dfa7-40ba-ba4e-265aef112085 creating container for instance bd55a844-755e-41e5-a237-6f552793c106 (STDOUT, STG)#
#2026 07 08 19:19:12.130#Z#DEBUG#b2605f0d-7b01-11f1-81cb-eeee0a93546a.worksync-db-deployer#flowable-async-job-executor-thread-4397#
[PollExecuteTaskStatusExecution] af0ca01f-d4e0-461c-9763-2fd4c1f8f74f [2026-07-08T19:18:33.037004] Security group rules were updated (STDOUT, STG)#
#2026 07 08 19:19:12.130#Z#DEBUG#b2605f0d-7b01-11f1-81cb-eeee0a93546a.worksync-db-deployer#flowable-async-job-executor-thread-4397#
[PollExecuteTaskStatusExecution] af0ca01f-d4e0-461c-9763-2fd4c1f8f74f [2026-07-08T19:18:33.111877] Cell 77283d80-dfa7-40ba-ba4e-265aef112085 successfully created container for instance bd55a844-755e-41e5-a237-6f552793c106 (STDOUT, STG)#
#2026 07 08 19:19:12.130#Z#DEBUG#b2605f0d-7b01-11f1-81cb-eeee0a93546a.worksync-db-deployer#flowable-async-job-executor-thread-4397#
[PollExecuteTaskStatusExecution] af0ca01f-d4e0-461c-9763-2fd4c1f8f74f [2026-07-08T19:18:33.377891] Downloading app package... (STDOUT, STG)#
#2026 07 08 19:19:12.130#Z#DEBUG#b2605f0d-7b01-11f1-81cb-eeee0a93546a.worksync-db-deployer#flowable-async-job-executor-thread-4397#
[PollExecuteTaskStatusExecution] af0ca01f-d4e0-461c-9763-2fd4c1f8f74f [2026-07-08T19:18:33.377946] Downloading build artifacts cache... (STDOUT, STG)#
#2026 07 08 19:19:12.130#Z#DEBUG#b2605f0d-7b01-11f1-81cb-eeee0a93546a.worksync-db-deployer#flowable-async-job-executor-thread-4397#
[PollExecuteTaskStatusExecution] af0ca01f-d4e0-461c-9763-2fd4c1f8f74f [2026-07-08T19:18:33.516273] Downloaded build artifacts cache (226B) (STDOUT, STG)#
#2026 07 08 19:19:12.130#Z#DEBUG#b2605f0d-7b01-11f1-81cb-eeee0a93546a.worksync-db-deployer#flowable-async-job-executor-thread-4397#
[PollExecuteTaskStatusExecution] af0ca01f-d4e0-461c-9763-2fd4c1f8f74f [2026-07-08T19:18:35.634431] Downloaded app package (40.5M) (STDOUT, STG)#
#2026 07 08 19:19:12.130#Z#DEBUG#b2605f0d-7b01-11f1-81cb-eeee0a93546a.worksync-db-deployer#flowable-async-job-executor-thread-4397#
[PollExecuteTaskStatusExecution] af0ca01f-d4e0-461c-9763-2fd4c1f8f74f [2026-07-08T19:18:35.695026] -----> Nodejs Buildpack version 1.9.2 (STDOUT, STG)#
#2026 07 08 19:19:12.130#Z#DEBUG#b2605f0d-7b01-11f1-81cb-eeee0a93546a.worksync-db-deployer#flowable-async-job-executor-thread-4397#
[PollExecuteTaskStatusExecution] af0ca01f-d4e0-461c-9763-2fd4c1f8f74f [2026-07-08T19:18:35.900672] -----> Bootstrapping python (STDOUT, STG)#
#2026 07 08 19:19:12.130#Z#DEBUG#b2605f0d-7b01-11f1-81cb-eeee0a93546a.worksync-db-deployer#flowable-async-job-executor-thread-4397#
[PollExecuteTaskStatusExecution] af0ca01f-d4e0-461c-9763-2fd4c1f8f74f [2026-07-08T19:18:35.900691] -----> Installing python 3.13.13 (STDOUT, STG)#
#2026 07 08 19:19:12.130#Z#DEBUG#b2605f0d-7b01-11f1-81cb-eeee0a93546a.worksync-db-deployer#flowable-async-job-executor-thread-4397#
[PollExecuteTaskStatusExecution] af0ca01f-d4e0-461c-9763-2fd4c1f8f74f [2026-07-08T19:18:35.900704] Copy [/tmp/buildpacks/17bd89c67d092631/dependencies/268a5e3743d51a14b86ea9da64439307/python_3.13.13_linux_x64_cflinuxfs4_8311abbf.tgz] (STDOUT, STG)#
#2026 07 08 19:19:12.130#Z#DEBUG#b2605f0d-7b01-11f1-81cb-eeee0a93546a.worksync-db-deployer#flowable-async-job-executor-thread-4397#
[PollExecuteTaskStatusExecution] af0ca01f-d4e0-461c-9763-2fd4c1f8f74f [2026-07-08T19:18:38.827177] -----> Installing binaries (STDOUT, STG)#
#2026 07 08 19:19:12.130#Z#DEBUG#b2605f0d-7b01-11f1-81cb-eeee0a93546a.worksync-db-deployer#flowable-async-job-executor-thread-4397#
[PollExecuteTaskStatusExecution] af0ca01f-d4e0-461c-9763-2fd4c1f8f74f [2026-07-08T19:18:38.827324] engines.node (package.json): unspecified (STDOUT, STG)#
#2026 07 08 19:19:12.130#Z#DEBUG#b2605f0d-7b01-11f1-81cb-eeee0a93546a.worksync-db-deployer#flowable-async-job-executor-thread-4397#
[PollExecuteTaskStatusExecution] af0ca01f-d4e0-461c-9763-2fd4c1f8f74f [2026-07-08T19:18:38.827347] engines.npm (package.json): unspecified (use default) (STDOUT, STG)#
#2026 07 08 19:19:12.130#Z#DEBUG#b2605f0d-7b01-11f1-81cb-eeee0a93546a.worksync-db-deployer#flowable-async-job-executor-thread-4397#
[PollExecuteTaskStatusExecution] af0ca01f-d4e0-461c-9763-2fd4c1f8f74f [2026-07-08T19:18:38.827351] [31;1m**WARNING**[0m Node version not specified in package.json or .nvmrc. See: http://docs.cloudfoundry.org/buildpacks/node/node-tips.html (STDOUT, STG)#
#2026 07 08 19:19:12.130#Z#DEBUG#b2605f0d-7b01-11f1-81cb-eeee0a93546a.worksync-db-deployer#flowable-async-job-executor-thread-4397#
[PollExecuteTaskStatusExecution] af0ca01f-d4e0-461c-9763-2fd4c1f8f74f [2026-07-08T19:18:38.827355] -----> Installing node 22.22.2 (STDOUT, STG)#
#2026 07 08 19:19:12.130#Z#DEBUG#b2605f0d-7b01-11f1-81cb-eeee0a93546a.worksync-db-deployer#flowable-async-job-executor-thread-4397#
[PollExecuteTaskStatusExecution] af0ca01f-d4e0-461c-9763-2fd4c1f8f74f [2026-07-08T19:18:38.827448] Copy [/tmp/buildpacks/17bd89c67d092631/dependencies/5deea320c19fa94e977cff523ac00f82/node_22.22.2_linux_x64_cflinuxfs4_e5459374.tgz] (STDOUT, STG)#
#2026 07 08 19:19:12.130#Z#DEBUG#b2605f0d-7b01-11f1-81cb-eeee0a93546a.worksync-db-deployer#flowable-async-job-executor-thread-4397#
[PollExecuteTaskStatusExecution] af0ca01f-d4e0-461c-9763-2fd4c1f8f74f [2026-07-08T19:18:40.597519] Using default npm version: 10.9.7 (STDOUT, STG)#
#2026 07 08 19:19:12.130#Z#DEBUG#b2605f0d-7b01-11f1-81cb-eeee0a93546a.worksync-db-deployer#flowable-async-job-executor-thread-4397#
[PollExecuteTaskStatusExecution] af0ca01f-d4e0-461c-9763-2fd4c1f8f74f [2026-07-08T19:18:40.597555] -----> Installing yarn 1.22.22 (STDOUT, STG)#
#2026 07 08 19:19:12.130#Z#DEBUG#b2605f0d-7b01-11f1-81cb-eeee0a93546a.worksync-db-deployer#flowable-async-job-executor-thread-4397#
[PollExecuteTaskStatusExecution] af0ca01f-d4e0-461c-9763-2fd4c1f8f74f [2026-07-08T19:18:40.597709] Copy [/tmp/buildpacks/17bd89c67d092631/dependencies/e4fe26756e9984a665478d350474fa2e/yarn_1.22.22_linux_noarch_any-stack_b6132b86.tgz] (STDOUT, STG)#
#2026 07 08 19:19:12.130#Z#DEBUG#b2605f0d-7b01-11f1-81cb-eeee0a93546a.worksync-db-deployer#flowable-async-job-executor-thread-4397#
[PollExecuteTaskStatusExecution] af0ca01f-d4e0-461c-9763-2fd4c1f8f74f [2026-07-08T19:18:40.846394] Installed yarn 1.22.22 (STDOUT, STG)#
#2026 07 08 19:19:12.130#Z#DEBUG#b2605f0d-7b01-11f1-81cb-eeee0a93546a.worksync-db-deployer#flowable-async-job-executor-thread-4397#
[PollExecuteTaskStatusExecution] af0ca01f-d4e0-461c-9763-2fd4c1f8f74f [2026-07-08T19:18:40.846448] -----> Creating runtime environment (STDOUT, STG)#
#2026 07 08 19:19:12.130#Z#DEBUG#b2605f0d-7b01-11f1-81cb-eeee0a93546a.worksync-db-deployer#flowable-async-job-executor-thread-4397#
[PollExecuteTaskStatusExecution] af0ca01f-d4e0-461c-9763-2fd4c1f8f74f [2026-07-08T19:18:40.847937] NODE_ENV=production (STDOUT, STG)#
#2026 07 08 19:19:12.130#Z#DEBUG#b2605f0d-7b01-11f1-81cb-eeee0a93546a.worksync-db-deployer#flowable-async-job-executor-thread-4397#
[PollExecuteTaskStatusExecution] af0ca01f-d4e0-461c-9763-2fd4c1f8f74f [2026-07-08T19:18:40.847968] NODE_HOME=/tmp/contents2122739777/deps/0/node (STDOUT, STG)#
#2026 07 08 19:19:12.130#Z#DEBUG#b2605f0d-7b01-11f1-81cb-eeee0a93546a.worksync-db-deployer#flowable-async-job-executor-thread-4397#
[PollExecuteTaskStatusExecution] af0ca01f-d4e0-461c-9763-2fd4c1f8f74f [2026-07-08T19:18:40.847973] NODE_MODULES_CACHE=true (STDOUT, STG)#
#2026 07 08 19:19:12.130#Z#DEBUG#b2605f0d-7b01-11f1-81cb-eeee0a93546a.worksync-db-deployer#flowable-async-job-executor-thread-4397#
[PollExecuteTaskStatusExecution] af0ca01f-d4e0-461c-9763-2fd4c1f8f74f [2026-07-08T19:18:40.847976] NODE_VERBOSE=false (STDOUT, STG)#
#2026 07 08 19:19:12.130#Z#DEBUG#b2605f0d-7b01-11f1-81cb-eeee0a93546a.worksync-db-deployer#flowable-async-job-executor-thread-4397#
[PollExecuteTaskStatusExecution] af0ca01f-d4e0-461c-9763-2fd4c1f8f74f [2026-07-08T19:18:40.847982] NPM_CONFIG_LOGLEVEL=error (STDOUT, STG)#
#2026 07 08 19:19:12.130#Z#DEBUG#b2605f0d-7b01-11f1-81cb-eeee0a93546a.worksync-db-deployer#flowable-async-job-executor-thread-4397#
[PollExecuteTaskStatusExecution] af0ca01f-d4e0-461c-9763-2fd4c1f8f74f [2026-07-08T19:18:40.847985] NPM_CONFIG_PRODUCTION=true (STDOUT, STG)#
#2026 07 08 19:19:12.130#Z#DEBUG#b2605f0d-7b01-11f1-81cb-eeee0a93546a.worksync-db-deployer#flowable-async-job-executor-thread-4397#
[PollExecuteTaskStatusExecution] af0ca01f-d4e0-461c-9763-2fd4c1f8f74f [2026-07-08T19:18:40.848001] -----> Building dependencies (STDOUT, STG)#
#2026 07 08 19:19:12.130#Z#DEBUG#b2605f0d-7b01-11f1-81cb-eeee0a93546a.worksync-db-deployer#flowable-async-job-executor-thread-4397#
[PollExecuteTaskStatusExecution] af0ca01f-d4e0-461c-9763-2fd4c1f8f74f [2026-07-08T19:18:40.848004] Prebuild detected (node_modules already exists) (STDOUT, STG)#
#2026 07 08 19:19:12.130#Z#DEBUG#b2605f0d-7b01-11f1-81cb-eeee0a93546a.worksync-db-deployer#flowable-async-job-executor-thread-4397#
[PollExecuteTaskStatusExecution] af0ca01f-d4e0-461c-9763-2fd4c1f8f74f [2026-07-08T19:18:40.848006] Rebuilding any native modules (STDOUT, STG)#
#2026 07 08 19:19:12.130#Z#DEBUG#b2605f0d-7b01-11f1-81cb-eeee0a93546a.worksync-db-deployer#flowable-async-job-executor-thread-4397#
[PollExecuteTaskStatusExecution] af0ca01f-d4e0-461c-9763-2fd4c1f8f74f [2026-07-08T19:18:41.414026] rebuilt dependencies successfully (STDOUT, STG)#
#2026 07 08 19:19:12.130#Z#DEBUG#b2605f0d-7b01-11f1-81cb-eeee0a93546a.worksync-db-deployer#flowable-async-job-executor-thread-4397#
[PollExecuteTaskStatusExecution] af0ca01f-d4e0-461c-9763-2fd4c1f8f74f [2026-07-08T19:18:41.415014] npm notice (STDOUT, STG)#
#2026 07 08 19:19:12.130#Z#DEBUG#b2605f0d-7b01-11f1-81cb-eeee0a93546a.worksync-db-deployer#flowable-async-job-executor-thread-4397#
[PollExecuteTaskStatusExecution] af0ca01f-d4e0-461c-9763-2fd4c1f8f74f [2026-07-08T19:18:41.415050] npm notice New major version of npm available! 10.9.7 -> 11.18.0 (STDOUT, STG)#
#2026 07 08 19:19:12.130#Z#DEBUG#b2605f0d-7b01-11f1-81cb-eeee0a93546a.worksync-db-deployer#flowable-async-job-executor-thread-4397#
[PollExecuteTaskStatusExecution] af0ca01f-d4e0-461c-9763-2fd4c1f8f74f [2026-07-08T19:18:41.415057] npm notice Changelog: https://github.com/npm/cli/releases/tag/v11.18.0 (STDOUT, STG)#
#2026 07 08 19:19:12.130#Z#DEBUG#b2605f0d-7b01-11f1-81cb-eeee0a93546a.worksync-db-deployer#flowable-async-job-executor-thread-4397#
[PollExecuteTaskStatusExecution] af0ca01f-d4e0-461c-9763-2fd4c1f8f74f [2026-07-08T19:18:41.415061] npm notice To update run: npm install -g npm@11.18.0 (STDOUT, STG)#
#2026 07 08 19:19:12.130#Z#DEBUG#b2605f0d-7b01-11f1-81cb-eeee0a93546a.worksync-db-deployer#flowable-async-job-executor-thread-4397#
[PollExecuteTaskStatusExecution] af0ca01f-d4e0-461c-9763-2fd4c1f8f74f [2026-07-08T19:18:41.415065] npm notice (STDOUT, STG)#
#2026 07 08 19:19:12.130#Z#DEBUG#b2605f0d-7b01-11f1-81cb-eeee0a93546a.worksync-db-deployer#flowable-async-job-executor-thread-4397#
[PollExecuteTaskStatusExecution] af0ca01f-d4e0-461c-9763-2fd4c1f8f74f [2026-07-08T19:18:41.464492] Installing any new modules (package.json + package-lock.json) (STDOUT, STG)#
#2026 07 08 19:19:12.130#Z#DEBUG#b2605f0d-7b01-11f1-81cb-eeee0a93546a.worksync-db-deployer#flowable-async-job-executor-thread-4397#
[PollExecuteTaskStatusExecution] af0ca01f-d4e0-461c-9763-2fd4c1f8f74f [2026-07-08T19:18:41.806552] up to date in 285ms (STDOUT, STG)#
#2026 07 08 19:19:12.130#Z#DEBUG#b2605f0d-7b01-11f1-81cb-eeee0a93546a.worksync-db-deployer#flowable-async-job-executor-thread-4397#
[PollExecuteTaskStatusExecution] af0ca01f-d4e0-461c-9763-2fd4c1f8f74f [2026-07-08T19:18:41.806581] 3 packages are looking for funding (STDOUT, STG)#
#2026 07 08 19:19:12.130#Z#DEBUG#b2605f0d-7b01-11f1-81cb-eeee0a93546a.worksync-db-deployer#flowable-async-job-executor-thread-4397#
[PollExecuteTaskStatusExecution] af0ca01f-d4e0-461c-9763-2fd4c1f8f74f [2026-07-08T19:18:41.806587] run `npm fund` for details (STDOUT, STG)#
#2026 07 08 19:19:12.130#Z#DEBUG#b2605f0d-7b01-11f1-81cb-eeee0a93546a.worksync-db-deployer#flowable-async-job-executor-thread-4397#
[PollExecuteTaskStatusExecution] af0ca01f-d4e0-461c-9763-2fd4c1f8f74f [2026-07-08T19:18:42.347374] Contrast Security no credentials found. Will not write environment files. (STDOUT, STG)#
#2026 07 08 19:19:12.130#Z#DEBUG#b2605f0d-7b01-11f1-81cb-eeee0a93546a.worksync-db-deployer#flowable-async-job-executor-thread-4397#
[PollExecuteTaskStatusExecution] af0ca01f-d4e0-461c-9763-2fd4c1f8f74f [2026-07-08T19:18:53.512036] Exit status 0 (STDOUT, STG)#
#2026 07 08 19:19:12.130#Z#DEBUG#b2605f0d-7b01-11f1-81cb-eeee0a93546a.worksync-db-deployer#flowable-async-job-executor-thread-4397#
[PollExecuteTaskStatusExecution] af0ca01f-d4e0-461c-9763-2fd4c1f8f74f [2026-07-08T19:18:53.512099] Uploading droplet, build artifacts cache... (STDOUT, STG)#
#2026 07 08 19:19:12.130#Z#DEBUG#b2605f0d-7b01-11f1-81cb-eeee0a93546a.worksync-db-deployer#flowable-async-job-executor-thread-4397#
[PollExecuteTaskStatusExecution] af0ca01f-d4e0-461c-9763-2fd4c1f8f74f [2026-07-08T19:18:53.512145] Uploading droplet... (STDOUT, STG)#
#2026 07 08 19:19:12.130#Z#DEBUG#b2605f0d-7b01-11f1-81cb-eeee0a93546a.worksync-db-deployer#flowable-async-job-executor-thread-4397#
[PollExecuteTaskStatusExecution] af0ca01f-d4e0-461c-9763-2fd4c1f8f74f [2026-07-08T19:18:53.512232] Uploading build artifacts cache... (STDOUT, STG)#
#2026 07 08 19:19:12.130#Z#DEBUG#b2605f0d-7b01-11f1-81cb-eeee0a93546a.worksync-db-deployer#flowable-async-job-executor-thread-4397#
[PollExecuteTaskStatusExecution] af0ca01f-d4e0-461c-9763-2fd4c1f8f74f [2026-07-08T19:18:53.539254] Uploaded build artifacts cache (220B) (STDOUT, STG)#
#2026 07 08 19:19:12.130#Z#DEBUG#b2605f0d-7b01-11f1-81cb-eeee0a93546a.worksync-db-deployer#flowable-async-job-executor-thread-4397#
[PollExecuteTaskStatusExecution] af0ca01f-d4e0-461c-9763-2fd4c1f8f74f [2026-07-08T19:18:54.403547] Creating droplet for app with guid af0ca01f-d4e0-461c-9763-2fd4c1f8f74f (STDOUT, API)#
#2026 07 08 19:19:12.130#Z#DEBUG#b2605f0d-7b01-11f1-81cb-eeee0a93546a.worksync-db-deployer#flowable-async-job-executor-thread-4397#
[PollExecuteTaskStatusExecution] af0ca01f-d4e0-461c-9763-2fd4c1f8f74f [2026-07-08T19:18:58.496252] Uploaded droplet (96.3M) (STDOUT, STG)#
#2026 07 08 19:19:12.130#Z#DEBUG#b2605f0d-7b01-11f1-81cb-eeee0a93546a.worksync-db-deployer#flowable-async-job-executor-thread-4397#
[PollExecuteTaskStatusExecution] af0ca01f-d4e0-461c-9763-2fd4c1f8f74f [2026-07-08T19:18:58.519790] Uploading complete (STDOUT, STG)#
#2026 07 08 19:19:12.130#Z#DEBUG#b2605f0d-7b01-11f1-81cb-eeee0a93546a.worksync-db-deployer#flowable-async-job-executor-thread-4397#
[PollExecuteTaskStatusExecution] af0ca01f-d4e0-461c-9763-2fd4c1f8f74f [2026-07-08T19:18:58.867382] Cell 77283d80-dfa7-40ba-ba4e-265aef112085 stopping instance bd55a844-755e-41e5-a237-6f552793c106 (STDOUT, STG)#
#2026 07 08 19:19:12.130#Z#DEBUG#b2605f0d-7b01-11f1-81cb-eeee0a93546a.worksync-db-deployer#flowable-async-job-executor-thread-4397#
[PollExecuteTaskStatusExecution] af0ca01f-d4e0-461c-9763-2fd4c1f8f74f [2026-07-08T19:18:58.867458] Cell 77283d80-dfa7-40ba-ba4e-265aef112085 destroying container for instance bd55a844-755e-41e5-a237-6f552793c106 (STDOUT, STG)#
#2026 07 08 19:19:12.130#Z#DEBUG#b2605f0d-7b01-11f1-81cb-eeee0a93546a.worksync-db-deployer#flowable-async-job-executor-thread-4397#
[PollExecuteTaskStatusExecution] af0ca01f-d4e0-461c-9763-2fd4c1f8f74f [2026-07-08T19:18:58.917147] Staging complete for build bd55a844-755e-41e5-a237-6f552793c106 (STDOUT, API)#
#2026 07 08 19:19:12.130#Z#DEBUG#b2605f0d-7b01-11f1-81cb-eeee0a93546a.worksync-db-deployer#flowable-async-job-executor-thread-4397#
[PollExecuteTaskStatusExecution] af0ca01f-d4e0-461c-9763-2fd4c1f8f74f [2026-07-08T19:19:00.402400] Cell 77283d80-dfa7-40ba-ba4e-265aef112085 successfully destroyed container for instance bd55a844-755e-41e5-a237-6f552793c106 (STDOUT, STG)#
#2026 07 08 19:19:12.130#Z#DEBUG#b2605f0d-7b01-11f1-81cb-eeee0a93546a.worksync-db-deployer#flowable-async-job-executor-thread-4397#
[PollExecuteTaskStatusExecution] af0ca01f-d4e0-461c-9763-2fd4c1f8f74f [2026-07-08T19:19:02.116687] Updated app with guid af0ca01f-d4e0-461c-9763-2fd4c1f8f74f ({:droplet_guid=>"ba2ef5d6-7250-4a22-9c87-6afd75fc3b42"}) (STDOUT, API)#
#2026 07 08 19:19:12.130#Z#DEBUG#b2605f0d-7b01-11f1-81cb-eeee0a93546a.worksync-db-deployer#flowable-async-job-executor-thread-4397#
[PollExecuteTaskStatusExecution] af0ca01f-d4e0-461c-9763-2fd4c1f8f74f [2026-07-08T19:19:02.680006] Cell 684caff8-89cd-492b-be01-b3d0835f1763 creating container for instance 79860722-cae8-4426-abea-a1a94a4953e0 (STDOUT, CELL)#
#2026 07 08 19:19:12.130#Z#DEBUG#b2605f0d-7b01-11f1-81cb-eeee0a93546a.worksync-db-deployer#flowable-async-job-executor-thread-4397#
[PollExecuteTaskStatusExecution] af0ca01f-d4e0-461c-9763-2fd4c1f8f74f [2026-07-08T19:19:03.698267] Security group rules were updated (STDOUT, CELL)#
#2026 07 08 19:19:12.130#Z#DEBUG#b2605f0d-7b01-11f1-81cb-eeee0a93546a.worksync-db-deployer#flowable-async-job-executor-thread-4397#
[PollExecuteTaskStatusExecution] af0ca01f-d4e0-461c-9763-2fd4c1f8f74f [2026-07-08T19:19:04.001634] Cell 684caff8-89cd-492b-be01-b3d0835f1763 successfully created container for instance 79860722-cae8-4426-abea-a1a94a4953e0 (STDOUT, CELL)#
#2026 07 08 19:19:22.160#Z#DEBUG#b2605f0d-7b01-11f1-81cb-eeee0a93546a.worksync-db-deployer#flowable-async-job-executor-thread-5585#
[PollExecuteTaskStatusExecution] af0ca01f-d4e0-461c-9763-2fd4c1f8f74f [2026-07-08T19:19:12.844480] Invoking pre-start scripts. (STDOUT, APP/TASK/deploy)#
#2026 07 08 19:19:22.160#Z#DEBUG#b2605f0d-7b01-11f1-81cb-eeee0a93546a.worksync-db-deployer#flowable-async-job-executor-thread-5585#
[PollExecuteTaskStatusExecution] af0ca01f-d4e0-461c-9763-2fd4c1f8f74f [2026-07-08T19:19:13.072955] Invoking start command. (STDOUT, APP/TASK/deploy)#
#2026 07 08 19:19:22.160#Z#DEBUG#b2605f0d-7b01-11f1-81cb-eeee0a93546a.worksync-db-deployer#flowable-async-job-executor-thread-5585#
[PollExecuteTaskStatusExecution] af0ca01f-d4e0-461c-9763-2fd4c1f8f74f [2026-07-08T19:19:13.624299] > start (STDOUT, APP/TASK/deploy)#
#2026 07 08 19:19:22.160#Z#DEBUG#b2605f0d-7b01-11f1-81cb-eeee0a93546a.worksync-db-deployer#flowable-async-job-executor-thread-5585#
[PollExecuteTaskStatusExecution] af0ca01f-d4e0-461c-9763-2fd4c1f8f74f [2026-07-08T19:19:13.624333] > node node_modules/@sap/hdi-deploy/deploy.js (STDOUT, APP/TASK/deploy)#
#2026 07 08 19:19:22.160#Z#DEBUG#b2605f0d-7b01-11f1-81cb-eeee0a93546a.worksync-db-deployer#flowable-async-job-executor-thread-5585#
[PollExecuteTaskStatusExecution] af0ca01f-d4e0-461c-9763-2fd4c1f8f74f [2026-07-08T19:19:13.831139] VCAP_SERVICES: (STDOUT, APP/TASK/deploy)#
#2026 07 08 19:19:22.160#Z#DEBUG#b2605f0d-7b01-11f1-81cb-eeee0a93546a.worksync-db-deployer#flowable-async-job-executor-thread-5585#
[PollExecuteTaskStatusExecution] af0ca01f-d4e0-461c-9763-2fd4c1f8f74f [2026-07-08T19:19:13.831768] { (STDOUT, APP/TASK/deploy)#
#2026 07 08 19:19:22.160#Z#DEBUG#b2605f0d-7b01-11f1-81cb-eeee0a93546a.worksync-db-deployer#flowable-async-job-executor-thread-5585#
[PollExecuteTaskStatusExecution] af0ca01f-d4e0-461c-9763-2fd4c1f8f74f [2026-07-08T19:19:13.831783] "hana": [ (STDOUT, APP/TASK/deploy)#
#2026 07 08 19:19:22.160#Z#DEBUG#b2605f0d-7b01-11f1-81cb-eeee0a93546a.worksync-db-deployer#flowable-async-job-executor-thread-5585#
[PollExecuteTaskStatusExecution] af0ca01f-d4e0-461c-9763-2fd4c1f8f74f [2026-07-08T19:19:13.831794] { (STDOUT, APP/TASK/deploy)#
#2026 07 08 19:19:22.160#Z#DEBUG#b2605f0d-7b01-11f1-81cb-eeee0a93546a.worksync-db-deployer#flowable-async-job-executor-thread-5585#
[PollExecuteTaskStatusExecution] af0ca01f-d4e0-461c-9763-2fd4c1f8f74f [2026-07-08T19:19:13.831797] "name": "WorkSync-db", (STDOUT, APP/TASK/deploy)#
#2026 07 08 19:19:22.160#Z#DEBUG#b2605f0d-7b01-11f1-81cb-eeee0a93546a.worksync-db-deployer#flowable-async-job-executor-thread-5585#
[PollExecuteTaskStatusExecution] af0ca01f-d4e0-461c-9763-2fd4c1f8f74f [2026-07-08T19:19:13.831801] "label": "hana", (STDOUT, APP/TASK/deploy)#
#2026 07 08 19:19:22.160#Z#DEBUG#b2605f0d-7b01-11f1-81cb-eeee0a93546a.worksync-db-deployer#flowable-async-job-executor-thread-5585#
[PollExecuteTaskStatusExecution] af0ca01f-d4e0-461c-9763-2fd4c1f8f74f [2026-07-08T19:19:13.831804] "plan": "hdi-shared", (STDOUT, APP/TASK/deploy)#
#2026 07 08 19:19:22.160#Z#DEBUG#b2605f0d-7b01-11f1-81cb-eeee0a93546a.worksync-db-deployer#flowable-async-job-executor-thread-5585#
[PollExecuteTaskStatusExecution] af0ca01f-d4e0-461c-9763-2fd4c1f8f74f [2026-07-08T19:19:13.831807] "credentials": { (STDOUT, APP/TASK/deploy)#
#2026 07 08 19:19:22.160#Z#DEBUG#b2605f0d-7b01-11f1-81cb-eeee0a93546a.worksync-db-deployer#flowable-async-job-executor-thread-5585#
[PollExecuteTaskStatusExecution] af0ca01f-d4e0-461c-9763-2fd4c1f8f74f [2026-07-08T19:19:13.831810] "schema": "CA770484662044719A53B82EF7610ED4", (STDOUT, APP/TASK/deploy)#
#2026 07 08 19:19:22.160#Z#DEBUG#b2605f0d-7b01-11f1-81cb-eeee0a93546a.worksync-db-deployer#flowable-async-job-executor-thread-5585#
[PollExecuteTaskStatusExecution] af0ca01f-d4e0-461c-9763-2fd4c1f8f74f [2026-07-08T19:19:13.831813] "database_id": "b8be478d-e3a4-4fee-b9ee-4e48cc895c57", (STDOUT, APP/TASK/deploy)#
#2026 07 08 19:19:22.160#Z#DEBUG#b2605f0d-7b01-11f1-81cb-eeee0a93546a.worksync-db-deployer#flowable-async-job-executor-thread-5585#
[PollExecuteTaskStatusExecution] af0ca01f-d4e0-461c-9763-2fd4c1f8f74f [2026-07-08T19:19:13.831832] "user": "CA770484662044719A53B82EF7610ED4_DHOXIUTQKELU42TU91AIHNRR0_RT", (STDOUT, APP/TASK/deploy)#
#2026 07 08 19:19:22.160#Z#DEBUG#b2605f0d-7b01-11f1-81cb-eeee0a93546a.worksync-db-deployer#flowable-async-job-executor-thread-5585#
[PollExecuteTaskStatusExecution] af0ca01f-d4e0-461c-9763-2fd4c1f8f74f [2026-07-08T19:19:13.831835] "hdi_user": "CA770484662044719A53B82EF7610ED4_DHOXIUTQKELU42TU91AIHNRR0_DT" (STDOUT, APP/TASK/deploy)#
#2026 07 08 19:19:22.160#Z#DEBUG#b2605f0d-7b01-11f1-81cb-eeee0a93546a.worksync-db-deployer#flowable-async-job-executor-thread-5585#
[PollExecuteTaskStatusExecution] af0ca01f-d4e0-461c-9763-2fd4c1f8f74f [2026-07-08T19:19:13.831837] }, (STDOUT, APP/TASK/deploy)#
#2026 07 08 19:19:22.160#Z#DEBUG#b2605f0d-7b01-11f1-81cb-eeee0a93546a.worksync-db-deployer#flowable-async-job-executor-thread-5585#
[PollExecuteTaskStatusExecution] af0ca01f-d4e0-461c-9763-2fd4c1f8f74f [2026-07-08T19:19:13.831840] "tags": [ (STDOUT, APP/TASK/deploy)#
#2026 07 08 19:19:22.160#Z#DEBUG#b2605f0d-7b01-11f1-81cb-eeee0a93546a.worksync-db-deployer#flowable-async-job-executor-thread-5585#
[PollExecuteTaskStatusExecution] af0ca01f-d4e0-461c-9763-2fd4c1f8f74f [2026-07-08T19:19:13.831842] "hana", (STDOUT, APP/TASK/deploy)#
#2026 07 08 19:19:22.160#Z#DEBUG#b2605f0d-7b01-11f1-81cb-eeee0a93546a.worksync-db-deployer#flowable-async-job-executor-thread-5585#
[PollExecuteTaskStatusExecution] af0ca01f-d4e0-461c-9763-2fd4c1f8f74f [2026-07-08T19:19:13.831844] "database", (STDOUT, APP/TASK/deploy)#
#2026 07 08 19:19:22.160#Z#DEBUG#b2605f0d-7b01-11f1-81cb-eeee0a93546a.worksync-db-deployer#flowable-async-job-executor-thread-5585#
[PollExecuteTaskStatusExecution] af0ca01f-d4e0-461c-9763-2fd4c1f8f74f [2026-07-08T19:19:13.831846] "relational" (STDOUT, APP/TASK/deploy)#
#2026 07 08 19:19:22.160#Z#DEBUG#b2605f0d-7b01-11f1-81cb-eeee0a93546a.worksync-db-deployer#flowable-async-job-executor-thread-5585#
[PollExecuteTaskStatusExecution] af0ca01f-d4e0-461c-9763-2fd4c1f8f74f [2026-07-08T19:19:13.831851] ] (STDOUT, APP/TASK/deploy)#
#2026 07 08 19:19:22.160#Z#DEBUG#b2605f0d-7b01-11f1-81cb-eeee0a93546a.worksync-db-deployer#flowable-async-job-executor-thread-5585#
[PollExecuteTaskStatusExecution] af0ca01f-d4e0-461c-9763-2fd4c1f8f74f [2026-07-08T19:19:13.831853] } (STDOUT, APP/TASK/deploy)#
#2026 07 08 19:19:22.160#Z#DEBUG#b2605f0d-7b01-11f1-81cb-eeee0a93546a.worksync-db-deployer#flowable-async-job-executor-thread-5585#
[PollExecuteTaskStatusExecution] af0ca01f-d4e0-461c-9763-2fd4c1f8f74f [2026-07-08T19:19:13.831855] ] (STDOUT, APP/TASK/deploy)#
#2026 07 08 19:19:22.160#Z#DEBUG#b2605f0d-7b01-11f1-81cb-eeee0a93546a.worksync-db-deployer#flowable-async-job-executor-thread-5585#
[PollExecuteTaskStatusExecution] af0ca01f-d4e0-461c-9763-2fd4c1f8f74f [2026-07-08T19:19:13.831857] } (STDOUT, APP/TASK/deploy)#
#2026 07 08 19:19:22.160#Z#DEBUG#b2605f0d-7b01-11f1-81cb-eeee0a93546a.worksync-db-deployer#flowable-async-job-executor-thread-5585#
[PollExecuteTaskStatusExecution] af0ca01f-d4e0-461c-9763-2fd4c1f8f74f [2026-07-08T19:19:14.439092] @sap/hdi-deploy, version 5.7.0 (mode default), server version 4.00.000.00.1780387709 (4.0.0.0), cloud version 2026.2.17, node version 22.22.2, HDI version 1016, container API version 1007 (STDOUT, APP/TASK/deploy)#
#2026 07 08 19:19:22.160#Z#DEBUG#b2605f0d-7b01-11f1-81cb-eeee0a93546a.worksync-db-deployer#flowable-async-job-executor-thread-5585#
[PollExecuteTaskStatusExecution] af0ca01f-d4e0-461c-9763-2fd4c1f8f74f [2026-07-08T19:19:14.439188] Deployment started at 2026-07-08 19:19:14 (STDOUT, APP/TASK/deploy)#
#2026 07 08 19:19:22.160#Z#DEBUG#b2605f0d-7b01-11f1-81cb-eeee0a93546a.worksync-db-deployer#flowable-async-job-executor-thread-5585#
[PollExecuteTaskStatusExecution] af0ca01f-d4e0-461c-9763-2fd4c1f8f74f [2026-07-08T19:19:14.439549] Using @sap/hana-client@2.29.23 for connection (STDOUT, APP/TASK/deploy)#
#2026 07 08 19:19:22.160#Z#DEBUG#b2605f0d-7b01-11f1-81cb-eeee0a93546a.worksync-db-deployer#flowable-async-job-executor-thread-5585#
[PollExecuteTaskStatusExecution] af0ca01f-d4e0-461c-9763-2fd4c1f8f74f [2026-07-08T19:19:14.463128] No ignore file at /home/vcap/app/.hdiignore. (STDOUT, APP/TASK/deploy)#
#2026 07 08 19:19:22.160#Z#DEBUG#b2605f0d-7b01-11f1-81cb-eeee0a93546a.worksync-db-deployer#flowable-async-job-executor-thread-5585#
[PollExecuteTaskStatusExecution] af0ca01f-d4e0-461c-9763-2fd4c1f8f74f [2026-07-08T19:19:14.463747] Collecting files... (STDOUT, APP/TASK/deploy)#
#2026 07 08 19:19:22.160#Z#DEBUG#b2605f0d-7b01-11f1-81cb-eeee0a93546a.worksync-db-deployer#flowable-async-job-executor-thread-5585#
[PollExecuteTaskStatusExecution] af0ca01f-d4e0-461c-9763-2fd4c1f8f74f [2026-07-08T19:19:14.471611] Collecting files... ok (0s 8ms) (STDOUT, APP/TASK/deploy)#
#2026 07 08 19:19:22.160#Z#DEBUG#b2605f0d-7b01-11f1-81cb-eeee0a93546a.worksync-db-deployer#flowable-async-job-executor-thread-5585#
[PollExecuteTaskStatusExecution] af0ca01f-d4e0-461c-9763-2fd4c1f8f74f [2026-07-08T19:19:14.471697] 4 directories collected (STDOUT, APP/TASK/deploy)#
#2026 07 08 19:19:22.160#Z#DEBUG#b2605f0d-7b01-11f1-81cb-eeee0a93546a.worksync-db-deployer#flowable-async-job-executor-thread-5585#
[PollExecuteTaskStatusExecution] af0ca01f-d4e0-461c-9763-2fd4c1f8f74f [2026-07-08T19:19:14.472462] 44 files collected (STDOUT, APP/TASK/deploy)#
#2026 07 08 19:19:22.160#Z#DEBUG#b2605f0d-7b01-11f1-81cb-eeee0a93546a.worksync-db-deployer#flowable-async-job-executor-thread-5585#
[PollExecuteTaskStatusExecution] af0ca01f-d4e0-461c-9763-2fd4c1f8f74f [2026-07-08T19:19:14.472904] 0 reusable modules collected (STDOUT, APP/TASK/deploy)#
#2026 07 08 19:19:22.160#Z#DEBUG#b2605f0d-7b01-11f1-81cb-eeee0a93546a.worksync-db-deployer#flowable-async-job-executor-thread-5585#
[PollExecuteTaskStatusExecution] af0ca01f-d4e0-461c-9763-2fd4c1f8f74f [2026-07-08T19:19:14.473059] Target service: WorkSync-db (STDOUT, APP/TASK/deploy)#
#2026 07 08 19:19:22.160#Z#DEBUG#b2605f0d-7b01-11f1-81cb-eeee0a93546a.worksync-db-deployer#flowable-async-job-executor-thread-5585#
[PollExecuteTaskStatusExecution] af0ca01f-d4e0-461c-9763-2fd4c1f8f74f [2026-07-08T19:19:14.600768] Session variable APPLICATION is set to "SAP_HDI/dev/9b59819ctrial". (STDOUT, APP/TASK/deploy)#
#2026 07 08 19:19:22.160#Z#DEBUG#b2605f0d-7b01-11f1-81cb-eeee0a93546a.worksync-db-deployer#flowable-async-job-executor-thread-5585#
[PollExecuteTaskStatusExecution] af0ca01f-d4e0-461c-9763-2fd4c1f8f74f [2026-07-08T19:19:14.817050] Previous build with request ID 641 finished at 2026-07-08 07:59:44.645255000 with status Rolled back and message: Starting make in the container "CA770484662044719A53B82EF7610ED4" with 0 files to deploy, 0 files to undeploy... ok. (STDOUT, APP/TASK/deploy)#
#2026 07 08 19:19:22.160#Z#DEBUG#b2605f0d-7b01-11f1-81cb-eeee0a93546a.worksync-db-deployer#flowable-async-job-executor-thread-5585#
[PollExecuteTaskStatusExecution] af0ca01f-d4e0-461c-9763-2fd4c1f8f74f [2026-07-08T19:19:14.817117] Processing revoke files... (STDOUT, APP/TASK/deploy)#
#2026 07 08 19:19:22.160#Z#DEBUG#b2605f0d-7b01-11f1-81cb-eeee0a93546a.worksync-db-deployer#flowable-async-job-executor-thread-5585#
[PollExecuteTaskStatusExecution] af0ca01f-d4e0-461c-9763-2fd4c1f8f74f [2026-07-08T19:19:14.817275] Processing revoke files... ok (0s 0ms) (STDOUT, APP/TASK/deploy)#
#2026 07 08 19:19:22.160#Z#DEBUG#b2605f0d-7b01-11f1-81cb-eeee0a93546a.worksync-db-deployer#flowable-async-job-executor-thread-5585#
[PollExecuteTaskStatusExecution] af0ca01f-d4e0-461c-9763-2fd4c1f8f74f [2026-07-08T19:19:14.817425] Processing grants files... (STDOUT, APP/TASK/deploy)#
#2026 07 08 19:19:22.160#Z#DEBUG#b2605f0d-7b01-11f1-81cb-eeee0a93546a.worksync-db-deployer#flowable-async-job-executor-thread-5585#
[PollExecuteTaskStatusExecution] af0ca01f-d4e0-461c-9763-2fd4c1f8f74f [2026-07-08T19:19:14.817619] Processing grants files... ok (0s 0ms) (STDOUT, APP/TASK/deploy)#
#2026 07 08 19:19:22.160#Z#DEBUG#b2605f0d-7b01-11f1-81cb-eeee0a93546a.worksync-db-deployer#flowable-async-job-executor-thread-5585#
[PollExecuteTaskStatusExecution] af0ca01f-d4e0-461c-9763-2fd4c1f8f74f [2026-07-08T19:19:14.820193] Preprocessing files... (STDOUT, APP/TASK/deploy)#
#2026 07 08 19:19:22.160#Z#DEBUG#b2605f0d-7b01-11f1-81cb-eeee0a93546a.worksync-db-deployer#flowable-async-job-executor-thread-5585#
[PollExecuteTaskStatusExecution] af0ca01f-d4e0-461c-9763-2fd4c1f8f74f [2026-07-08T19:19:14.820750] Preprocessing files... ok (0s 0ms) (STDOUT, APP/TASK/deploy)#
#2026 07 08 19:19:22.160#Z#DEBUG#b2605f0d-7b01-11f1-81cb-eeee0a93546a.worksync-db-deployer#flowable-async-job-executor-thread-5585#
[PollExecuteTaskStatusExecution] af0ca01f-d4e0-461c-9763-2fd4c1f8f74f [2026-07-08T19:19:14.820980] Connecting to the container "CA770484662044719A53B82EF7610ED4"... (STDOUT, APP/TASK/deploy)#
#2026 07 08 19:19:22.160#Z#DEBUG#b2605f0d-7b01-11f1-81cb-eeee0a93546a.worksync-db-deployer#flowable-async-job-executor-thread-5585#
[PollExecuteTaskStatusExecution] af0ca01f-d4e0-461c-9763-2fd4c1f8f74f [2026-07-08T19:19:14.918411] Connecting to the container "CA770484662044719A53B82EF7610ED4"... ok (0s 97ms) (STDOUT, APP/TASK/deploy)#
#2026 07 08 19:19:22.160#Z#DEBUG#b2605f0d-7b01-11f1-81cb-eeee0a93546a.worksync-db-deployer#flowable-async-job-executor-thread-5585#
[PollExecuteTaskStatusExecution] af0ca01f-d4e0-461c-9763-2fd4c1f8f74f [2026-07-08T19:19:14.918483] Locking the container "CA770484662044719A53B82EF7610ED4"... (STDOUT, APP/TASK/deploy)#
#2026 07 08 19:19:22.160#Z#DEBUG#b2605f0d-7b01-11f1-81cb-eeee0a93546a.worksync-db-deployer#flowable-async-job-executor-thread-5585#
[PollExecuteTaskStatusExecution] af0ca01f-d4e0-461c-9763-2fd4c1f8f74f [2026-07-08T19:19:15.257511] Locking the container "CA770484662044719A53B82EF7610ED4"... ok (0s 339ms) (STDOUT, APP/TASK/deploy)#
#2026 07 08 19:19:22.160#Z#DEBUG#b2605f0d-7b01-11f1-81cb-eeee0a93546a.worksync-db-deployer#flowable-async-job-executor-thread-5585#
[PollExecuteTaskStatusExecution] af0ca01f-d4e0-461c-9763-2fd4c1f8f74f [2026-07-08T19:19:15.257542] Synchronizing files with the container "CA770484662044719A53B82EF7610ED4"... (STDOUT, APP/TASK/deploy)#
#2026 07 08 19:19:22.160#Z#DEBUG#b2605f0d-7b01-11f1-81cb-eeee0a93546a.worksync-db-deployer#flowable-async-job-executor-thread-5585#
[PollExecuteTaskStatusExecution] af0ca01f-d4e0-461c-9763-2fd4c1f8f74f [2026-07-08T19:19:15.929276] Deleting files... (STDOUT, APP/TASK/deploy)#
#2026 07 08 19:19:22.160#Z#DEBUG#b2605f0d-7b01-11f1-81cb-eeee0a93546a.worksync-db-deployer#flowable-async-job-executor-thread-5585#
[PollExecuteTaskStatusExecution] af0ca01f-d4e0-461c-9763-2fd4c1f8f74f [2026-07-08T19:19:16.189562] Deleting files... ok (STDOUT, APP/TASK/deploy)#
#2026 07 08 19:19:22.160#Z#DEBUG#b2605f0d-7b01-11f1-81cb-eeee0a93546a.worksync-db-deployer#flowable-async-job-executor-thread-5585#
[PollExecuteTaskStatusExecution] af0ca01f-d4e0-461c-9763-2fd4c1f8f74f [2026-07-08T19:19:16.189718] Writing files... (STDOUT, APP/TASK/deploy)#
#2026 07 08 19:19:22.160#Z#DEBUG#b2605f0d-7b01-11f1-81cb-eeee0a93546a.worksync-db-deployer#flowable-async-job-executor-thread-5585#
[PollExecuteTaskStatusExecution] af0ca01f-d4e0-461c-9763-2fd4c1f8f74f [2026-07-08T19:19:16.190074] Writing 5 items (STDOUT, APP/TASK/deploy)#
#2026 07 08 19:19:22.160#Z#DEBUG#b2605f0d-7b01-11f1-81cb-eeee0a93546a.worksync-db-deployer#flowable-async-job-executor-thread-5585#
[PollExecuteTaskStatusExecution] af0ca01f-d4e0-461c-9763-2fd4c1f8f74f [2026-07-08T19:19:16.540194] Writing files... ok (STDOUT, APP/TASK/deploy)#
#2026 07 08 19:19:22.160#Z#DEBUG#b2605f0d-7b01-11f1-81cb-eeee0a93546a.worksync-db-deployer#flowable-async-job-executor-thread-5585#
[PollExecuteTaskStatusExecution] af0ca01f-d4e0-461c-9763-2fd4c1f8f74f [2026-07-08T19:19:16.540246] Synchronizing files with the container "CA770484662044719A53B82EF7610ED4"... ok (1s 283ms) (STDOUT, APP/TASK/deploy)#
#2026 07 08 19:19:22.160#Z#DEBUG#b2605f0d-7b01-11f1-81cb-eeee0a93546a.worksync-db-deployer#flowable-async-job-executor-thread-5585#
[PollExecuteTaskStatusExecution] af0ca01f-d4e0-461c-9763-2fd4c1f8f74f [2026-07-08T19:19:16.540535] added files: [ (STDOUT, APP/TASK/deploy)#
#2026 07 08 19:19:22.160#Z#DEBUG#b2605f0d-7b01-11f1-81cb-eeee0a93546a.worksync-db-deployer#flowable-async-job-executor-thread-5585#
[PollExecuteTaskStatusExecution] af0ca01f-d4e0-461c-9763-2fd4c1f8f74f [2026-07-08T19:19:16.540562] "src/views/CV_RESOURCE_FORECAST.hdbcalculationview" (STDOUT, APP/TASK/deploy)#
#2026 07 08 19:19:22.160#Z#DEBUG#b2605f0d-7b01-11f1-81cb-eeee0a93546a.worksync-db-deployer#flowable-async-job-executor-thread-5585#
[PollExecuteTaskStatusExecution] af0ca01f-d4e0-461c-9763-2fd4c1f8f74f [2026-07-08T19:19:16.540568] ] (STDOUT, APP/TASK/deploy)#
#2026 07 08 19:19:22.160#Z#DEBUG#b2605f0d-7b01-11f1-81cb-eeee0a93546a.worksync-db-deployer#flowable-async-job-executor-thread-5585#
[PollExecuteTaskStatusExecution] af0ca01f-d4e0-461c-9763-2fd4c1f8f74f [2026-07-08T19:19:16.540580] modified files: [] (STDOUT, APP/TASK/deploy)#
#2026 07 08 19:19:22.160#Z#DEBUG#b2605f0d-7b01-11f1-81cb-eeee0a93546a.worksync-db-deployer#flowable-async-job-executor-thread-5585#
[PollExecuteTaskStatusExecution] af0ca01f-d4e0-461c-9763-2fd4c1f8f74f [2026-07-08T19:19:16.540695] Undeploy allowlist file "undeploy.json" not found; an empty allowlist is used and no files will be scheduled for undeploy (STDOUT, APP/TASK/deploy)#
#2026 07 08 19:19:22.160#Z#DEBUG#b2605f0d-7b01-11f1-81cb-eeee0a93546a.worksync-db-deployer#flowable-async-job-executor-thread-5585#
[PollExecuteTaskStatusExecution] af0ca01f-d4e0-461c-9763-2fd4c1f8f74f [2026-07-08T19:19:16.540727] deleted files: [] (STDOUT, APP/TASK/deploy)#
#2026 07 08 19:19:22.160#Z#DEBUG#b2605f0d-7b01-11f1-81cb-eeee0a93546a.worksync-db-deployer#flowable-async-job-executor-thread-5585#
[PollExecuteTaskStatusExecution] af0ca01f-d4e0-461c-9763-2fd4c1f8f74f [2026-07-08T19:19:16.540906] WARNING: deleted files not in undeploy.json: [ (STDOUT, APP/TASK/deploy)#
#2026 07 08 19:19:22.160#Z#DEBUG#b2605f0d-7b01-11f1-81cb-eeee0a93546a.worksync-db-deployer#flowable-async-job-executor-thread-5585#
[PollExecuteTaskStatusExecution] af0ca01f-d4e0-461c-9763-2fd4c1f8f74f [2026-07-08T19:19:16.540925] "src/gen/UserInfoService.UserInfo.hdbtable" (STDOUT, APP/TASK/deploy)#
#2026 07 08 19:19:22.160#Z#DEBUG#b2605f0d-7b01-11f1-81cb-eeee0a93546a.worksync-db-deployer#flowable-async-job-executor-thread-5585#
[PollExecuteTaskStatusExecution] af0ca01f-d4e0-461c-9763-2fd4c1f8f74f [2026-07-08T19:19:16.540928] ] (STDOUT, APP/TASK/deploy)#
#2026 07 08 19:19:22.160#Z#DEBUG#b2605f0d-7b01-11f1-81cb-eeee0a93546a.worksync-db-deployer#flowable-async-job-executor-thread-5585#
[PollExecuteTaskStatusExecution] af0ca01f-d4e0-461c-9763-2fd4c1f8f74f [2026-07-08T19:19:16.541137] 1 modified or added files are scheduled for deploy based on delta detection (STDOUT, APP/TASK/deploy)#
#2026 07 08 19:19:22.160#Z#DEBUG#b2605f0d-7b01-11f1-81cb-eeee0a93546a.worksync-db-deployer#flowable-async-job-executor-thread-5585#
[PollExecuteTaskStatusExecution] af0ca01f-d4e0-461c-9763-2fd4c1f8f74f [2026-07-08T19:19:16.541322] 0 deleted files are scheduled for undeploy based on delta detection (filtered by undeploy allowlist) (STDOUT, APP/TASK/deploy)#
#2026 07 08 19:19:22.160#Z#DEBUG#b2605f0d-7b01-11f1-81cb-eeee0a93546a.worksync-db-deployer#flowable-async-job-executor-thread-5585#
[PollExecuteTaskStatusExecution] af0ca01f-d4e0-461c-9763-2fd4c1f8f74f [2026-07-08T19:19:16.541423] 0 files are scheduled for deploy based on explicit specification (STDOUT, APP/TASK/deploy)#
#2026 07 08 19:19:22.160#Z#DEBUG#b2605f0d-7b01-11f1-81cb-eeee0a93546a.worksync-db-deployer#flowable-async-job-executor-thread-5585#
[PollExecuteTaskStatusExecution] af0ca01f-d4e0-461c-9763-2fd4c1f8f74f [2026-07-08T19:19:16.541440] 0 files are scheduled for undeploy based on explicit specification (STDOUT, APP/TASK/deploy)#
#2026 07 08 19:19:22.160#Z#DEBUG#b2605f0d-7b01-11f1-81cb-eeee0a93546a.worksync-db-deployer#flowable-async-job-executor-thread-5585#
[PollExecuteTaskStatusExecution] af0ca01f-d4e0-461c-9763-2fd4c1f8f74f [2026-07-08T19:19:16.541546] Deploying to the container "CA770484662044719A53B82EF7610ED4"... (STDOUT, APP/TASK/deploy)#
#2026 07 08 19:19:22.160#Z#DEBUG#b2605f0d-7b01-11f1-81cb-eeee0a93546a.worksync-db-deployer#flowable-async-job-executor-thread-5585#
[PollExecuteTaskStatusExecution] af0ca01f-d4e0-461c-9763-2fd4c1f8f74f [2026-07-08T19:19:17.163446] Polling messages for request id: 646 (STDOUT, APP/TASK/deploy)#
#2026 07 08 19:19:22.160#Z#DEBUG#b2605f0d-7b01-11f1-81cb-eeee0a93546a.worksync-db-deployer#flowable-async-job-executor-thread-5585#
[PollExecuteTaskStatusExecution] af0ca01f-d4e0-461c-9763-2fd4c1f8f74f [2026-07-08T19:19:17.197805] Starting make in the container "CA770484662044719A53B82EF7610ED4" with 1 files to deploy, 0 files to undeploy... (STDOUT, APP/TASK/deploy)#
#2026 07 08 19:19:22.160#Z#DEBUG#b2605f0d-7b01-11f1-81cb-eeee0a93546a.worksync-db-deployer#flowable-async-job-executor-thread-5585#
[PollExecuteTaskStatusExecution] af0ca01f-d4e0-461c-9763-2fd4c1f8f74f [2026-07-08T19:19:17.197913] Disabling table replication for the container schema "CA770484662044719A53B82EF7610ED4"... (STDOUT, APP/TASK/deploy)#
#2026 07 08 19:19:22.160#Z#DEBUG#b2605f0d-7b01-11f1-81cb-eeee0a93546a.worksync-db-deployer#flowable-async-job-executor-thread-5585#
[PollExecuteTaskStatusExecution] af0ca01f-d4e0-461c-9763-2fd4c1f8f74f [2026-07-08T19:19:17.198107] Disabling table replication for the container schema "CA770484662044719A53B82EF7610ED4"... ok (0s 22ms) (STDOUT, APP/TASK/deploy)#
#2026 07 08 19:19:22.160#Z#DEBUG#b2605f0d-7b01-11f1-81cb-eeee0a93546a.worksync-db-deployer#flowable-async-job-executor-thread-5585#
[PollExecuteTaskStatusExecution] af0ca01f-d4e0-461c-9763-2fd4c1f8f74f [2026-07-08T19:19:17.198155] Migrating libraries... (STDOUT, APP/TASK/deploy)#
#2026 07 08 19:19:22.160#Z#DEBUG#b2605f0d-7b01-11f1-81cb-eeee0a93546a.worksync-db-deployer#flowable-async-job-executor-thread-5585#
[PollExecuteTaskStatusExecution] af0ca01f-d4e0-461c-9763-2fd4c1f8f74f [2026-07-08T19:19:17.198347] Migrating libraries... ok (0s 127ms) (STDOUT, APP/TASK/deploy)#
#2026 07 08 19:19:22.160#Z#DEBUG#b2605f0d-7b01-11f1-81cb-eeee0a93546a.worksync-db-deployer#flowable-async-job-executor-thread-5585#
[PollExecuteTaskStatusExecution] af0ca01f-d4e0-461c-9763-2fd4c1f8f74f [2026-07-08T19:19:17.198359] Making... (STDOUT, APP/TASK/deploy)#
#2026 07 08 19:19:22.160#Z#DEBUG#b2605f0d-7b01-11f1-81cb-eeee0a93546a.worksync-db-deployer#flowable-async-job-executor-thread-5585#
[PollExecuteTaskStatusExecution] af0ca01f-d4e0-461c-9763-2fd4c1f8f74f [2026-07-08T19:19:17.198363] Preparing... (STDOUT, APP/TASK/deploy)#
#2026 07 08 19:19:22.160#Z#DEBUG#b2605f0d-7b01-11f1-81cb-eeee0a93546a.worksync-db-deployer#flowable-async-job-executor-thread-5585#
[PollExecuteTaskStatusExecution] af0ca01f-d4e0-461c-9763-2fd4c1f8f74f [2026-07-08T19:19:17.198366] Preparing the make transaction... (STDOUT, APP/TASK/deploy)#
#2026 07 08 19:19:22.160#Z#DEBUG#b2605f0d-7b01-11f1-81cb-eeee0a93546a.worksync-db-deployer#flowable-async-job-executor-thread-5585#
[PollExecuteTaskStatusExecution] af0ca01f-d4e0-461c-9763-2fd4c1f8f74f [2026-07-08T19:19:17.926951] Preparing the make transaction... ok (0s 515ms) (STDOUT, APP/TASK/deploy)#
#2026 07 08 19:19:22.160#Z#DEBUG#b2605f0d-7b01-11f1-81cb-eeee0a93546a.worksync-db-deployer#flowable-async-job-executor-thread-5585#
[PollExecuteTaskStatusExecution] af0ca01f-d4e0-461c-9763-2fd4c1f8f74f [2026-07-08T19:19:17.926988] Adding "src/views/CV_RESOURCE_FORECAST.hdbcalculationview" for deploy... (STDOUT, APP/TASK/deploy)#
#2026 07 08 19:19:22.160#Z#DEBUG#b2605f0d-7b01-11f1-81cb-eeee0a93546a.worksync-db-deployer#flowable-async-job-executor-thread-5585#
[PollExecuteTaskStatusExecution] af0ca01f-d4e0-461c-9763-2fd4c1f8f74f [2026-07-08T19:19:17.927069] Adding "src/views/CV_RESOURCE_FORECAST.hdbcalculationview" for deploy... ok (0s 126ms) (STDOUT, APP/TASK/deploy)#
#2026 07 08 19:19:22.160#Z#DEBUG#b2605f0d-7b01-11f1-81cb-eeee0a93546a.worksync-db-deployer#flowable-async-job-executor-thread-5585#
[PollExecuteTaskStatusExecution] af0ca01f-d4e0-461c-9763-2fd4c1f8f74f [2026-07-08T19:19:17.927128] Preparing... ok (0s 749ms) (STDOUT, APP/TASK/deploy)#
#2026 07 08 19:19:22.160#Z#DEBUG#b2605f0d-7b01-11f1-81cb-eeee0a93546a.worksync-db-deployer#flowable-async-job-executor-thread-5585#
[PollExecuteTaskStatusExecution] af0ca01f-d4e0-461c-9763-2fd4c1f8f74f [2026-07-08T19:19:17.927237] Calculating dependencies... (STDOUT, APP/TASK/deploy)#
#2026 07 08 19:19:22.160#Z#DEBUG#b2605f0d-7b01-11f1-81cb-eeee0a93546a.worksync-db-deployer#flowable-async-job-executor-thread-5585#
[PollExecuteTaskStatusExecution] af0ca01f-d4e0-461c-9763-2fd4c1f8f74f [2026-07-08T19:19:17.927251] Expanding... (STDOUT, APP/TASK/deploy)#
#2026 07 08 19:19:22.160#Z#DEBUG#b2605f0d-7b01-11f1-81cb-eeee0a93546a.worksync-db-deployer#flowable-async-job-executor-thread-5585#
[PollExecuteTaskStatusExecution] af0ca01f-d4e0-461c-9763-2fd4c1f8f74f [2026-07-08T19:19:17.927267] Expanding... ok (0s 26ms) (STDOUT, APP/TASK/deploy)#
#2026 07 08 19:19:22.160#Z#DEBUG#b2605f0d-7b01-11f1-81cb-eeee0a93546a.worksync-db-deployer#flowable-async-job-executor-thread-5585#
[PollExecuteTaskStatusExecution] af0ca01f-d4e0-461c-9763-2fd4c1f8f74f [2026-07-08T19:19:17.927321] Precompiling... (STDOUT, APP/TASK/deploy)#
#2026 07 08 19:19:22.160#Z#DEBUG#b2605f0d-7b01-11f1-81cb-eeee0a93546a.worksync-db-deployer#flowable-async-job-executor-thread-5585#
[PollExecuteTaskStatusExecution] af0ca01f-d4e0-461c-9763-2fd4c1f8f74f [2026-07-08T19:19:17.927354] Precompiling "src/views/CV_RESOURCE_FORECAST.hdbcalculationview"... (STDOUT, APP/TASK/deploy)#
#2026 07 08 19:19:22.160#Z#DEBUG#b2605f0d-7b01-11f1-81cb-eeee0a93546a.worksync-db-deployer#flowable-async-job-executor-thread-5585#
[PollExecuteTaskStatusExecution] af0ca01f-d4e0-461c-9763-2fd4c1f8f74f [2026-07-08T19:19:17.927603] at "src/views/CV_RESOURCE_FORECAST.hdbcalculationview" (0:0) (STDOUT, APP/TASK/deploy)#
#2026 07 08 19:19:22.160#Z#DEBUG#b2605f0d-7b01-11f1-81cb-eeee0a93546a.worksync-db-deployer#flowable-async-job-executor-thread-5585#
[PollExecuteTaskStatusExecution] af0ca01f-d4e0-461c-9763-2fd4c1f8f74f [2026-07-08T19:19:17.927689] Error: com.sap.hana.di.calculationview: No measures defined in a cube [170109] (STDERR, APP/TASK/deploy)#
#2026 07 08 19:19:22.160#Z#DEBUG#b2605f0d-7b01-11f1-81cb-eeee0a93546a.worksync-db-deployer#flowable-async-job-executor-thread-5585#
[PollExecuteTaskStatusExecution] af0ca01f-d4e0-461c-9763-2fd4c1f8f74f [2026-07-08T19:19:17.927704] Error: Precompiling... failed [8212133] (STDERR, APP/TASK/deploy)#
#2026 07 08 19:19:22.160#Z#DEBUG#b2605f0d-7b01-11f1-81cb-eeee0a93546a.worksync-db-deployer#flowable-async-job-executor-thread-5585#
[PollExecuteTaskStatusExecution] af0ca01f-d4e0-461c-9763-2fd4c1f8f74f [2026-07-08T19:19:17.927716] Error: Calculating dependencies... failed [8212108] (STDERR, APP/TASK/deploy)#
#2026 07 08 19:19:22.160#Z#DEBUG#b2605f0d-7b01-11f1-81cb-eeee0a93546a.worksync-db-deployer#flowable-async-job-executor-thread-5585#
[PollExecuteTaskStatusExecution] af0ca01f-d4e0-461c-9763-2fd4c1f8f74f [2026-07-08T19:19:17.927718] Error: Making... failed [8211605] (STDERR, APP/TASK/deploy)#
#2026 07 08 19:19:22.160#Z#DEBUG#b2605f0d-7b01-11f1-81cb-eeee0a93546a.worksync-db-deployer#flowable-async-job-executor-thread-5585#
[PollExecuteTaskStatusExecution] af0ca01f-d4e0-461c-9763-2fd4c1f8f74f [2026-07-08T19:19:17.927719] Make failed (5 errors, 0 warnings): tried to deploy 1 files, undeploy 0 files, redeploy 0 dependent files (STDOUT, APP/TASK/deploy)#
#2026 07 08 19:19:22.160#Z#DEBUG#b2605f0d-7b01-11f1-81cb-eeee0a93546a.worksync-db-deployer#flowable-async-job-executor-thread-5585#
[PollExecuteTaskStatusExecution] af0ca01f-d4e0-461c-9763-2fd4c1f8f74f [2026-07-08T19:19:17.927776] Error: Starting make in the container "CA770484662044719A53B82EF7610ED4" with 1 files to deploy, 0 files to undeploy... failed [8214168] (STDERR, APP/TASK/deploy)#
#2026 07 08 19:19:22.160#Z#DEBUG#b2605f0d-7b01-11f1-81cb-eeee0a93546a.worksync-db-deployer#flowable-async-job-executor-thread-5585#
[PollExecuteTaskStatusExecution] af0ca01f-d4e0-461c-9763-2fd4c1f8f74f [2026-07-08T19:19:17.928181] Deployment to container CA770484662044719A53B82EF7610ED4 failed - error: HDI make failed [Deployment ID: none]. (STDERR, APP/TASK/deploy)#
#2026 07 08 19:19:22.160#Z#DEBUG#b2605f0d-7b01-11f1-81cb-eeee0a93546a.worksync-db-deployer#flowable-async-job-executor-thread-5585#
[PollExecuteTaskStatusExecution] af0ca01f-d4e0-461c-9763-2fd4c1f8f74f [2026-07-08T19:19:17.928958] Deployment ended at 2026-07-08 19:19:17 (STDOUT, APP/TASK/deploy)#
#2026 07 08 19:19:22.160#Z#DEBUG#b2605f0d-7b01-11f1-81cb-eeee0a93546a.worksync-db-deployer#flowable-async-job-executor-thread-5585#
[PollExecuteTaskStatusExecution] af0ca01f-d4e0-461c-9763-2fd4c1f8f74f [2026-07-08T19:19:17.928988] Error: HDI make failed (STDERR, APP/TASK/deploy)#
#2026 07 08 19:19:22.160#Z#DEBUG#b2605f0d-7b01-11f1-81cb-eeee0a93546a.worksync-db-deployer#flowable-async-job-executor-thread-5585#
[PollExecuteTaskStatusExecution] af0ca01f-d4e0-461c-9763-2fd4c1f8f74f [2026-07-08T19:19:17.931789] (4s 253ms) (STDOUT, APP/TASK/deploy)#
#2026 07 08 19:19:22.160#Z#DEBUG#b2605f0d-7b01-11f1-81cb-eeee0a93546a.worksync-db-deployer#flowable-async-job-executor-thread-5585#
[PollExecuteTaskStatusExecution] af0ca01f-d4e0-461c-9763-2fd4c1f8f74f [2026-07-08T19:19:17.952609] npm notice (STDERR, APP/TASK/deploy)#
#2026 07 08 19:19:22.160#Z#DEBUG#b2605f0d-7b01-11f1-81cb-eeee0a93546a.worksync-db-deployer#flowable-async-job-executor-thread-5585#
[PollExecuteTaskStatusExecution] af0ca01f-d4e0-461c-9763-2fd4c1f8f74f [2026-07-08T19:19:17.952649] npm notice New major version of npm available! 10.9.7 -> 11.18.0 (STDERR, APP/TASK/deploy)#
#2026 07 08 19:19:22.160#Z#DEBUG#b2605f0d-7b01-11f1-81cb-eeee0a93546a.worksync-db-deployer#flowable-async-job-executor-thread-5585#
[PollExecuteTaskStatusExecution] af0ca01f-d4e0-461c-9763-2fd4c1f8f74f [2026-07-08T19:19:17.952655] npm notice Changelog: https://github.com/npm/cli/releases/tag/v11.18.0 (STDERR, APP/TASK/deploy)#
#2026 07 08 19:19:22.160#Z#DEBUG#b2605f0d-7b01-11f1-81cb-eeee0a93546a.worksync-db-deployer#flowable-async-job-executor-thread-5585#
[PollExecuteTaskStatusExecution] af0ca01f-d4e0-461c-9763-2fd4c1f8f74f [2026-07-08T19:19:17.952658] npm notice To update run: npm install -g npm@11.18.0 (STDERR, APP/TASK/deploy)#
#2026 07 08 19:19:22.160#Z#DEBUG#b2605f0d-7b01-11f1-81cb-eeee0a93546a.worksync-db-deployer#flowable-async-job-executor-thread-5585#
[PollExecuteTaskStatusExecution] af0ca01f-d4e0-461c-9763-2fd4c1f8f74f [2026-07-08T19:19:17.952662] npm notice (STDERR, APP/TASK/deploy)#
#2026 07 08 19:19:22.160#Z#DEBUG#b2605f0d-7b01-11f1-81cb-eeee0a93546a.worksync-db-deployer#flowable-async-job-executor-thread-5585#
[PollExecuteTaskStatusExecution] af0ca01f-d4e0-461c-9763-2fd4c1f8f74f [2026-07-08T19:19:18.032241] Exit status 1 (STDOUT, APP/TASK/deploy)#
#2026 07 08 19:19:22.160#Z#DEBUG#b2605f0d-7b01-11f1-81cb-eeee0a93546a.worksync-db-deployer#flowable-async-job-executor-thread-5585#
[PollExecuteTaskStatusExecution] af0ca01f-d4e0-461c-9763-2fd4c1f8f74f [2026-07-08T19:19:19.351718] Cell 684caff8-89cd-492b-be01-b3d0835f1763 stopping instance 79860722-cae8-4426-abea-a1a94a4953e0 (STDOUT, CELL)#
#2026 07 08 19:19:22.160#Z#DEBUG#b2605f0d-7b01-11f1-81cb-eeee0a93546a.worksync-db-deployer#flowable-async-job-executor-thread-5585#
[PollExecuteTaskStatusExecution] af0ca01f-d4e0-461c-9763-2fd4c1f8f74f [2026-07-08T19:19:19.351778] Cell 684caff8-89cd-492b-be01-b3d0835f1763 destroying container for instance 79860722-cae8-4426-abea-a1a94a4953e0 (STDOUT, CELL)#
#2026 07 08 19:19:32.184#Z#DEBUG#b2605f0d-7b01-11f1-81cb-eeee0a93546a.worksync-db-deployer#flowable-async-job-executor-thread-5596#
[PollExecuteTaskStatusExecution] af0ca01f-d4e0-461c-9763-2fd4c1f8f74f [2026-07-08T19:19:12.844480] Invoking pre-start scripts. (STDOUT, APP/TASK/deploy)#
#2026 07 08 19:19:32.184#Z#DEBUG#b2605f0d-7b01-11f1-81cb-eeee0a93546a.worksync-db-deployer#flowable-async-job-executor-thread-5596#
[PollExecuteTaskStatusExecution] af0ca01f-d4e0-461c-9763-2fd4c1f8f74f [2026-07-08T19:19:13.072955] Invoking start command. (STDOUT, APP/TASK/deploy)#
#2026 07 08 19:19:32.184#Z#DEBUG#b2605f0d-7b01-11f1-81cb-eeee0a93546a.worksync-db-deployer#flowable-async-job-executor-thread-5596#
[PollExecuteTaskStatusExecution] af0ca01f-d4e0-461c-9763-2fd4c1f8f74f [2026-07-08T19:19:13.624299] > start (STDOUT, APP/TASK/deploy)#
#2026 07 08 19:19:32.184#Z#DEBUG#b2605f0d-7b01-11f1-81cb-eeee0a93546a.worksync-db-deployer#flowable-async-job-executor-thread-5596#
[PollExecuteTaskStatusExecution] af0ca01f-d4e0-461c-9763-2fd4c1f8f74f [2026-07-08T19:19:13.624333] > node node_modules/@sap/hdi-deploy/deploy.js (STDOUT, APP/TASK/deploy)#
#2026 07 08 19:19:32.184#Z#DEBUG#b2605f0d-7b01-11f1-81cb-eeee0a93546a.worksync-db-deployer#flowable-async-job-executor-thread-5596#
[PollExecuteTaskStatusExecution] af0ca01f-d4e0-461c-9763-2fd4c1f8f74f [2026-07-08T19:19:13.831139] VCAP_SERVICES: (STDOUT, APP/TASK/deploy)#
#2026 07 08 19:19:32.184#Z#DEBUG#b2605f0d-7b01-11f1-81cb-eeee0a93546a.worksync-db-deployer#flowable-async-job-executor-thread-5596#
[PollExecuteTaskStatusExecution] af0ca01f-d4e0-461c-9763-2fd4c1f8f74f [2026-07-08T19:19:13.831768] { (STDOUT, APP/TASK/deploy)#
#2026 07 08 19:19:32.184#Z#DEBUG#b2605f0d-7b01-11f1-81cb-eeee0a93546a.worksync-db-deployer#flowable-async-job-executor-thread-5596#
[PollExecuteTaskStatusExecution] af0ca01f-d4e0-461c-9763-2fd4c1f8f74f [2026-07-08T19:19:13.831783] "hana": [ (STDOUT, APP/TASK/deploy)#
#2026 07 08 19:19:32.184#Z#DEBUG#b2605f0d-7b01-11f1-81cb-eeee0a93546a.worksync-db-deployer#flowable-async-job-executor-thread-5596#
[PollExecuteTaskStatusExecution] af0ca01f-d4e0-461c-9763-2fd4c1f8f74f [2026-07-08T19:19:13.831794] { (STDOUT, APP/TASK/deploy)#
#2026 07 08 19:19:32.184#Z#DEBUG#b2605f0d-7b01-11f1-81cb-eeee0a93546a.worksync-db-deployer#flowable-async-job-executor-thread-5596#
[PollExecuteTaskStatusExecution] af0ca01f-d4e0-461c-9763-2fd4c1f8f74f [2026-07-08T19:19:13.831797] "name": "WorkSync-db", (STDOUT, APP/TASK/deploy)#
#2026 07 08 19:19:32.184#Z#DEBUG#b2605f0d-7b01-11f1-81cb-eeee0a93546a.worksync-db-deployer#flowable-async-job-executor-thread-5596#
[PollExecuteTaskStatusExecution] af0ca01f-d4e0-461c-9763-2fd4c1f8f74f [2026-07-08T19:19:13.831801] "label": "hana", (STDOUT, APP/TASK/deploy)#
#2026 07 08 19:19:32.184#Z#DEBUG#b2605f0d-7b01-11f1-81cb-eeee0a93546a.worksync-db-deployer#flowable-async-job-executor-thread-5596#
[PollExecuteTaskStatusExecution] af0ca01f-d4e0-461c-9763-2fd4c1f8f74f [2026-07-08T19:19:13.831804] "plan": "hdi-shared", (STDOUT, APP/TASK/deploy)#
#2026 07 08 19:19:32.184#Z#DEBUG#b2605f0d-7b01-11f1-81cb-eeee0a93546a.worksync-db-deployer#flowable-async-job-executor-thread-5596#
[PollExecuteTaskStatusExecution] af0ca01f-d4e0-461c-9763-2fd4c1f8f74f [2026-07-08T19:19:13.831807] "credentials": { (STDOUT, APP/TASK/deploy)#
#2026 07 08 19:19:32.184#Z#DEBUG#b2605f0d-7b01-11f1-81cb-eeee0a93546a.worksync-db-deployer#flowable-async-job-executor-thread-5596#
[PollExecuteTaskStatusExecution] af0ca01f-d4e0-461c-9763-2fd4c1f8f74f [2026-07-08T19:19:13.831810] "schema": "CA770484662044719A53B82EF7610ED4", (STDOUT, APP/TASK/deploy)#
#2026 07 08 19:19:32.184#Z#DEBUG#b2605f0d-7b01-11f1-81cb-eeee0a93546a.worksync-db-deployer#flowable-async-job-executor-thread-5596#
[PollExecuteTaskStatusExecution] af0ca01f-d4e0-461c-9763-2fd4c1f8f74f [2026-07-08T19:19:13.831813] "database_id": "b8be478d-e3a4-4fee-b9ee-4e48cc895c57", (STDOUT, APP/TASK/deploy)#
#2026 07 08 19:19:32.184#Z#DEBUG#b2605f0d-7b01-11f1-81cb-eeee0a93546a.worksync-db-deployer#flowable-async-job-executor-thread-5596#
[PollExecuteTaskStatusExecution] af0ca01f-d4e0-461c-9763-2fd4c1f8f74f [2026-07-08T19:19:13.831832] "user": "CA770484662044719A53B82EF7610ED4_DHOXIUTQKELU42TU91AIHNRR0_RT", (STDOUT, APP/TASK/deploy)#
#2026 07 08 19:19:32.184#Z#DEBUG#b2605f0d-7b01-11f1-81cb-eeee0a93546a.worksync-db-deployer#flowable-async-job-executor-thread-5596#
[PollExecuteTaskStatusExecution] af0ca01f-d4e0-461c-9763-2fd4c1f8f74f [2026-07-08T19:19:13.831835] "hdi_user": "CA770484662044719A53B82EF7610ED4_DHOXIUTQKELU42TU91AIHNRR0_DT" (STDOUT, APP/TASK/deploy)#
#2026 07 08 19:19:32.184#Z#DEBUG#b2605f0d-7b01-11f1-81cb-eeee0a93546a.worksync-db-deployer#flowable-async-job-executor-thread-5596#
[PollExecuteTaskStatusExecution] af0ca01f-d4e0-461c-9763-2fd4c1f8f74f [2026-07-08T19:19:13.831837] }, (STDOUT, APP/TASK/deploy)#
#2026 07 08 19:19:32.184#Z#DEBUG#b2605f0d-7b01-11f1-81cb-eeee0a93546a.worksync-db-deployer#flowable-async-job-executor-thread-5596#
[PollExecuteTaskStatusExecution] af0ca01f-d4e0-461c-9763-2fd4c1f8f74f [2026-07-08T19:19:13.831840] "tags": [ (STDOUT, APP/TASK/deploy)#
#2026 07 08 19:19:32.184#Z#DEBUG#b2605f0d-7b01-11f1-81cb-eeee0a93546a.worksync-db-deployer#flowable-async-job-executor-thread-5596#
[PollExecuteTaskStatusExecution] af0ca01f-d4e0-461c-9763-2fd4c1f8f74f [2026-07-08T19:19:13.831842] "hana", (STDOUT, APP/TASK/deploy)#
#2026 07 08 19:19:32.184#Z#DEBUG#b2605f0d-7b01-11f1-81cb-eeee0a93546a.worksync-db-deployer#flowable-async-job-executor-thread-5596#
[PollExecuteTaskStatusExecution] af0ca01f-d4e0-461c-9763-2fd4c1f8f74f [2026-07-08T19:19:13.831844] "database", (STDOUT, APP/TASK/deploy)#
#2026 07 08 19:19:32.184#Z#DEBUG#b2605f0d-7b01-11f1-81cb-eeee0a93546a.worksync-db-deployer#flowable-async-job-executor-thread-5596#
[PollExecuteTaskStatusExecution] af0ca01f-d4e0-461c-9763-2fd4c1f8f74f [2026-07-08T19:19:13.831846] "relational" (STDOUT, APP/TASK/deploy)#
#2026 07 08 19:19:32.184#Z#DEBUG#b2605f0d-7b01-11f1-81cb-eeee0a93546a.worksync-db-deployer#flowable-async-job-executor-thread-5596#
[PollExecuteTaskStatusExecution] af0ca01f-d4e0-461c-9763-2fd4c1f8f74f [2026-07-08T19:19:13.831851] ] (STDOUT, APP/TASK/deploy)#
#2026 07 08 19:19:32.184#Z#DEBUG#b2605f0d-7b01-11f1-81cb-eeee0a93546a.worksync-db-deployer#flowable-async-job-executor-thread-5596#
[PollExecuteTaskStatusExecution] af0ca01f-d4e0-461c-9763-2fd4c1f8f74f [2026-07-08T19:19:13.831853] } (STDOUT, APP/TASK/deploy)#
#2026 07 08 19:19:32.184#Z#DEBUG#b2605f0d-7b01-11f1-81cb-eeee0a93546a.worksync-db-deployer#flowable-async-job-executor-thread-5596#
[PollExecuteTaskStatusExecution] af0ca01f-d4e0-461c-9763-2fd4c1f8f74f [2026-07-08T19:19:13.831855] ] (STDOUT, APP/TASK/deploy)#
#2026 07 08 19:19:32.184#Z#DEBUG#b2605f0d-7b01-11f1-81cb-eeee0a93546a.worksync-db-deployer#flowable-async-job-executor-thread-5596#
[PollExecuteTaskStatusExecution] af0ca01f-d4e0-461c-9763-2fd4c1f8f74f [2026-07-08T19:19:13.831857] } (STDOUT, APP/TASK/deploy)#
#2026 07 08 19:19:32.184#Z#DEBUG#b2605f0d-7b01-11f1-81cb-eeee0a93546a.worksync-db-deployer#flowable-async-job-executor-thread-5596#
[PollExecuteTaskStatusExecution] af0ca01f-d4e0-461c-9763-2fd4c1f8f74f [2026-07-08T19:19:14.439092] @sap/hdi-deploy, version 5.7.0 (mode default), server version 4.00.000.00.1780387709 (4.0.0.0), cloud version 2026.2.17, node version 22.22.2, HDI version 1016, container API version 1007 (STDOUT, APP/TASK/deploy)#
#2026 07 08 19:19:32.184#Z#DEBUG#b2605f0d-7b01-11f1-81cb-eeee0a93546a.worksync-db-deployer#flowable-async-job-executor-thread-5596#
[PollExecuteTaskStatusExecution] af0ca01f-d4e0-461c-9763-2fd4c1f8f74f [2026-07-08T19:19:14.439188] Deployment started at 2026-07-08 19:19:14 (STDOUT, APP/TASK/deploy)#
#2026 07 08 19:19:32.184#Z#DEBUG#b2605f0d-7b01-11f1-81cb-eeee0a93546a.worksync-db-deployer#flowable-async-job-executor-thread-5596#
[PollExecuteTaskStatusExecution] af0ca01f-d4e0-461c-9763-2fd4c1f8f74f [2026-07-08T19:19:14.439549] Using @sap/hana-client@2.29.23 for connection (STDOUT, APP/TASK/deploy)#
#2026 07 08 19:19:32.184#Z#DEBUG#b2605f0d-7b01-11f1-81cb-eeee0a93546a.worksync-db-deployer#flowable-async-job-executor-thread-5596#
[PollExecuteTaskStatusExecution] af0ca01f-d4e0-461c-9763-2fd4c1f8f74f [2026-07-08T19:19:14.463128] No ignore file at /home/vcap/app/.hdiignore. (STDOUT, APP/TASK/deploy)#
#2026 07 08 19:19:32.184#Z#DEBUG#b2605f0d-7b01-11f1-81cb-eeee0a93546a.worksync-db-deployer#flowable-async-job-executor-thread-5596#
[PollExecuteTaskStatusExecution] af0ca01f-d4e0-461c-9763-2fd4c1f8f74f [2026-07-08T19:19:14.463747] Collecting files... (STDOUT, APP/TASK/deploy)#
#2026 07 08 19:19:32.184#Z#DEBUG#b2605f0d-7b01-11f1-81cb-eeee0a93546a.worksync-db-deployer#flowable-async-job-executor-thread-5596#
[PollExecuteTaskStatusExecution] af0ca01f-d4e0-461c-9763-2fd4c1f8f74f [2026-07-08T19:19:14.471611] Collecting files... ok (0s 8ms) (STDOUT, APP/TASK/deploy)#
#2026 07 08 19:19:32.184#Z#DEBUG#b2605f0d-7b01-11f1-81cb-eeee0a93546a.worksync-db-deployer#flowable-async-job-executor-thread-5596#
[PollExecuteTaskStatusExecution] af0ca01f-d4e0-461c-9763-2fd4c1f8f74f [2026-07-08T19:19:14.471697] 4 directories collected (STDOUT, APP/TASK/deploy)#
#2026 07 08 19:19:32.184#Z#DEBUG#b2605f0d-7b01-11f1-81cb-eeee0a93546a.worksync-db-deployer#flowable-async-job-executor-thread-5596#
[PollExecuteTaskStatusExecution] af0ca01f-d4e0-461c-9763-2fd4c1f8f74f [2026-07-08T19:19:14.472462] 44 files collected (STDOUT, APP/TASK/deploy)#
#2026 07 08 19:19:32.184#Z#DEBUG#b2605f0d-7b01-11f1-81cb-eeee0a93546a.worksync-db-deployer#flowable-async-job-executor-thread-5596#
[PollExecuteTaskStatusExecution] af0ca01f-d4e0-461c-9763-2fd4c1f8f74f [2026-07-08T19:19:14.472904] 0 reusable modules collected (STDOUT, APP/TASK/deploy)#
#2026 07 08 19:19:32.184#Z#DEBUG#b2605f0d-7b01-11f1-81cb-eeee0a93546a.worksync-db-deployer#flowable-async-job-executor-thread-5596#
[PollExecuteTaskStatusExecution] af0ca01f-d4e0-461c-9763-2fd4c1f8f74f [2026-07-08T19:19:14.473059] Target service: WorkSync-db (STDOUT, APP/TASK/deploy)#
#2026 07 08 19:19:32.184#Z#DEBUG#b2605f0d-7b01-11f1-81cb-eeee0a93546a.worksync-db-deployer#flowable-async-job-executor-thread-5596#
[PollExecuteTaskStatusExecution] af0ca01f-d4e0-461c-9763-2fd4c1f8f74f [2026-07-08T19:19:14.600768] Session variable APPLICATION is set to "SAP_HDI/dev/9b59819ctrial". (STDOUT, APP/TASK/deploy)#
#2026 07 08 19:19:32.184#Z#DEBUG#b2605f0d-7b01-11f1-81cb-eeee0a93546a.worksync-db-deployer#flowable-async-job-executor-thread-5596#
[PollExecuteTaskStatusExecution] af0ca01f-d4e0-461c-9763-2fd4c1f8f74f [2026-07-08T19:19:14.817050] Previous build with request ID 641 finished at 2026-07-08 07:59:44.645255000 with status Rolled back and message: Starting make in the container "CA770484662044719A53B82EF7610ED4" with 0 files to deploy, 0 files to undeploy... ok. (STDOUT, APP/TASK/deploy)#
#2026 07 08 19:19:32.184#Z#DEBUG#b2605f0d-7b01-11f1-81cb-eeee0a93546a.worksync-db-deployer#flowable-async-job-executor-thread-5596#
[PollExecuteTaskStatusExecution] af0ca01f-d4e0-461c-9763-2fd4c1f8f74f [2026-07-08T19:19:14.817117] Processing revoke files... (STDOUT, APP/TASK/deploy)#
#2026 07 08 19:19:32.184#Z#DEBUG#b2605f0d-7b01-11f1-81cb-eeee0a93546a.worksync-db-deployer#flowable-async-job-executor-thread-5596#
[PollExecuteTaskStatusExecution] af0ca01f-d4e0-461c-9763-2fd4c1f8f74f [2026-07-08T19:19:14.817275] Processing revoke files... ok (0s 0ms) (STDOUT, APP/TASK/deploy)#
#2026 07 08 19:19:32.184#Z#DEBUG#b2605f0d-7b01-11f1-81cb-eeee0a93546a.worksync-db-deployer#flowable-async-job-executor-thread-5596#
[PollExecuteTaskStatusExecution] af0ca01f-d4e0-461c-9763-2fd4c1f8f74f [2026-07-08T19:19:14.817425] Processing grants files... (STDOUT, APP/TASK/deploy)#
#2026 07 08 19:19:32.184#Z#DEBUG#b2605f0d-7b01-11f1-81cb-eeee0a93546a.worksync-db-deployer#flowable-async-job-executor-thread-5596#
[PollExecuteTaskStatusExecution] af0ca01f-d4e0-461c-9763-2fd4c1f8f74f [2026-07-08T19:19:14.817619] Processing grants files... ok (0s 0ms) (STDOUT, APP/TASK/deploy)#
#2026 07 08 19:19:32.184#Z#DEBUG#b2605f0d-7b01-11f1-81cb-eeee0a93546a.worksync-db-deployer#flowable-async-job-executor-thread-5596#
[PollExecuteTaskStatusExecution] af0ca01f-d4e0-461c-9763-2fd4c1f8f74f [2026-07-08T19:19:14.820193] Preprocessing files... (STDOUT, APP/TASK/deploy)#
#2026 07 08 19:19:32.184#Z#DEBUG#b2605f0d-7b01-11f1-81cb-eeee0a93546a.worksync-db-deployer#flowable-async-job-executor-thread-5596#
[PollExecuteTaskStatusExecution] af0ca01f-d4e0-461c-9763-2fd4c1f8f74f [2026-07-08T19:19:14.820750] Preprocessing files... ok (0s 0ms) (STDOUT, APP/TASK/deploy)#
#2026 07 08 19:19:32.184#Z#DEBUG#b2605f0d-7b01-11f1-81cb-eeee0a93546a.worksync-db-deployer#flowable-async-job-executor-thread-5596#
[PollExecuteTaskStatusExecution] af0ca01f-d4e0-461c-9763-2fd4c1f8f74f [2026-07-08T19:19:14.820980] Connecting to the container "CA770484662044719A53B82EF7610ED4"... (STDOUT, APP/TASK/deploy)#
#2026 07 08 19:19:32.184#Z#DEBUG#b2605f0d-7b01-11f1-81cb-eeee0a93546a.worksync-db-deployer#flowable-async-job-executor-thread-5596#
[PollExecuteTaskStatusExecution] af0ca01f-d4e0-461c-9763-2fd4c1f8f74f [2026-07-08T19:19:14.918411] Connecting to the container "CA770484662044719A53B82EF7610ED4"... ok (0s 97ms) (STDOUT, APP/TASK/deploy)#
#2026 07 08 19:19:32.184#Z#DEBUG#b2605f0d-7b01-11f1-81cb-eeee0a93546a.worksync-db-deployer#flowable-async-job-executor-thread-5596#
[PollExecuteTaskStatusExecution] af0ca01f-d4e0-461c-9763-2fd4c1f8f74f [2026-07-08T19:19:14.918483] Locking the container "CA770484662044719A53B82EF7610ED4"... (STDOUT, APP/TASK/deploy)#
#2026 07 08 19:19:32.184#Z#DEBUG#b2605f0d-7b01-11f1-81cb-eeee0a93546a.worksync-db-deployer#flowable-async-job-executor-thread-5596#
[PollExecuteTaskStatusExecution] af0ca01f-d4e0-461c-9763-2fd4c1f8f74f [2026-07-08T19:19:15.257511] Locking the container "CA770484662044719A53B82EF7610ED4"... ok (0s 339ms) (STDOUT, APP/TASK/deploy)#
#2026 07 08 19:19:32.184#Z#DEBUG#b2605f0d-7b01-11f1-81cb-eeee0a93546a.worksync-db-deployer#flowable-async-job-executor-thread-5596#
[PollExecuteTaskStatusExecution] af0ca01f-d4e0-461c-9763-2fd4c1f8f74f [2026-07-08T19:19:15.257542] Synchronizing files with the container "CA770484662044719A53B82EF7610ED4"... (STDOUT, APP/TASK/deploy)#
#2026 07 08 19:19:32.184#Z#DEBUG#b2605f0d-7b01-11f1-81cb-eeee0a93546a.worksync-db-deployer#flowable-async-job-executor-thread-5596#
[PollExecuteTaskStatusExecution] af0ca01f-d4e0-461c-9763-2fd4c1f8f74f [2026-07-08T19:19:15.929276] Deleting files... (STDOUT, APP/TASK/deploy)#
#2026 07 08 19:19:32.184#Z#DEBUG#b2605f0d-7b01-11f1-81cb-eeee0a93546a.worksync-db-deployer#flowable-async-job-executor-thread-5596#
[PollExecuteTaskStatusExecution] af0ca01f-d4e0-461c-9763-2fd4c1f8f74f [2026-07-08T19:19:16.189562] Deleting files... ok (STDOUT, APP/TASK/deploy)#
#2026 07 08 19:19:32.184#Z#DEBUG#b2605f0d-7b01-11f1-81cb-eeee0a93546a.worksync-db-deployer#flowable-async-job-executor-thread-5596#
[PollExecuteTaskStatusExecution] af0ca01f-d4e0-461c-9763-2fd4c1f8f74f [2026-07-08T19:19:16.189718] Writing files... (STDOUT, APP/TASK/deploy)#
#2026 07 08 19:19:32.184#Z#DEBUG#b2605f0d-7b01-11f1-81cb-eeee0a93546a.worksync-db-deployer#flowable-async-job-executor-thread-5596#
[PollExecuteTaskStatusExecution] af0ca01f-d4e0-461c-9763-2fd4c1f8f74f [2026-07-08T19:19:16.190074] Writing 5 items (STDOUT, APP/TASK/deploy)#
#2026 07 08 19:19:32.184#Z#DEBUG#b2605f0d-7b01-11f1-81cb-eeee0a93546a.worksync-db-deployer#flowable-async-job-executor-thread-5596#
[PollExecuteTaskStatusExecution] af0ca01f-d4e0-461c-9763-2fd4c1f8f74f [2026-07-08T19:19:16.540194] Writing files... ok (STDOUT, APP/TASK/deploy)#
#2026 07 08 19:19:32.184#Z#DEBUG#b2605f0d-7b01-11f1-81cb-eeee0a93546a.worksync-db-deployer#flowable-async-job-executor-thread-5596#
[PollExecuteTaskStatusExecution] af0ca01f-d4e0-461c-9763-2fd4c1f8f74f [2026-07-08T19:19:16.540246] Synchronizing files with the container "CA770484662044719A53B82EF7610ED4"... ok (1s 283ms) (STDOUT, APP/TASK/deploy)#
#2026 07 08 19:19:32.184#Z#DEBUG#b2605f0d-7b01-11f1-81cb-eeee0a93546a.worksync-db-deployer#flowable-async-job-executor-thread-5596#
[PollExecuteTaskStatusExecution] af0ca01f-d4e0-461c-9763-2fd4c1f8f74f [2026-07-08T19:19:16.540535] added files: [ (STDOUT, APP/TASK/deploy)#
#2026 07 08 19:19:32.184#Z#DEBUG#b2605f0d-7b01-11f1-81cb-eeee0a93546a.worksync-db-deployer#flowable-async-job-executor-thread-5596#
[PollExecuteTaskStatusExecution] af0ca01f-d4e0-461c-9763-2fd4c1f8f74f [2026-07-08T19:19:16.540562] "src/views/CV_RESOURCE_FORECAST.hdbcalculationview" (STDOUT, APP/TASK/deploy)#
#2026 07 08 19:19:32.184#Z#DEBUG#b2605f0d-7b01-11f1-81cb-eeee0a93546a.worksync-db-deployer#flowable-async-job-executor-thread-5596#
[PollExecuteTaskStatusExecution] af0ca01f-d4e0-461c-9763-2fd4c1f8f74f [2026-07-08T19:19:16.540568] ] (STDOUT, APP/TASK/deploy)#
#2026 07 08 19:19:32.184#Z#DEBUG#b2605f0d-7b01-11f1-81cb-eeee0a93546a.worksync-db-deployer#flowable-async-job-executor-thread-5596#
[PollExecuteTaskStatusExecution] af0ca01f-d4e0-461c-9763-2fd4c1f8f74f [2026-07-08T19:19:16.540580] modified files: [] (STDOUT, APP/TASK/deploy)#
#2026 07 08 19:19:32.184#Z#DEBUG#b2605f0d-7b01-11f1-81cb-eeee0a93546a.worksync-db-deployer#flowable-async-job-executor-thread-5596#
[PollExecuteTaskStatusExecution] af0ca01f-d4e0-461c-9763-2fd4c1f8f74f [2026-07-08T19:19:16.540695] Undeploy allowlist file "undeploy.json" not found; an empty allowlist is used and no files will be scheduled for undeploy (STDOUT, APP/TASK/deploy)#
#2026 07 08 19:19:32.184#Z#DEBUG#b2605f0d-7b01-11f1-81cb-eeee0a93546a.worksync-db-deployer#flowable-async-job-executor-thread-5596#
[PollExecuteTaskStatusExecution] af0ca01f-d4e0-461c-9763-2fd4c1f8f74f [2026-07-08T19:19:16.540727] deleted files: [] (STDOUT, APP/TASK/deploy)#
#2026 07 08 19:19:32.184#Z#DEBUG#b2605f0d-7b01-11f1-81cb-eeee0a93546a.worksync-db-deployer#flowable-async-job-executor-thread-5596#
[PollExecuteTaskStatusExecution] af0ca01f-d4e0-461c-9763-2fd4c1f8f74f [2026-07-08T19:19:16.540906] WARNING: deleted files not in undeploy.json: [ (STDOUT, APP/TASK/deploy)#
#2026 07 08 19:19:32.184#Z#DEBUG#b2605f0d-7b01-11f1-81cb-eeee0a93546a.worksync-db-deployer#flowable-async-job-executor-thread-5596#
[PollExecuteTaskStatusExecution] af0ca01f-d4e0-461c-9763-2fd4c1f8f74f [2026-07-08T19:19:16.540925] "src/gen/UserInfoService.UserInfo.hdbtable" (STDOUT, APP/TASK/deploy)#
#2026 07 08 19:19:32.184#Z#DEBUG#b2605f0d-7b01-11f1-81cb-eeee0a93546a.worksync-db-deployer#flowable-async-job-executor-thread-5596#
[PollExecuteTaskStatusExecution] af0ca01f-d4e0-461c-9763-2fd4c1f8f74f [2026-07-08T19:19:16.540928] ] (STDOUT, APP/TASK/deploy)#
#2026 07 08 19:19:32.184#Z#DEBUG#b2605f0d-7b01-11f1-81cb-eeee0a93546a.worksync-db-deployer#flowable-async-job-executor-thread-5596#
[PollExecuteTaskStatusExecution] af0ca01f-d4e0-461c-9763-2fd4c1f8f74f [2026-07-08T19:19:16.541137] 1 modified or added files are scheduled for deploy based on delta detection (STDOUT, APP/TASK/deploy)#
#2026 07 08 19:19:32.184#Z#DEBUG#b2605f0d-7b01-11f1-81cb-eeee0a93546a.worksync-db-deployer#flowable-async-job-executor-thread-5596#
[PollExecuteTaskStatusExecution] af0ca01f-d4e0-461c-9763-2fd4c1f8f74f [2026-07-08T19:19:16.541322] 0 deleted files are scheduled for undeploy based on delta detection (filtered by undeploy allowlist) (STDOUT, APP/TASK/deploy)#
#2026 07 08 19:19:32.184#Z#DEBUG#b2605f0d-7b01-11f1-81cb-eeee0a93546a.worksync-db-deployer#flowable-async-job-executor-thread-5596#
[PollExecuteTaskStatusExecution] af0ca01f-d4e0-461c-9763-2fd4c1f8f74f [2026-07-08T19:19:16.541423] 0 files are scheduled for deploy based on explicit specification (STDOUT, APP/TASK/deploy)#
#2026 07 08 19:19:32.184#Z#DEBUG#b2605f0d-7b01-11f1-81cb-eeee0a93546a.worksync-db-deployer#flowable-async-job-executor-thread-5596#
[PollExecuteTaskStatusExecution] af0ca01f-d4e0-461c-9763-2fd4c1f8f74f [2026-07-08T19:19:16.541440] 0 files are scheduled for undeploy based on explicit specification (STDOUT, APP/TASK/deploy)#
#2026 07 08 19:19:32.184#Z#DEBUG#b2605f0d-7b01-11f1-81cb-eeee0a93546a.worksync-db-deployer#flowable-async-job-executor-thread-5596#
[PollExecuteTaskStatusExecution] af0ca01f-d4e0-461c-9763-2fd4c1f8f74f [2026-07-08T19:19:16.541546] Deploying to the container "CA770484662044719A53B82EF7610ED4"... (STDOUT, APP/TASK/deploy)#
#2026 07 08 19:19:32.184#Z#DEBUG#b2605f0d-7b01-11f1-81cb-eeee0a93546a.worksync-db-deployer#flowable-async-job-executor-thread-5596#
[PollExecuteTaskStatusExecution] af0ca01f-d4e0-461c-9763-2fd4c1f8f74f [2026-07-08T19:19:17.163446] Polling messages for request id: 646 (STDOUT, APP/TASK/deploy)#
#2026 07 08 19:19:32.184#Z#DEBUG#b2605f0d-7b01-11f1-81cb-eeee0a93546a.worksync-db-deployer#flowable-async-job-executor-thread-5596#
[PollExecuteTaskStatusExecution] af0ca01f-d4e0-461c-9763-2fd4c1f8f74f [2026-07-08T19:19:17.197805] Starting make in the container "CA770484662044719A53B82EF7610ED4" with 1 files to deploy, 0 files to undeploy... (STDOUT, APP/TASK/deploy)#
#2026 07 08 19:19:32.184#Z#DEBUG#b2605f0d-7b01-11f1-81cb-eeee0a93546a.worksync-db-deployer#flowable-async-job-executor-thread-5596#
[PollExecuteTaskStatusExecution] af0ca01f-d4e0-461c-9763-2fd4c1f8f74f [2026-07-08T19:19:17.197913] Disabling table replication for the container schema "CA770484662044719A53B82EF7610ED4"... (STDOUT, APP/TASK/deploy)#
#2026 07 08 19:19:32.184#Z#DEBUG#b2605f0d-7b01-11f1-81cb-eeee0a93546a.worksync-db-deployer#flowable-async-job-executor-thread-5596#
[PollExecuteTaskStatusExecution] af0ca01f-d4e0-461c-9763-2fd4c1f8f74f [2026-07-08T19:19:17.198107] Disabling table replication for the container schema "CA770484662044719A53B82EF7610ED4"... ok (0s 22ms) (STDOUT, APP/TASK/deploy)#
#2026 07 08 19:19:32.184#Z#DEBUG#b2605f0d-7b01-11f1-81cb-eeee0a93546a.worksync-db-deployer#flowable-async-job-executor-thread-5596#
[PollExecuteTaskStatusExecution] af0ca01f-d4e0-461c-9763-2fd4c1f8f74f [2026-07-08T19:19:17.198155] Migrating libraries... (STDOUT, APP/TASK/deploy)#
#2026 07 08 19:19:32.184#Z#DEBUG#b2605f0d-7b01-11f1-81cb-eeee0a93546a.worksync-db-deployer#flowable-async-job-executor-thread-5596#
[PollExecuteTaskStatusExecution] af0ca01f-d4e0-461c-9763-2fd4c1f8f74f [2026-07-08T19:19:17.198347] Migrating libraries... ok (0s 127ms) (STDOUT, APP/TASK/deploy)#
#2026 07 08 19:19:32.184#Z#DEBUG#b2605f0d-7b01-11f1-81cb-eeee0a93546a.worksync-db-deployer#flowable-async-job-executor-thread-5596#
[PollExecuteTaskStatusExecution] af0ca01f-d4e0-461c-9763-2fd4c1f8f74f [2026-07-08T19:19:17.198359] Making... (STDOUT, APP/TASK/deploy)#
#2026 07 08 19:19:32.184#Z#DEBUG#b2605f0d-7b01-11f1-81cb-eeee0a93546a.worksync-db-deployer#flowable-async-job-executor-thread-5596#
[PollExecuteTaskStatusExecution] af0ca01f-d4e0-461c-9763-2fd4c1f8f74f [2026-07-08T19:19:17.198363] Preparing... (STDOUT, APP/TASK/deploy)#
#2026 07 08 19:19:32.184#Z#DEBUG#b2605f0d-7b01-11f1-81cb-eeee0a93546a.worksync-db-deployer#flowable-async-job-executor-thread-5596#
[PollExecuteTaskStatusExecution] af0ca01f-d4e0-461c-9763-2fd4c1f8f74f [2026-07-08T19:19:17.198366] Preparing the make transaction... (STDOUT, APP/TASK/deploy)#
#2026 07 08 19:19:32.184#Z#DEBUG#b2605f0d-7b01-11f1-81cb-eeee0a93546a.worksync-db-deployer#flowable-async-job-executor-thread-5596#
[PollExecuteTaskStatusExecution] af0ca01f-d4e0-461c-9763-2fd4c1f8f74f [2026-07-08T19:19:17.926951] Preparing the make transaction... ok (0s 515ms) (STDOUT, APP/TASK/deploy)#
#2026 07 08 19:19:32.184#Z#DEBUG#b2605f0d-7b01-11f1-81cb-eeee0a93546a.worksync-db-deployer#flowable-async-job-executor-thread-5596#
[PollExecuteTaskStatusExecution] af0ca01f-d4e0-461c-9763-2fd4c1f8f74f [2026-07-08T19:19:17.926988] Adding "src/views/CV_RESOURCE_FORECAST.hdbcalculationview" for deploy... (STDOUT, APP/TASK/deploy)#
#2026 07 08 19:19:32.184#Z#DEBUG#b2605f0d-7b01-11f1-81cb-eeee0a93546a.worksync-db-deployer#flowable-async-job-executor-thread-5596#
[PollExecuteTaskStatusExecution] af0ca01f-d4e0-461c-9763-2fd4c1f8f74f [2026-07-08T19:19:17.927069] Adding "src/views/CV_RESOURCE_FORECAST.hdbcalculationview" for deploy... ok (0s 126ms) (STDOUT, APP/TASK/deploy)#
#2026 07 08 19:19:32.184#Z#DEBUG#b2605f0d-7b01-11f1-81cb-eeee0a93546a.worksync-db-deployer#flowable-async-job-executor-thread-5596#
[PollExecuteTaskStatusExecution] af0ca01f-d4e0-461c-9763-2fd4c1f8f74f [2026-07-08T19:19:17.927128] Preparing... ok (0s 749ms) (STDOUT, APP/TASK/deploy)#
#2026 07 08 19:19:32.184#Z#DEBUG#b2605f0d-7b01-11f1-81cb-eeee0a93546a.worksync-db-deployer#flowable-async-job-executor-thread-5596#
[PollExecuteTaskStatusExecution] af0ca01f-d4e0-461c-9763-2fd4c1f8f74f [2026-07-08T19:19:17.927237] Calculating dependencies... (STDOUT, APP/TASK/deploy)#
#2026 07 08 19:19:32.184#Z#DEBUG#b2605f0d-7b01-11f1-81cb-eeee0a93546a.worksync-db-deployer#flowable-async-job-executor-thread-5596#
[PollExecuteTaskStatusExecution] af0ca01f-d4e0-461c-9763-2fd4c1f8f74f [2026-07-08T19:19:17.927251] Expanding... (STDOUT, APP/TASK/deploy)#
#2026 07 08 19:19:32.184#Z#DEBUG#b2605f0d-7b01-11f1-81cb-eeee0a93546a.worksync-db-deployer#flowable-async-job-executor-thread-5596#
[PollExecuteTaskStatusExecution] af0ca01f-d4e0-461c-9763-2fd4c1f8f74f [2026-07-08T19:19:17.927267] Expanding... ok (0s 26ms) (STDOUT, APP/TASK/deploy)#
#2026 07 08 19:19:32.184#Z#DEBUG#b2605f0d-7b01-11f1-81cb-eeee0a93546a.worksync-db-deployer#flowable-async-job-executor-thread-5596#
[PollExecuteTaskStatusExecution] af0ca01f-d4e0-461c-9763-2fd4c1f8f74f [2026-07-08T19:19:17.927321] Precompiling... (STDOUT, APP/TASK/deploy)#
#2026 07 08 19:19:32.184#Z#DEBUG#b2605f0d-7b01-11f1-81cb-eeee0a93546a.worksync-db-deployer#flowable-async-job-executor-thread-5596#
[PollExecuteTaskStatusExecution] af0ca01f-d4e0-461c-9763-2fd4c1f8f74f [2026-07-08T19:19:17.927354] Precompiling "src/views/CV_RESOURCE_FORECAST.hdbcalculationview"... (STDOUT, APP/TASK/deploy)#
#2026 07 08 19:19:32.184#Z#DEBUG#b2605f0d-7b01-11f1-81cb-eeee0a93546a.worksync-db-deployer#flowable-async-job-executor-thread-5596#
[PollExecuteTaskStatusExecution] af0ca01f-d4e0-461c-9763-2fd4c1f8f74f [2026-07-08T19:19:17.927603] at "src/views/CV_RESOURCE_FORECAST.hdbcalculationview" (0:0) (STDOUT, APP/TASK/deploy)#
#2026 07 08 19:19:32.184#Z#DEBUG#b2605f0d-7b01-11f1-81cb-eeee0a93546a.worksync-db-deployer#flowable-async-job-executor-thread-5596#
[PollExecuteTaskStatusExecution] af0ca01f-d4e0-461c-9763-2fd4c1f8f74f [2026-07-08T19:19:17.927689] Error: com.sap.hana.di.calculationview: No measures defined in a cube [170109] (STDERR, APP/TASK/deploy)#
#2026 07 08 19:19:32.184#Z#DEBUG#b2605f0d-7b01-11f1-81cb-eeee0a93546a.worksync-db-deployer#flowable-async-job-executor-thread-5596#
[PollExecuteTaskStatusExecution] af0ca01f-d4e0-461c-9763-2fd4c1f8f74f [2026-07-08T19:19:17.927704] Error: Precompiling... failed [8212133] (STDERR, APP/TASK/deploy)#
#2026 07 08 19:19:32.184#Z#DEBUG#b2605f0d-7b01-11f1-81cb-eeee0a93546a.worksync-db-deployer#flowable-async-job-executor-thread-5596#
[PollExecuteTaskStatusExecution] af0ca01f-d4e0-461c-9763-2fd4c1f8f74f [2026-07-08T19:19:17.927716] Error: Calculating dependencies... failed [8212108] (STDERR, APP/TASK/deploy)#
#2026 07 08 19:19:32.184#Z#DEBUG#b2605f0d-7b01-11f1-81cb-eeee0a93546a.worksync-db-deployer#flowable-async-job-executor-thread-5596#
[PollExecuteTaskStatusExecution] af0ca01f-d4e0-461c-9763-2fd4c1f8f74f [2026-07-08T19:19:17.927718] Error: Making... failed [8211605] (STDERR, APP/TASK/deploy)#
#2026 07 08 19:19:32.184#Z#DEBUG#b2605f0d-7b01-11f1-81cb-eeee0a93546a.worksync-db-deployer#flowable-async-job-executor-thread-5596#
[PollExecuteTaskStatusExecution] af0ca01f-d4e0-461c-9763-2fd4c1f8f74f [2026-07-08T19:19:17.927719] Make failed (5 errors, 0 warnings): tried to deploy 1 files, undeploy 0 files, redeploy 0 dependent files (STDOUT, APP/TASK/deploy)#
#2026 07 08 19:19:32.184#Z#DEBUG#b2605f0d-7b01-11f1-81cb-eeee0a93546a.worksync-db-deployer#flowable-async-job-executor-thread-5596#
[PollExecuteTaskStatusExecution] af0ca01f-d4e0-461c-9763-2fd4c1f8f74f [2026-07-08T19:19:17.927776] Error: Starting make in the container "CA770484662044719A53B82EF7610ED4" with 1 files to deploy, 0 files to undeploy... failed [8214168] (STDERR, APP/TASK/deploy)#
#2026 07 08 19:19:32.184#Z#DEBUG#b2605f0d-7b01-11f1-81cb-eeee0a93546a.worksync-db-deployer#flowable-async-job-executor-thread-5596#
[PollExecuteTaskStatusExecution] af0ca01f-d4e0-461c-9763-2fd4c1f8f74f [2026-07-08T19:19:17.928181] Deployment to container CA770484662044719A53B82EF7610ED4 failed - error: HDI make failed [Deployment ID: none]. (STDERR, APP/TASK/deploy)#
#2026 07 08 19:19:32.184#Z#DEBUG#b2605f0d-7b01-11f1-81cb-eeee0a93546a.worksync-db-deployer#flowable-async-job-executor-thread-5596#
[PollExecuteTaskStatusExecution] af0ca01f-d4e0-461c-9763-2fd4c1f8f74f [2026-07-08T19:19:17.928958] Deployment ended at 2026-07-08 19:19:17 (STDOUT, APP/TASK/deploy)#
#2026 07 08 19:19:32.184#Z#DEBUG#b2605f0d-7b01-11f1-81cb-eeee0a93546a.worksync-db-deployer#flowable-async-job-executor-thread-5596#
[PollExecuteTaskStatusExecution] af0ca01f-d4e0-461c-9763-2fd4c1f8f74f [2026-07-08T19:19:17.928988] Error: HDI make failed (STDERR, APP/TASK/deploy)#
#2026 07 08 19:19:32.184#Z#DEBUG#b2605f0d-7b01-11f1-81cb-eeee0a93546a.worksync-db-deployer#flowable-async-job-executor-thread-5596#
[PollExecuteTaskStatusExecution] af0ca01f-d4e0-461c-9763-2fd4c1f8f74f [2026-07-08T19:19:17.931789] (4s 253ms) (STDOUT, APP/TASK/deploy)#
#2026 07 08 19:19:32.184#Z#DEBUG#b2605f0d-7b01-11f1-81cb-eeee0a93546a.worksync-db-deployer#flowable-async-job-executor-thread-5596#
[PollExecuteTaskStatusExecution] af0ca01f-d4e0-461c-9763-2fd4c1f8f74f [2026-07-08T19:19:17.952609] npm notice (STDERR, APP/TASK/deploy)#
#2026 07 08 19:19:32.184#Z#DEBUG#b2605f0d-7b01-11f1-81cb-eeee0a93546a.worksync-db-deployer#flowable-async-job-executor-thread-5596#
[PollExecuteTaskStatusExecution] af0ca01f-d4e0-461c-9763-2fd4c1f8f74f [2026-07-08T19:19:17.952649] npm notice New major version of npm available! 10.9.7 -> 11.18.0 (STDERR, APP/TASK/deploy)#
#2026 07 08 19:19:32.184#Z#DEBUG#b2605f0d-7b01-11f1-81cb-eeee0a93546a.worksync-db-deployer#flowable-async-job-executor-thread-5596#
[PollExecuteTaskStatusExecution] af0ca01f-d4e0-461c-9763-2fd4c1f8f74f [2026-07-08T19:19:17.952655] npm notice Changelog: https://github.com/npm/cli/releases/tag/v11.18.0 (STDERR, APP/TASK/deploy)#
#2026 07 08 19:19:32.184#Z#DEBUG#b2605f0d-7b01-11f1-81cb-eeee0a93546a.worksync-db-deployer#flowable-async-job-executor-thread-5596#
[PollExecuteTaskStatusExecution] af0ca01f-d4e0-461c-9763-2fd4c1f8f74f [2026-07-08T19:19:17.952658] npm notice To update run: npm install -g npm@11.18.0 (STDERR, APP/TASK/deploy)#
#2026 07 08 19:19:32.184#Z#DEBUG#b2605f0d-7b01-11f1-81cb-eeee0a93546a.worksync-db-deployer#flowable-async-job-executor-thread-5596#
[PollExecuteTaskStatusExecution] af0ca01f-d4e0-461c-9763-2fd4c1f8f74f [2026-07-08T19:19:17.952662] npm notice (STDERR, APP/TASK/deploy)#
#2026 07 08 19:19:32.184#Z#DEBUG#b2605f0d-7b01-11f1-81cb-eeee0a93546a.worksync-db-deployer#flowable-async-job-executor-thread-5596#
[PollExecuteTaskStatusExecution] af0ca01f-d4e0-461c-9763-2fd4c1f8f74f [2026-07-08T19:19:18.032241] Exit status 1 (STDOUT, APP/TASK/deploy)#
#2026 07 08 19:19:32.184#Z#DEBUG#b2605f0d-7b01-11f1-81cb-eeee0a93546a.worksync-db-deployer#flowable-async-job-executor-thread-5596#
[PollExecuteTaskStatusExecution] af0ca01f-d4e0-461c-9763-2fd4c1f8f74f [2026-07-08T19:19:19.351718] Cell 684caff8-89cd-492b-be01-b3d0835f1763 stopping instance 79860722-cae8-4426-abea-a1a94a4953e0 (STDOUT, CELL)#
#2026 07 08 19:19:32.184#Z#DEBUG#b2605f0d-7b01-11f1-81cb-eeee0a93546a.worksync-db-deployer#flowable-async-job-executor-thread-5596#
[PollExecuteTaskStatusExecution] af0ca01f-d4e0-461c-9763-2fd4c1f8f74f [2026-07-08T19:19:19.351778] Cell 684caff8-89cd-492b-be01-b3d0835f1763 destroying container for instance 79860722-cae8-4426-abea-a1a94a4953e0 (STDOUT, CELL)#
#2026 07 08 19:19:32.184#Z#DEBUG#b2605f0d-7b01-11f1-81cb-eeee0a93546a.worksync-db-deployer#flowable-async-job-executor-thread-5596#
[PollExecuteTaskStatusExecution] af0ca01f-d4e0-461c-9763-2fd4c1f8f74f [2026-07-08T19:19:22.199693] Cell 684caff8-89cd-492b-be01-b3d0835f1763 successfully destroyed container for instance 79860722-cae8-4426-abea-a1a94a4953e0 (STDOUT, CELL)#
#2026 07 08 19:19:32.184#Z#DEBUG#b2605f0d-7b01-11f1-81cb-eeee0a93546a.worksync-db-deployer#flowable-async-job-executor-thread-5596#
[PollExecuteTaskStatusExecution] af0ca01f-d4e0-461c-9763-2fd4c1f8f74f [2026-07-08T19:19:24.796810] Cell 684caff8-89cd-492b-be01-b3d0835f1763 creating container for instance 0100f463-76e5-42a6-be84-efdbd12bac93 (STDOUT, CELL)#
#2026 07 08 19:19:32.184#Z#DEBUG#b2605f0d-7b01-11f1-81cb-eeee0a93546a.worksync-db-deployer#flowable-async-job-executor-thread-5596#
[PollExecuteTaskStatusExecution] af0ca01f-d4e0-461c-9763-2fd4c1f8f74f [2026-07-08T19:19:26.304561] Security group rules were updated (STDOUT, CELL)#
#2026 07 08 19:19:32.184#Z#DEBUG#b2605f0d-7b01-11f1-81cb-eeee0a93546a.worksync-db-deployer#flowable-async-job-executor-thread-5596#
[PollExecuteTaskStatusExecution] af0ca01f-d4e0-461c-9763-2fd4c1f8f74f [2026-07-08T19:19:26.408042] Cell 684caff8-89cd-492b-be01-b3d0835f1763 successfully created container for instance 0100f463-76e5-42a6-be84-efdbd12bac93 (STDOUT, CELL)#
#2026 07 08 19:19:42.382#Z#DEBUG#b2605f0d-7b01-11f1-81cb-eeee0a93546a.worksync-db-deployer#flowable-async-job-executor-thread-4413#
[PollExecuteTaskStatusExecution] af0ca01f-d4e0-461c-9763-2fd4c1f8f74f [2026-07-08T19:19:34.948699] Invoking pre-start scripts. (STDOUT, APP/TASK/deploy)#
#2026 07 08 19:19:42.382#Z#DEBUG#b2605f0d-7b01-11f1-81cb-eeee0a93546a.worksync-db-deployer#flowable-async-job-executor-thread-4413#
[PollExecuteTaskStatusExecution] af0ca01f-d4e0-461c-9763-2fd4c1f8f74f [2026-07-08T19:19:35.203222] Invoking start command. (STDOUT, APP/TASK/deploy)#
#2026 07 08 19:19:42.382#Z#DEBUG#b2605f0d-7b01-11f1-81cb-eeee0a93546a.worksync-db-deployer#flowable-async-job-executor-thread-4413#
[PollExecuteTaskStatusExecution] af0ca01f-d4e0-461c-9763-2fd4c1f8f74f [2026-07-08T19:19:35.745279] > start (STDOUT, APP/TASK/deploy)#
#2026 07 08 19:19:42.382#Z#DEBUG#b2605f0d-7b01-11f1-81cb-eeee0a93546a.worksync-db-deployer#flowable-async-job-executor-thread-4413#
[PollExecuteTaskStatusExecution] af0ca01f-d4e0-461c-9763-2fd4c1f8f74f [2026-07-08T19:19:35.745312] > node node_modules/@sap/hdi-deploy/deploy.js (STDOUT, APP/TASK/deploy)#
#2026 07 08 19:19:42.382#Z#DEBUG#b2605f0d-7b01-11f1-81cb-eeee0a93546a.worksync-db-deployer#flowable-async-job-executor-thread-4413#
[PollExecuteTaskStatusExecution] af0ca01f-d4e0-461c-9763-2fd4c1f8f74f [2026-07-08T19:19:35.922185] VCAP_SERVICES: (STDOUT, APP/TASK/deploy)#
#2026 07 08 19:19:42.382#Z#DEBUG#b2605f0d-7b01-11f1-81cb-eeee0a93546a.worksync-db-deployer#flowable-async-job-executor-thread-4413#
[PollExecuteTaskStatusExecution] af0ca01f-d4e0-461c-9763-2fd4c1f8f74f [2026-07-08T19:19:35.922771] { (STDOUT, APP/TASK/deploy)#
#2026 07 08 19:19:42.382#Z#DEBUG#b2605f0d-7b01-11f1-81cb-eeee0a93546a.worksync-db-deployer#flowable-async-job-executor-thread-4413#
[PollExecuteTaskStatusExecution] af0ca01f-d4e0-461c-9763-2fd4c1f8f74f [2026-07-08T19:19:35.922793] "hana": [ (STDOUT, APP/TASK/deploy)#
#2026 07 08 19:19:42.382#Z#DEBUG#b2605f0d-7b01-11f1-81cb-eeee0a93546a.worksync-db-deployer#flowable-async-job-executor-thread-4413#
[PollExecuteTaskStatusExecution] af0ca01f-d4e0-461c-9763-2fd4c1f8f74f [2026-07-08T19:19:35.922796] { (STDOUT, APP/TASK/deploy)#
#2026 07 08 19:19:42.382#Z#DEBUG#b2605f0d-7b01-11f1-81cb-eeee0a93546a.worksync-db-deployer#flowable-async-job-executor-thread-4413#
[PollExecuteTaskStatusExecution] af0ca01f-d4e0-461c-9763-2fd4c1f8f74f [2026-07-08T19:19:35.922802] "name": "WorkSync-db", (STDOUT, APP/TASK/deploy)#
#2026 07 08 19:19:42.382#Z#DEBUG#b2605f0d-7b01-11f1-81cb-eeee0a93546a.worksync-db-deployer#flowable-async-job-executor-thread-4413#
[PollExecuteTaskStatusExecution] af0ca01f-d4e0-461c-9763-2fd4c1f8f74f [2026-07-08T19:19:35.922807] "label": "hana", (STDOUT, APP/TASK/deploy)#
#2026 07 08 19:19:42.382#Z#DEBUG#b2605f0d-7b01-11f1-81cb-eeee0a93546a.worksync-db-deployer#flowable-async-job-executor-thread-4413#
[PollExecuteTaskStatusExecution] af0ca01f-d4e0-461c-9763-2fd4c1f8f74f [2026-07-08T19:19:35.922810] "plan": "hdi-shared", (STDOUT, APP/TASK/deploy)#
#2026 07 08 19:19:42.382#Z#DEBUG#b2605f0d-7b01-11f1-81cb-eeee0a93546a.worksync-db-deployer#flowable-async-job-executor-thread-4413#
[PollExecuteTaskStatusExecution] af0ca01f-d4e0-461c-9763-2fd4c1f8f74f [2026-07-08T19:19:35.922812] "credentials": { (STDOUT, APP/TASK/deploy)#
#2026 07 08 19:19:42.382#Z#DEBUG#b2605f0d-7b01-11f1-81cb-eeee0a93546a.worksync-db-deployer#flowable-async-job-executor-thread-4413#
[PollExecuteTaskStatusExecution] af0ca01f-d4e0-461c-9763-2fd4c1f8f74f [2026-07-08T19:19:35.922819] "schema": "CA770484662044719A53B82EF7610ED4", (STDOUT, APP/TASK/deploy)#
#2026 07 08 19:19:42.382#Z#DEBUG#b2605f0d-7b01-11f1-81cb-eeee0a93546a.worksync-db-deployer#flowable-async-job-executor-thread-4413#
[PollExecuteTaskStatusExecution] af0ca01f-d4e0-461c-9763-2fd4c1f8f74f [2026-07-08T19:19:35.922821] "database_id": "b8be478d-e3a4-4fee-b9ee-4e48cc895c57", (STDOUT, APP/TASK/deploy)#
#2026 07 08 19:19:42.382#Z#DEBUG#b2605f0d-7b01-11f1-81cb-eeee0a93546a.worksync-db-deployer#flowable-async-job-executor-thread-4413#
[PollExecuteTaskStatusExecution] af0ca01f-d4e0-461c-9763-2fd4c1f8f74f [2026-07-08T19:19:35.922829] "user": "CA770484662044719A53B82EF7610ED4_DHOXIUTQKELU42TU91AIHNRR0_RT", (STDOUT, APP/TASK/deploy)#
#2026 07 08 19:19:42.382#Z#DEBUG#b2605f0d-7b01-11f1-81cb-eeee0a93546a.worksync-db-deployer#flowable-async-job-executor-thread-4413#
[PollExecuteTaskStatusExecution] af0ca01f-d4e0-461c-9763-2fd4c1f8f74f [2026-07-08T19:19:35.922848] "hdi_user": "CA770484662044719A53B82EF7610ED4_DHOXIUTQKELU42TU91AIHNRR0_DT" (STDOUT, APP/TASK/deploy)#
#2026 07 08 19:19:42.382#Z#DEBUG#b2605f0d-7b01-11f1-81cb-eeee0a93546a.worksync-db-deployer#flowable-async-job-executor-thread-4413#
[PollExecuteTaskStatusExecution] af0ca01f-d4e0-461c-9763-2fd4c1f8f74f [2026-07-08T19:19:35.922850] }, (STDOUT, APP/TASK/deploy)#
#2026 07 08 19:19:42.382#Z#DEBUG#b2605f0d-7b01-11f1-81cb-eeee0a93546a.worksync-db-deployer#flowable-async-job-executor-thread-4413#
[PollExecuteTaskStatusExecution] af0ca01f-d4e0-461c-9763-2fd4c1f8f74f [2026-07-08T19:19:35.922853] "tags": [ (STDOUT, APP/TASK/deploy)#
#2026 07 08 19:19:42.382#Z#DEBUG#b2605f0d-7b01-11f1-81cb-eeee0a93546a.worksync-db-deployer#flowable-async-job-executor-thread-4413#
[PollExecuteTaskStatusExecution] af0ca01f-d4e0-461c-9763-2fd4c1f8f74f [2026-07-08T19:19:35.922855] "hana", (STDOUT, APP/TASK/deploy)#
#2026 07 08 19:19:42.382#Z#DEBUG#b2605f0d-7b01-11f1-81cb-eeee0a93546a.worksync-db-deployer#flowable-async-job-executor-thread-4413#
[PollExecuteTaskStatusExecution] af0ca01f-d4e0-461c-9763-2fd4c1f8f74f [2026-07-08T19:19:35.922858] "database", (STDOUT, APP/TASK/deploy)#
#2026 07 08 19:19:42.382#Z#DEBUG#b2605f0d-7b01-11f1-81cb-eeee0a93546a.worksync-db-deployer#flowable-async-job-executor-thread-4413#
[PollExecuteTaskStatusExecution] af0ca01f-d4e0-461c-9763-2fd4c1f8f74f [2026-07-08T19:19:35.922860] "relational" (STDOUT, APP/TASK/deploy)#
#2026 07 08 19:19:42.382#Z#DEBUG#b2605f0d-7b01-11f1-81cb-eeee0a93546a.worksync-db-deployer#flowable-async-job-executor-thread-4413#
[PollExecuteTaskStatusExecution] af0ca01f-d4e0-461c-9763-2fd4c1f8f74f [2026-07-08T19:19:35.922862] ] (STDOUT, APP/TASK/deploy)#
#2026 07 08 19:19:42.382#Z#DEBUG#b2605f0d-7b01-11f1-81cb-eeee0a93546a.worksync-db-deployer#flowable-async-job-executor-thread-4413#
[PollExecuteTaskStatusExecution] af0ca01f-d4e0-461c-9763-2fd4c1f8f74f [2026-07-08T19:19:35.922866] } (STDOUT, APP/TASK/deploy)#
#2026 07 08 19:19:42.382#Z#DEBUG#b2605f0d-7b01-11f1-81cb-eeee0a93546a.worksync-db-deployer#flowable-async-job-executor-thread-4413#
[PollExecuteTaskStatusExecution] af0ca01f-d4e0-461c-9763-2fd4c1f8f74f [2026-07-08T19:19:35.922868] ] (STDOUT, APP/TASK/deploy)#
#2026 07 08 19:19:42.382#Z#DEBUG#b2605f0d-7b01-11f1-81cb-eeee0a93546a.worksync-db-deployer#flowable-async-job-executor-thread-4413#
[PollExecuteTaskStatusExecution] af0ca01f-d4e0-461c-9763-2fd4c1f8f74f [2026-07-08T19:19:35.922870] } (STDOUT, APP/TASK/deploy)#
#2026 07 08 19:19:42.382#Z#DEBUG#b2605f0d-7b01-11f1-81cb-eeee0a93546a.worksync-db-deployer#flowable-async-job-executor-thread-4413#
[PollExecuteTaskStatusExecution] af0ca01f-d4e0-461c-9763-2fd4c1f8f74f [2026-07-08T19:19:36.490953] @sap/hdi-deploy, version 5.7.0 (mode default), server version 4.00.000.00.1780387709 (4.0.0.0), cloud version 2026.2.17, node version 22.22.2, HDI version 1016, container API version 1007 (STDOUT, APP/TASK/deploy)#
#2026 07 08 19:19:42.382#Z#DEBUG#b2605f0d-7b01-11f1-81cb-eeee0a93546a.worksync-db-deployer#flowable-async-job-executor-thread-4413#
[PollExecuteTaskStatusExecution] af0ca01f-d4e0-461c-9763-2fd4c1f8f74f [2026-07-08T19:19:36.491158] Deployment started at 2026-07-08 19:19:36 (STDOUT, APP/TASK/deploy)#
#2026 07 08 19:19:42.382#Z#DEBUG#b2605f0d-7b01-11f1-81cb-eeee0a93546a.worksync-db-deployer#flowable-async-job-executor-thread-4413#
[PollExecuteTaskStatusExecution] af0ca01f-d4e0-461c-9763-2fd4c1f8f74f [2026-07-08T19:19:36.491603] Using @sap/hana-client@2.29.23 for connection (STDOUT, APP/TASK/deploy)#
#2026 07 08 19:19:42.382#Z#DEBUG#b2605f0d-7b01-11f1-81cb-eeee0a93546a.worksync-db-deployer#flowable-async-job-executor-thread-4413#
[PollExecuteTaskStatusExecution] af0ca01f-d4e0-461c-9763-2fd4c1f8f74f [2026-07-08T19:19:36.520764] No ignore file at /home/vcap/app/.hdiignore. (STDOUT, APP/TASK/deploy)#
#2026 07 08 19:19:42.382#Z#DEBUG#b2605f0d-7b01-11f1-81cb-eeee0a93546a.worksync-db-deployer#flowable-async-job-executor-thread-4413#
[PollExecuteTaskStatusExecution] af0ca01f-d4e0-461c-9763-2fd4c1f8f74f [2026-07-08T19:19:36.521496] Collecting files... (STDOUT, APP/TASK/deploy)#
#2026 07 08 19:19:42.382#Z#DEBUG#b2605f0d-7b01-11f1-81cb-eeee0a93546a.worksync-db-deployer#flowable-async-job-executor-thread-4413#
[PollExecuteTaskStatusExecution] af0ca01f-d4e0-461c-9763-2fd4c1f8f74f [2026-07-08T19:19:36.530119] Collecting files... ok (0s 8ms) (STDOUT, APP/TASK/deploy)#
#2026 07 08 19:19:42.382#Z#DEBUG#b2605f0d-7b01-11f1-81cb-eeee0a93546a.worksync-db-deployer#flowable-async-job-executor-thread-4413#
[PollExecuteTaskStatusExecution] af0ca01f-d4e0-461c-9763-2fd4c1f8f74f [2026-07-08T19:19:36.530411] 4 directories collected (STDOUT, APP/TASK/deploy)#
#2026 07 08 19:19:42.382#Z#DEBUG#b2605f0d-7b01-11f1-81cb-eeee0a93546a.worksync-db-deployer#flowable-async-job-executor-thread-4413#
[PollExecuteTaskStatusExecution] af0ca01f-d4e0-461c-9763-2fd4c1f8f74f [2026-07-08T19:19:36.530766] 44 files collected (STDOUT, APP/TASK/deploy)#
#2026 07 08 19:19:42.382#Z#DEBUG#b2605f0d-7b01-11f1-81cb-eeee0a93546a.worksync-db-deployer#flowable-async-job-executor-thread-4413#
[PollExecuteTaskStatusExecution] af0ca01f-d4e0-461c-9763-2fd4c1f8f74f [2026-07-08T19:19:36.530801] 0 reusable modules collected (STDOUT, APP/TASK/deploy)#
#2026 07 08 19:19:42.382#Z#DEBUG#b2605f0d-7b01-11f1-81cb-eeee0a93546a.worksync-db-deployer#flowable-async-job-executor-thread-4413#
[PollExecuteTaskStatusExecution] af0ca01f-d4e0-461c-9763-2fd4c1f8f74f [2026-07-08T19:19:36.530979] Target service: WorkSync-db (STDOUT, APP/TASK/deploy)#
#2026 07 08 19:19:42.382#Z#DEBUG#b2605f0d-7b01-11f1-81cb-eeee0a93546a.worksync-db-deployer#flowable-async-job-executor-thread-4413#
[PollExecuteTaskStatusExecution] af0ca01f-d4e0-461c-9763-2fd4c1f8f74f [2026-07-08T19:19:36.620763] Session variable APPLICATION is set to "SAP_HDI/dev/9b59819ctrial". (STDOUT, APP/TASK/deploy)#
#2026 07 08 19:19:42.382#Z#DEBUG#b2605f0d-7b01-11f1-81cb-eeee0a93546a.worksync-db-deployer#flowable-async-job-executor-thread-4413#
[PollExecuteTaskStatusExecution] af0ca01f-d4e0-461c-9763-2fd4c1f8f74f [2026-07-08T19:19:36.725523] Previous build with request ID 646 finished at 2026-07-08 19:19:17.857777000 with status Canceled and message: Make failed (5 errors, 0 warnings): tried to deploy 1 files, undeploy 0 files, redeploy 0 dependent files. (STDOUT, APP/TASK/deploy)#
#2026 07 08 19:19:42.382#Z#DEBUG#b2605f0d-7b01-11f1-81cb-eeee0a93546a.worksync-db-deployer#flowable-async-job-executor-thread-4413#
[PollExecuteTaskStatusExecution] af0ca01f-d4e0-461c-9763-2fd4c1f8f74f [2026-07-08T19:19:36.725598] Processing revoke files... (STDOUT, APP/TASK/deploy)#
#2026 07 08 19:19:42.382#Z#DEBUG#b2605f0d-7b01-11f1-81cb-eeee0a93546a.worksync-db-deployer#flowable-async-job-executor-thread-4413#
[PollExecuteTaskStatusExecution] af0ca01f-d4e0-461c-9763-2fd4c1f8f74f [2026-07-08T19:19:36.725776] Processing revoke files... ok (0s 0ms) (STDOUT, APP/TASK/deploy)#
#2026 07 08 19:19:42.382#Z#DEBUG#b2605f0d-7b01-11f1-81cb-eeee0a93546a.worksync-db-deployer#flowable-async-job-executor-thread-4413#
[PollExecuteTaskStatusExecution] af0ca01f-d4e0-461c-9763-2fd4c1f8f74f [2026-07-08T19:19:36.725926] Processing grants files... (STDOUT, APP/TASK/deploy)#
#2026 07 08 19:19:42.382#Z#DEBUG#b2605f0d-7b01-11f1-81cb-eeee0a93546a.worksync-db-deployer#flowable-async-job-executor-thread-4413#
[PollExecuteTaskStatusExecution] af0ca01f-d4e0-461c-9763-2fd4c1f8f74f [2026-07-08T19:19:36.726137] Processing grants files... ok (0s 0ms) (STDOUT, APP/TASK/deploy)#
#2026 07 08 19:19:42.382#Z#DEBUG#b2605f0d-7b01-11f1-81cb-eeee0a93546a.worksync-db-deployer#flowable-async-job-executor-thread-4413#
[PollExecuteTaskStatusExecution] af0ca01f-d4e0-461c-9763-2fd4c1f8f74f [2026-07-08T19:19:36.728619] Preprocessing files... (STDOUT, APP/TASK/deploy)#
#2026 07 08 19:19:42.382#Z#DEBUG#b2605f0d-7b01-11f1-81cb-eeee0a93546a.worksync-db-deployer#flowable-async-job-executor-thread-4413#
[PollExecuteTaskStatusExecution] af0ca01f-d4e0-461c-9763-2fd4c1f8f74f [2026-07-08T19:19:36.728964] Preprocessing files... ok (0s 0ms) (STDOUT, APP/TASK/deploy)#
#2026 07 08 19:19:42.382#Z#DEBUG#b2605f0d-7b01-11f1-81cb-eeee0a93546a.worksync-db-deployer#flowable-async-job-executor-thread-4413#
[PollExecuteTaskStatusExecution] af0ca01f-d4e0-461c-9763-2fd4c1f8f74f [2026-07-08T19:19:36.729073] Connecting to the container "CA770484662044719A53B82EF7610ED4"... (STDOUT, APP/TASK/deploy)#
#2026 07 08 19:19:42.382#Z#DEBUG#b2605f0d-7b01-11f1-81cb-eeee0a93546a.worksync-db-deployer#flowable-async-job-executor-thread-4413#
[PollExecuteTaskStatusExecution] af0ca01f-d4e0-461c-9763-2fd4c1f8f74f [2026-07-08T19:19:36.816252] Connecting to the container "CA770484662044719A53B82EF7610ED4"... ok (0s 87ms) (STDOUT, APP/TASK/deploy)#
#2026 07 08 19:19:42.382#Z#DEBUG#b2605f0d-7b01-11f1-81cb-eeee0a93546a.worksync-db-deployer#flowable-async-job-executor-thread-4413#
[PollExecuteTaskStatusExecution] af0ca01f-d4e0-461c-9763-2fd4c1f8f74f [2026-07-08T19:19:36.816309] Locking the container "CA770484662044719A53B82EF7610ED4"... (STDOUT, APP/TASK/deploy)#
#2026 07 08 19:19:42.382#Z#DEBUG#b2605f0d-7b01-11f1-81cb-eeee0a93546a.worksync-db-deployer#flowable-async-job-executor-thread-4413#
[PollExecuteTaskStatusExecution] af0ca01f-d4e0-461c-9763-2fd4c1f8f74f [2026-07-08T19:19:36.970914] Locking the container "CA770484662044719A53B82EF7610ED4"... ok (0s 154ms) (STDOUT, APP/TASK/deploy)#
#2026 07 08 19:19:42.382#Z#DEBUG#b2605f0d-7b01-11f1-81cb-eeee0a93546a.worksync-db-deployer#flowable-async-job-executor-thread-4413#
[PollExecuteTaskStatusExecution] af0ca01f-d4e0-461c-9763-2fd4c1f8f74f [2026-07-08T19:19:36.970958] Synchronizing files with the container "CA770484662044719A53B82EF7610ED4"... (STDOUT, APP/TASK/deploy)#
#2026 07 08 19:19:42.382#Z#DEBUG#b2605f0d-7b01-11f1-81cb-eeee0a93546a.worksync-db-deployer#flowable-async-job-executor-thread-4413#
[PollExecuteTaskStatusExecution] af0ca01f-d4e0-461c-9763-2fd4c1f8f74f [2026-07-08T19:19:37.252617] Deleting files... (STDOUT, APP/TASK/deploy)#
#2026 07 08 19:19:42.382#Z#DEBUG#b2605f0d-7b01-11f1-81cb-eeee0a93546a.worksync-db-deployer#flowable-async-job-executor-thread-4413#
[PollExecuteTaskStatusExecution] af0ca01f-d4e0-461c-9763-2fd4c1f8f74f [2026-07-08T19:19:37.438898] Deleting files... ok (STDOUT, APP/TASK/deploy)#
#2026 07 08 19:19:42.382#Z#DEBUG#b2605f0d-7b01-11f1-81cb-eeee0a93546a.worksync-db-deployer#flowable-async-job-executor-thread-4413#
[PollExecuteTaskStatusExecution] af0ca01f-d4e0-461c-9763-2fd4c1f8f74f [2026-07-08T19:19:37.438960] Writing files... (STDOUT, APP/TASK/deploy)#
#2026 07 08 19:19:42.382#Z#DEBUG#b2605f0d-7b01-11f1-81cb-eeee0a93546a.worksync-db-deployer#flowable-async-job-executor-thread-4413#
[PollExecuteTaskStatusExecution] af0ca01f-d4e0-461c-9763-2fd4c1f8f74f [2026-07-08T19:19:37.439202] Writing 5 items (STDOUT, APP/TASK/deploy)#
#2026 07 08 19:19:42.382#Z#DEBUG#b2605f0d-7b01-11f1-81cb-eeee0a93546a.worksync-db-deployer#flowable-async-job-executor-thread-4413#
[PollExecuteTaskStatusExecution] af0ca01f-d4e0-461c-9763-2fd4c1f8f74f [2026-07-08T19:19:37.627951] Writing files... ok (STDOUT, APP/TASK/deploy)#
#2026 07 08 19:19:42.382#Z#DEBUG#b2605f0d-7b01-11f1-81cb-eeee0a93546a.worksync-db-deployer#flowable-async-job-executor-thread-4413#
[PollExecuteTaskStatusExecution] af0ca01f-d4e0-461c-9763-2fd4c1f8f74f [2026-07-08T19:19:37.628049] Synchronizing files with the container "CA770484662044719A53B82EF7610ED4"... ok (0s 657ms) (STDOUT, APP/TASK/deploy)#
#2026 07 08 19:19:42.382#Z#DEBUG#b2605f0d-7b01-11f1-81cb-eeee0a93546a.worksync-db-deployer#flowable-async-job-executor-thread-4413#
[PollExecuteTaskStatusExecution] af0ca01f-d4e0-461c-9763-2fd4c1f8f74f [2026-07-08T19:19:37.628466] added files: [ (STDOUT, APP/TASK/deploy)#
#2026 07 08 19:19:42.382#Z#DEBUG#b2605f0d-7b01-11f1-81cb-eeee0a93546a.worksync-db-deployer#flowable-async-job-executor-thread-4413#
[PollExecuteTaskStatusExecution] af0ca01f-d4e0-461c-9763-2fd4c1f8f74f [2026-07-08T19:19:37.628513] "src/views/CV_RESOURCE_FORECAST.hdbcalculationview" (STDOUT, APP/TASK/deploy)#
#2026 07 08 19:19:42.382#Z#DEBUG#b2605f0d-7b01-11f1-81cb-eeee0a93546a.worksync-db-deployer#flowable-async-job-executor-thread-4413#
[PollExecuteTaskStatusExecution] af0ca01f-d4e0-461c-9763-2fd4c1f8f74f [2026-07-08T19:19:37.628541] ] (STDOUT, APP/TASK/deploy)#
#2026 07 08 19:19:42.382#Z#DEBUG#b2605f0d-7b01-11f1-81cb-eeee0a93546a.worksync-db-deployer#flowable-async-job-executor-thread-4413#
[PollExecuteTaskStatusExecution] af0ca01f-d4e0-461c-9763-2fd4c1f8f74f [2026-07-08T19:19:37.628604] modified files: [] (STDOUT, APP/TASK/deploy)#
#2026 07 08 19:19:42.382#Z#DEBUG#b2605f0d-7b01-11f1-81cb-eeee0a93546a.worksync-db-deployer#flowable-async-job-executor-thread-4413#
[PollExecuteTaskStatusExecution] af0ca01f-d4e0-461c-9763-2fd4c1f8f74f [2026-07-08T19:19:37.628825] Undeploy allowlist file "undeploy.json" not found; an empty allowlist is used and no files will be scheduled for undeploy (STDOUT, APP/TASK/deploy)#
#2026 07 08 19:19:42.382#Z#DEBUG#b2605f0d-7b01-11f1-81cb-eeee0a93546a.worksync-db-deployer#flowable-async-job-executor-thread-4413#
[PollExecuteTaskStatusExecution] af0ca01f-d4e0-461c-9763-2fd4c1f8f74f [2026-07-08T19:19:37.628896] deleted files: [] (STDOUT, APP/TASK/deploy)#
#2026 07 08 19:19:42.382#Z#DEBUG#b2605f0d-7b01-11f1-81cb-eeee0a93546a.worksync-db-deployer#flowable-async-job-executor-thread-4413#
[PollExecuteTaskStatusExecution] af0ca01f-d4e0-461c-9763-2fd4c1f8f74f [2026-07-08T19:19:37.629073] WARNING: deleted files not in undeploy.json: [ (STDOUT, APP/TASK/deploy)#
#2026 07 08 19:19:42.382#Z#DEBUG#b2605f0d-7b01-11f1-81cb-eeee0a93546a.worksync-db-deployer#flowable-async-job-executor-thread-4413#
[PollExecuteTaskStatusExecution] af0ca01f-d4e0-461c-9763-2fd4c1f8f74f [2026-07-08T19:19:37.629085] "src/gen/UserInfoService.UserInfo.hdbtable" (STDOUT, APP/TASK/deploy)#
#2026 07 08 19:19:42.382#Z#DEBUG#b2605f0d-7b01-11f1-81cb-eeee0a93546a.worksync-db-deployer#flowable-async-job-executor-thread-4413#
[PollExecuteTaskStatusExecution] af0ca01f-d4e0-461c-9763-2fd4c1f8f74f [2026-07-08T19:19:37.629089] ] (STDOUT, APP/TASK/deploy)#
#2026 07 08 19:19:42.382#Z#DEBUG#b2605f0d-7b01-11f1-81cb-eeee0a93546a.worksync-db-deployer#flowable-async-job-executor-thread-4413#
[PollExecuteTaskStatusExecution] af0ca01f-d4e0-461c-9763-2fd4c1f8f74f [2026-07-08T19:19:37.629391] 1 modified or added files are scheduled for deploy based on delta detection (STDOUT, APP/TASK/deploy)#
#2026 07 08 19:19:42.382#Z#DEBUG#b2605f0d-7b01-11f1-81cb-eeee0a93546a.worksync-db-deployer#flowable-async-job-executor-thread-4413#
[PollExecuteTaskStatusExecution] af0ca01f-d4e0-461c-9763-2fd4c1f8f74f [2026-07-08T19:19:37.629600] 0 deleted files are scheduled for undeploy based on delta detection (filtered by undeploy allowlist) (STDOUT, APP/TASK/deploy)#
#2026 07 08 19:19:42.382#Z#DEBUG#b2605f0d-7b01-11f1-81cb-eeee0a93546a.worksync-db-deployer#flowable-async-job-executor-thread-4413#
[PollExecuteTaskStatusExecution] af0ca01f-d4e0-461c-9763-2fd4c1f8f74f [2026-07-08T19:19:37.629723] 0 files are scheduled for deploy based on explicit specification (STDOUT, APP/TASK/deploy)#
#2026 07 08 19:19:42.382#Z#DEBUG#b2605f0d-7b01-11f1-81cb-eeee0a93546a.worksync-db-deployer#flowable-async-job-executor-thread-4413#
[PollExecuteTaskStatusExecution] af0ca01f-d4e0-461c-9763-2fd4c1f8f74f [2026-07-08T19:19:37.629735] 0 files are scheduled for undeploy based on explicit specification (STDOUT, APP/TASK/deploy)#
#2026 07 08 19:19:42.382#Z#DEBUG#b2605f0d-7b01-11f1-81cb-eeee0a93546a.worksync-db-deployer#flowable-async-job-executor-thread-4413#
[PollExecuteTaskStatusExecution] af0ca01f-d4e0-461c-9763-2fd4c1f8f74f [2026-07-08T19:19:37.629869] Deploying to the container "CA770484662044719A53B82EF7610ED4"... (STDOUT, APP/TASK/deploy)#
#2026 07 08 19:19:42.382#Z#DEBUG#b2605f0d-7b01-11f1-81cb-eeee0a93546a.worksync-db-deployer#flowable-async-job-executor-thread-4413#
[PollExecuteTaskStatusExecution] af0ca01f-d4e0-461c-9763-2fd4c1f8f74f [2026-07-08T19:19:37.910075] Starting make in the container "CA770484662044719A53B82EF7610ED4" with 1 files to deploy, 0 files to undeploy... (STDOUT, APP/TASK/deploy)#
#2026 07 08 19:19:42.382#Z#DEBUG#b2605f0d-7b01-11f1-81cb-eeee0a93546a.worksync-db-deployer#flowable-async-job-executor-thread-4413#
[PollExecuteTaskStatusExecution] af0ca01f-d4e0-461c-9763-2fd4c1f8f74f [2026-07-08T19:19:37.910123] Disabling table replication for the container schema "CA770484662044719A53B82EF7610ED4"... (STDOUT, APP/TASK/deploy)#
#2026 07 08 19:19:42.382#Z#DEBUG#b2605f0d-7b01-11f1-81cb-eeee0a93546a.worksync-db-deployer#flowable-async-job-executor-thread-4413#
[PollExecuteTaskStatusExecution] af0ca01f-d4e0-461c-9763-2fd4c1f8f74f [2026-07-08T19:19:37.910129] Disabling table replication for the container schema "CA770484662044719A53B82EF7610ED4"... ok (0s 9ms) (STDOUT, APP/TASK/deploy)#
#2026 07 08 19:19:42.382#Z#DEBUG#b2605f0d-7b01-11f1-81cb-eeee0a93546a.worksync-db-deployer#flowable-async-job-executor-thread-4413#
[PollExecuteTaskStatusExecution] af0ca01f-d4e0-461c-9763-2fd4c1f8f74f [2026-07-08T19:19:37.910263] Migrating libraries... (STDOUT, APP/TASK/deploy)#
#2026 07 08 19:19:42.382#Z#DEBUG#b2605f0d-7b01-11f1-81cb-eeee0a93546a.worksync-db-deployer#flowable-async-job-executor-thread-4413#
[PollExecuteTaskStatusExecution] af0ca01f-d4e0-461c-9763-2fd4c1f8f74f [2026-07-08T19:19:37.910279] Migrating libraries... ok (0s 9ms) (STDOUT, APP/TASK/deploy)#
#2026 07 08 19:19:42.382#Z#DEBUG#b2605f0d-7b01-11f1-81cb-eeee0a93546a.worksync-db-deployer#flowable-async-job-executor-thread-4413#
[PollExecuteTaskStatusExecution] af0ca01f-d4e0-461c-9763-2fd4c1f8f74f [2026-07-08T19:19:37.910303] Making... (STDOUT, APP/TASK/deploy)#
#2026 07 08 19:19:42.382#Z#DEBUG#b2605f0d-7b01-11f1-81cb-eeee0a93546a.worksync-db-deployer#flowable-async-job-executor-thread-4413#
[PollExecuteTaskStatusExecution] af0ca01f-d4e0-461c-9763-2fd4c1f8f74f [2026-07-08T19:19:37.910335] Preparing... (STDOUT, APP/TASK/deploy)#
#2026 07 08 19:19:42.382#Z#DEBUG#b2605f0d-7b01-11f1-81cb-eeee0a93546a.worksync-db-deployer#flowable-async-job-executor-thread-4413#
[PollExecuteTaskStatusExecution] af0ca01f-d4e0-461c-9763-2fd4c1f8f74f [2026-07-08T19:19:37.910338] Preparing the make transaction... (STDOUT, APP/TASK/deploy)#
#2026 07 08 19:19:42.382#Z#DEBUG#b2605f0d-7b01-11f1-81cb-eeee0a93546a.worksync-db-deployer#flowable-async-job-executor-thread-4413#
[PollExecuteTaskStatusExecution] af0ca01f-d4e0-461c-9763-2fd4c1f8f74f [2026-07-08T19:19:37.911476] Adding "src/views/CV_RESOURCE_FORECAST.hdbcalculationview" for deploy... (STDOUT, APP/TASK/deploy)#
#2026 07 08 19:19:42.382#Z#DEBUG#b2605f0d-7b01-11f1-81cb-eeee0a93546a.worksync-db-deployer#flowable-async-job-executor-thread-4413#
[PollExecuteTaskStatusExecution] af0ca01f-d4e0-461c-9763-2fd4c1f8f74f [2026-07-08T19:19:37.911655] Preparing the make transaction... ok (0s 11ms) (STDOUT, APP/TASK/deploy)#
#2026 07 08 19:19:42.382#Z#DEBUG#b2605f0d-7b01-11f1-81cb-eeee0a93546a.worksync-db-deployer#flowable-async-job-executor-thread-4413#
[PollExecuteTaskStatusExecution] af0ca01f-d4e0-461c-9763-2fd4c1f8f74f [2026-07-08T19:19:37.911666] Adding "src/views/CV_RESOURCE_FORECAST.hdbcalculationview" for deploy... ok (0s 9ms) (STDOUT, APP/TASK/deploy)#
#2026 07 08 19:19:42.382#Z#DEBUG#b2605f0d-7b01-11f1-81cb-eeee0a93546a.worksync-db-deployer#flowable-async-job-executor-thread-4413#
[PollExecuteTaskStatusExecution] af0ca01f-d4e0-461c-9763-2fd4c1f8f74f [2026-07-08T19:19:37.911689] Preparing... ok (0s 33ms) (STDOUT, APP/TASK/deploy)#
#2026 07 08 19:19:42.382#Z#DEBUG#b2605f0d-7b01-11f1-81cb-eeee0a93546a.worksync-db-deployer#flowable-async-job-executor-thread-4413#
[PollExecuteTaskStatusExecution] af0ca01f-d4e0-461c-9763-2fd4c1f8f74f [2026-07-08T19:19:37.911691] Calculating dependencies... (STDOUT, APP/TASK/deploy)#
#2026 07 08 19:19:42.382#Z#DEBUG#b2605f0d-7b01-11f1-81cb-eeee0a93546a.worksync-db-deployer#flowable-async-job-executor-thread-4413#
[PollExecuteTaskStatusExecution] af0ca01f-d4e0-461c-9763-2fd4c1f8f74f [2026-07-08T19:19:37.911733] Expanding... (STDOUT, APP/TASK/deploy)#
#2026 07 08 19:19:42.382#Z#DEBUG#b2605f0d-7b01-11f1-81cb-eeee0a93546a.worksync-db-deployer#flowable-async-job-executor-thread-4413#
[PollExecuteTaskStatusExecution] af0ca01f-d4e0-461c-9763-2fd4c1f8f74f [2026-07-08T19:19:37.911736] Expanding... ok (0s 7ms) (STDOUT, APP/TASK/deploy)#
#2026 07 08 19:19:42.382#Z#DEBUG#b2605f0d-7b01-11f1-81cb-eeee0a93546a.worksync-db-deployer#flowable-async-job-executor-thread-4413#
[PollExecuteTaskStatusExecution] af0ca01f-d4e0-461c-9763-2fd4c1f8f74f [2026-07-08T19:19:37.911751] Precompiling... (STDOUT, APP/TASK/deploy)#
#2026 07 08 19:19:42.382#Z#DEBUG#b2605f0d-7b01-11f1-81cb-eeee0a93546a.worksync-db-deployer#flowable-async-job-executor-thread-4413#
[PollExecuteTaskStatusExecution] af0ca01f-d4e0-461c-9763-2fd4c1f8f74f [2026-07-08T19:19:37.911768] Precompiling "src/views/CV_RESOURCE_FORECAST.hdbcalculationview"... (STDOUT, APP/TASK/deploy)#
#2026 07 08 19:19:42.382#Z#DEBUG#b2605f0d-7b01-11f1-81cb-eeee0a93546a.worksync-db-deployer#flowable-async-job-executor-thread-4413#
[PollExecuteTaskStatusExecution] af0ca01f-d4e0-461c-9763-2fd4c1f8f74f [2026-07-08T19:19:37.912127] at "src/views/CV_RESOURCE_FORECAST.hdbcalculationview" (0:0) (STDOUT, APP/TASK/deploy)#
#2026 07 08 19:19:42.382#Z#DEBUG#b2605f0d-7b01-11f1-81cb-eeee0a93546a.worksync-db-deployer#flowable-async-job-executor-thread-4413#
[PollExecuteTaskStatusExecution] af0ca01f-d4e0-461c-9763-2fd4c1f8f74f [2026-07-08T19:19:37.912134] Error: com.sap.hana.di.calculationview: No measures defined in a cube [170109] (STDERR, APP/TASK/deploy)#
#2026 07 08 19:19:42.382#Z#DEBUG#b2605f0d-7b01-11f1-81cb-eeee0a93546a.worksync-db-deployer#flowable-async-job-executor-thread-4413#
[PollExecuteTaskStatusExecution] af0ca01f-d4e0-461c-9763-2fd4c1f8f74f [2026-07-08T19:19:37.912147] Error: Precompiling... failed [8212133] (STDERR, APP/TASK/deploy)#
#2026 07 08 19:19:42.382#Z#DEBUG#b2605f0d-7b01-11f1-81cb-eeee0a93546a.worksync-db-deployer#flowable-async-job-executor-thread-4413#
[PollExecuteTaskStatusExecution] af0ca01f-d4e0-461c-9763-2fd4c1f8f74f [2026-07-08T19:19:37.912152] Error: Calculating dependencies... failed [8212108] (STDERR, APP/TASK/deploy)#
#2026 07 08 19:19:42.382#Z#DEBUG#b2605f0d-7b01-11f1-81cb-eeee0a93546a.worksync-db-deployer#flowable-async-job-executor-thread-4413#
[PollExecuteTaskStatusExecution] af0ca01f-d4e0-461c-9763-2fd4c1f8f74f [2026-07-08T19:19:37.912160] Make failed (5 errors, 0 warnings): tried to deploy 1 files, undeploy 0 files, redeploy 0 dependent files (STDOUT, APP/TASK/deploy)#
#2026 07 08 19:19:42.382#Z#DEBUG#b2605f0d-7b01-11f1-81cb-eeee0a93546a.worksync-db-deployer#flowable-async-job-executor-thread-4413#
[PollExecuteTaskStatusExecution] af0ca01f-d4e0-461c-9763-2fd4c1f8f74f [2026-07-08T19:19:37.912182] Error: Making... failed [8211605] (STDERR, APP/TASK/deploy)#
#2026 07 08 19:19:42.382#Z#DEBUG#b2605f0d-7b01-11f1-81cb-eeee0a93546a.worksync-db-deployer#flowable-async-job-executor-thread-4413#
[PollExecuteTaskStatusExecution] af0ca01f-d4e0-461c-9763-2fd4c1f8f74f [2026-07-08T19:19:37.912186] Error: Starting make in the container "CA770484662044719A53B82EF7610ED4" with 1 files to deploy, 0 files to undeploy... failed [8214168] (STDERR, APP/TASK/deploy)#
#2026 07 08 19:19:42.382#Z#DEBUG#b2605f0d-7b01-11f1-81cb-eeee0a93546a.worksync-db-deployer#flowable-async-job-executor-thread-4413#
[PollExecuteTaskStatusExecution] af0ca01f-d4e0-461c-9763-2fd4c1f8f74f [2026-07-08T19:19:37.912728] Deployment to container CA770484662044719A53B82EF7610ED4 failed - error: HDI make failed [Deployment ID: none]. (STDERR, APP/TASK/deploy)#
#2026 07 08 19:19:42.382#Z#DEBUG#b2605f0d-7b01-11f1-81cb-eeee0a93546a.worksync-db-deployer#flowable-async-job-executor-thread-4413#
[PollExecuteTaskStatusExecution] af0ca01f-d4e0-461c-9763-2fd4c1f8f74f [2026-07-08T19:19:37.916459] Deployment ended at 2026-07-08 19:19:37 (STDOUT, APP/TASK/deploy)#
#2026 07 08 19:19:42.382#Z#DEBUG#b2605f0d-7b01-11f1-81cb-eeee0a93546a.worksync-db-deployer#flowable-async-job-executor-thread-4413#
[PollExecuteTaskStatusExecution] af0ca01f-d4e0-461c-9763-2fd4c1f8f74f [2026-07-08T19:19:37.916531] Error: HDI make failed (STDERR, APP/TASK/deploy)#
#2026 07 08 19:19:42.382#Z#DEBUG#b2605f0d-7b01-11f1-81cb-eeee0a93546a.worksync-db-deployer#flowable-async-job-executor-thread-4413#
[PollExecuteTaskStatusExecution] af0ca01f-d4e0-461c-9763-2fd4c1f8f74f [2026-07-08T19:19:37.918332] (2s 117ms) (STDOUT, APP/TASK/deploy)#
#2026 07 08 19:19:42.382#Z#DEBUG#b2605f0d-7b01-11f1-81cb-eeee0a93546a.worksync-db-deployer#flowable-async-job-executor-thread-4413#
[PollExecuteTaskStatusExecution] af0ca01f-d4e0-461c-9763-2fd4c1f8f74f [2026-07-08T19:19:37.937277] npm notice (STDERR, APP/TASK/deploy)#
#2026 07 08 19:19:42.382#Z#DEBUG#b2605f0d-7b01-11f1-81cb-eeee0a93546a.worksync-db-deployer#flowable-async-job-executor-thread-4413#
[PollExecuteTaskStatusExecution] af0ca01f-d4e0-461c-9763-2fd4c1f8f74f [2026-07-08T19:19:37.937312] npm notice New major version of npm available! 10.9.7 -> 11.18.0 (STDERR, APP/TASK/deploy)#
#2026 07 08 19:19:42.382#Z#DEBUG#b2605f0d-7b01-11f1-81cb-eeee0a93546a.worksync-db-deployer#flowable-async-job-executor-thread-4413#
[PollExecuteTaskStatusExecution] af0ca01f-d4e0-461c-9763-2fd4c1f8f74f [2026-07-08T19:19:37.937317] npm notice Changelog: https://github.com/npm/cli/releases/tag/v11.18.0 (STDERR, APP/TASK/deploy)#
#2026 07 08 19:19:42.382#Z#DEBUG#b2605f0d-7b01-11f1-81cb-eeee0a93546a.worksync-db-deployer#flowable-async-job-executor-thread-4413#
[PollExecuteTaskStatusExecution] af0ca01f-d4e0-461c-9763-2fd4c1f8f74f [2026-07-08T19:19:37.937321] npm notice To update run: npm install -g npm@11.18.0 (STDERR, APP/TASK/deploy)#
#2026 07 08 19:19:42.382#Z#DEBUG#b2605f0d-7b01-11f1-81cb-eeee0a93546a.worksync-db-deployer#flowable-async-job-executor-thread-4413#
[PollExecuteTaskStatusExecution] af0ca01f-d4e0-461c-9763-2fd4c1f8f74f [2026-07-08T19:19:37.937323] npm notice (STDERR, APP/TASK/deploy)#
#2026 07 08 19:19:42.382#Z#DEBUG#b2605f0d-7b01-11f1-81cb-eeee0a93546a.worksync-db-deployer#flowable-async-job-executor-thread-4413#
[PollExecuteTaskStatusExecution] af0ca01f-d4e0-461c-9763-2fd4c1f8f74f [2026-07-08T19:19:38.016501] Exit status 1 (STDOUT, APP/TASK/deploy)#
#2026 07 08 19:19:42.382#Z#DEBUG#b2605f0d-7b01-11f1-81cb-eeee0a93546a.worksync-db-deployer#flowable-async-job-executor-thread-4413#
[PollExecuteTaskStatusExecution] af0ca01f-d4e0-461c-9763-2fd4c1f8f74f [2026-07-08T19:19:38.641686] Cell 684caff8-89cd-492b-be01-b3d0835f1763 stopping instance 0100f463-76e5-42a6-be84-efdbd12bac93 (STDOUT, CELL)#
#2026 07 08 19:19:42.382#Z#DEBUG#b2605f0d-7b01-11f1-81cb-eeee0a93546a.worksync-db-deployer#flowable-async-job-executor-thread-4413#
[PollExecuteTaskStatusExecution] af0ca01f-d4e0-461c-9763-2fd4c1f8f74f [2026-07-08T19:19:38.641725] Cell 684caff8-89cd-492b-be01-b3d0835f1763 destroying container for instance 0100f463-76e5-42a6-be84-efdbd12bac93 (STDOUT, CELL)#
#2026 07 08 19:19:52.333#Z#DEBUG#b2605f0d-7b01-11f1-81cb-eeee0a93546a.worksync-db-deployer#flowable-async-job-executor-thread-5613#
[PollExecuteTaskStatusExecution] af0ca01f-d4e0-461c-9763-2fd4c1f8f74f [2026-07-08T19:19:34.948699] Invoking pre-start scripts. (STDOUT, APP/TASK/deploy)#
#2026 07 08 19:19:52.333#Z#DEBUG#b2605f0d-7b01-11f1-81cb-eeee0a93546a.worksync-db-deployer#flowable-async-job-executor-thread-5613#
[PollExecuteTaskStatusExecution] af0ca01f-d4e0-461c-9763-2fd4c1f8f74f [2026-07-08T19:19:35.203222] Invoking start command. (STDOUT, APP/TASK/deploy)#
#2026 07 08 19:19:52.333#Z#DEBUG#b2605f0d-7b01-11f1-81cb-eeee0a93546a.worksync-db-deployer#flowable-async-job-executor-thread-5613#
[PollExecuteTaskStatusExecution] af0ca01f-d4e0-461c-9763-2fd4c1f8f74f [2026-07-08T19:19:35.745279] > start (STDOUT, APP/TASK/deploy)#
#2026 07 08 19:19:52.333#Z#DEBUG#b2605f0d-7b01-11f1-81cb-eeee0a93546a.worksync-db-deployer#flowable-async-job-executor-thread-5613#
[PollExecuteTaskStatusExecution] af0ca01f-d4e0-461c-9763-2fd4c1f8f74f [2026-07-08T19:19:35.745312] > node node_modules/@sap/hdi-deploy/deploy.js (STDOUT, APP/TASK/deploy)#
#2026 07 08 19:19:52.333#Z#DEBUG#b2605f0d-7b01-11f1-81cb-eeee0a93546a.worksync-db-deployer#flowable-async-job-executor-thread-5613#
[PollExecuteTaskStatusExecution] af0ca01f-d4e0-461c-9763-2fd4c1f8f74f [2026-07-08T19:19:35.922185] VCAP_SERVICES: (STDOUT, APP/TASK/deploy)#
#2026 07 08 19:19:52.333#Z#DEBUG#b2605f0d-7b01-11f1-81cb-eeee0a93546a.worksync-db-deployer#flowable-async-job-executor-thread-5613#
[PollExecuteTaskStatusExecution] af0ca01f-d4e0-461c-9763-2fd4c1f8f74f [2026-07-08T19:19:35.922771] { (STDOUT, APP/TASK/deploy)#
#2026 07 08 19:19:52.333#Z#DEBUG#b2605f0d-7b01-11f1-81cb-eeee0a93546a.worksync-db-deployer#flowable-async-job-executor-thread-5613#
[PollExecuteTaskStatusExecution] af0ca01f-d4e0-461c-9763-2fd4c1f8f74f [2026-07-08T19:19:35.922793] "hana": [ (STDOUT, APP/TASK/deploy)#
#2026 07 08 19:19:52.333#Z#DEBUG#b2605f0d-7b01-11f1-81cb-eeee0a93546a.worksync-db-deployer#flowable-async-job-executor-thread-5613#
[PollExecuteTaskStatusExecution] af0ca01f-d4e0-461c-9763-2fd4c1f8f74f [2026-07-08T19:19:35.922796] { (STDOUT, APP/TASK/deploy)#
#2026 07 08 19:19:52.333#Z#DEBUG#b2605f0d-7b01-11f1-81cb-eeee0a93546a.worksync-db-deployer#flowable-async-job-executor-thread-5613#
[PollExecuteTaskStatusExecution] af0ca01f-d4e0-461c-9763-2fd4c1f8f74f [2026-07-08T19:19:35.922802] "name": "WorkSync-db", (STDOUT, APP/TASK/deploy)#
#2026 07 08 19:19:52.333#Z#DEBUG#b2605f0d-7b01-11f1-81cb-eeee0a93546a.worksync-db-deployer#flowable-async-job-executor-thread-5613#
[PollExecuteTaskStatusExecution] af0ca01f-d4e0-461c-9763-2fd4c1f8f74f [2026-07-08T19:19:35.922807] "label": "hana", (STDOUT, APP/TASK/deploy)#
#2026 07 08 19:19:52.333#Z#DEBUG#b2605f0d-7b01-11f1-81cb-eeee0a93546a.worksync-db-deployer#flowable-async-job-executor-thread-5613#
[PollExecuteTaskStatusExecution] af0ca01f-d4e0-461c-9763-2fd4c1f8f74f [2026-07-08T19:19:35.922810] "plan": "hdi-shared", (STDOUT, APP/TASK/deploy)#
#2026 07 08 19:19:52.333#Z#DEBUG#b2605f0d-7b01-11f1-81cb-eeee0a93546a.worksync-db-deployer#flowable-async-job-executor-thread-5613#
[PollExecuteTaskStatusExecution] af0ca01f-d4e0-461c-9763-2fd4c1f8f74f [2026-07-08T19:19:35.922812] "credentials": { (STDOUT, APP/TASK/deploy)#
#2026 07 08 19:19:52.333#Z#DEBUG#b2605f0d-7b01-11f1-81cb-eeee0a93546a.worksync-db-deployer#flowable-async-job-executor-thread-5613#
[PollExecuteTaskStatusExecution] af0ca01f-d4e0-461c-9763-2fd4c1f8f74f [2026-07-08T19:19:35.922819] "schema": "CA770484662044719A53B82EF7610ED4", (STDOUT, APP/TASK/deploy)#
#2026 07 08 19:19:52.333#Z#DEBUG#b2605f0d-7b01-11f1-81cb-eeee0a93546a.worksync-db-deployer#flowable-async-job-executor-thread-5613#
[PollExecuteTaskStatusExecution] af0ca01f-d4e0-461c-9763-2fd4c1f8f74f [2026-07-08T19:19:35.922821] "database_id": "b8be478d-e3a4-4fee-b9ee-4e48cc895c57", (STDOUT, APP/TASK/deploy)#
#2026 07 08 19:19:52.333#Z#DEBUG#b2605f0d-7b01-11f1-81cb-eeee0a93546a.worksync-db-deployer#flowable-async-job-executor-thread-5613#
[PollExecuteTaskStatusExecution] af0ca01f-d4e0-461c-9763-2fd4c1f8f74f [2026-07-08T19:19:35.922829] "user": "CA770484662044719A53B82EF7610ED4_DHOXIUTQKELU42TU91AIHNRR0_RT", (STDOUT, APP/TASK/deploy)#
#2026 07 08 19:19:52.333#Z#DEBUG#b2605f0d-7b01-11f1-81cb-eeee0a93546a.worksync-db-deployer#flowable-async-job-executor-thread-5613#
[PollExecuteTaskStatusExecution] af0ca01f-d4e0-461c-9763-2fd4c1f8f74f [2026-07-08T19:19:35.922848] "hdi_user": "CA770484662044719A53B82EF7610ED4_DHOXIUTQKELU42TU91AIHNRR0_DT" (STDOUT, APP/TASK/deploy)#
#2026 07 08 19:19:52.333#Z#DEBUG#b2605f0d-7b01-11f1-81cb-eeee0a93546a.worksync-db-deployer#flowable-async-job-executor-thread-5613#
[PollExecuteTaskStatusExecution] af0ca01f-d4e0-461c-9763-2fd4c1f8f74f [2026-07-08T19:19:35.922850] }, (STDOUT, APP/TASK/deploy)#
#2026 07 08 19:19:52.333#Z#DEBUG#b2605f0d-7b01-11f1-81cb-eeee0a93546a.worksync-db-deployer#flowable-async-job-executor-thread-5613#
[PollExecuteTaskStatusExecution] af0ca01f-d4e0-461c-9763-2fd4c1f8f74f [2026-07-08T19:19:35.922853] "tags": [ (STDOUT, APP/TASK/deploy)#
#2026 07 08 19:19:52.333#Z#DEBUG#b2605f0d-7b01-11f1-81cb-eeee0a93546a.worksync-db-deployer#flowable-async-job-executor-thread-5613#
[PollExecuteTaskStatusExecution] af0ca01f-d4e0-461c-9763-2fd4c1f8f74f [2026-07-08T19:19:35.922855] "hana", (STDOUT, APP/TASK/deploy)#
#2026 07 08 19:19:52.333#Z#DEBUG#b2605f0d-7b01-11f1-81cb-eeee0a93546a.worksync-db-deployer#flowable-async-job-executor-thread-5613#
[PollExecuteTaskStatusExecution] af0ca01f-d4e0-461c-9763-2fd4c1f8f74f [2026-07-08T19:19:35.922858] "database", (STDOUT, APP/TASK/deploy)#
#2026 07 08 19:19:52.333#Z#DEBUG#b2605f0d-7b01-11f1-81cb-eeee0a93546a.worksync-db-deployer#flowable-async-job-executor-thread-5613#
[PollExecuteTaskStatusExecution] af0ca01f-d4e0-461c-9763-2fd4c1f8f74f [2026-07-08T19:19:35.922860] "relational" (STDOUT, APP/TASK/deploy)#
#2026 07 08 19:19:52.333#Z#DEBUG#b2605f0d-7b01-11f1-81cb-eeee0a93546a.worksync-db-deployer#flowable-async-job-executor-thread-5613#
[PollExecuteTaskStatusExecution] af0ca01f-d4e0-461c-9763-2fd4c1f8f74f [2026-07-08T19:19:35.922862] ] (STDOUT, APP/TASK/deploy)#
#2026 07 08 19:19:52.333#Z#DEBUG#b2605f0d-7b01-11f1-81cb-eeee0a93546a.worksync-db-deployer#flowable-async-job-executor-thread-5613#
[PollExecuteTaskStatusExecution] af0ca01f-d4e0-461c-9763-2fd4c1f8f74f [2026-07-08T19:19:35.922866] } (STDOUT, APP/TASK/deploy)#
#2026 07 08 19:19:52.333#Z#DEBUG#b2605f0d-7b01-11f1-81cb-eeee0a93546a.worksync-db-deployer#flowable-async-job-executor-thread-5613#
[PollExecuteTaskStatusExecution] af0ca01f-d4e0-461c-9763-2fd4c1f8f74f [2026-07-08T19:19:35.922868] ] (STDOUT, APP/TASK/deploy)#
#2026 07 08 19:19:52.333#Z#DEBUG#b2605f0d-7b01-11f1-81cb-eeee0a93546a.worksync-db-deployer#flowable-async-job-executor-thread-5613#
[PollExecuteTaskStatusExecution] af0ca01f-d4e0-461c-9763-2fd4c1f8f74f [2026-07-08T19:19:35.922870] } (STDOUT, APP/TASK/deploy)#
#2026 07 08 19:19:52.333#Z#DEBUG#b2605f0d-7b01-11f1-81cb-eeee0a93546a.worksync-db-deployer#flowable-async-job-executor-thread-5613#
[PollExecuteTaskStatusExecution] af0ca01f-d4e0-461c-9763-2fd4c1f8f74f [2026-07-08T19:19:36.490953] @sap/hdi-deploy, version 5.7.0 (mode default), server version 4.00.000.00.1780387709 (4.0.0.0), cloud version 2026.2.17, node version 22.22.2, HDI version 1016, container API version 1007 (STDOUT, APP/TASK/deploy)#
#2026 07 08 19:19:52.333#Z#DEBUG#b2605f0d-7b01-11f1-81cb-eeee0a93546a.worksync-db-deployer#flowable-async-job-executor-thread-5613#
[PollExecuteTaskStatusExecution] af0ca01f-d4e0-461c-9763-2fd4c1f8f74f [2026-07-08T19:19:36.491158] Deployment started at 2026-07-08 19:19:36 (STDOUT, APP/TASK/deploy)#
#2026 07 08 19:19:52.333#Z#DEBUG#b2605f0d-7b01-11f1-81cb-eeee0a93546a.worksync-db-deployer#flowable-async-job-executor-thread-5613#
[PollExecuteTaskStatusExecution] af0ca01f-d4e0-461c-9763-2fd4c1f8f74f [2026-07-08T19:19:36.491603] Using @sap/hana-client@2.29.23 for connection (STDOUT, APP/TASK/deploy)#
#2026 07 08 19:19:52.333#Z#DEBUG#b2605f0d-7b01-11f1-81cb-eeee0a93546a.worksync-db-deployer#flowable-async-job-executor-thread-5613#
[PollExecuteTaskStatusExecution] af0ca01f-d4e0-461c-9763-2fd4c1f8f74f [2026-07-08T19:19:36.520764] No ignore file at /home/vcap/app/.hdiignore. (STDOUT, APP/TASK/deploy)#
#2026 07 08 19:19:52.333#Z#DEBUG#b2605f0d-7b01-11f1-81cb-eeee0a93546a.worksync-db-deployer#flowable-async-job-executor-thread-5613#
[PollExecuteTaskStatusExecution] af0ca01f-d4e0-461c-9763-2fd4c1f8f74f [2026-07-08T19:19:36.521496] Collecting files... (STDOUT, APP/TASK/deploy)#
#2026 07 08 19:19:52.333#Z#DEBUG#b2605f0d-7b01-11f1-81cb-eeee0a93546a.worksync-db-deployer#flowable-async-job-executor-thread-5613#
[PollExecuteTaskStatusExecution] af0ca01f-d4e0-461c-9763-2fd4c1f8f74f [2026-07-08T19:19:36.530119] Collecting files... ok (0s 8ms) (STDOUT, APP/TASK/deploy)#
#2026 07 08 19:19:52.333#Z#DEBUG#b2605f0d-7b01-11f1-81cb-eeee0a93546a.worksync-db-deployer#flowable-async-job-executor-thread-5613#
[PollExecuteTaskStatusExecution] af0ca01f-d4e0-461c-9763-2fd4c1f8f74f [2026-07-08T19:19:36.530411] 4 directories collected (STDOUT, APP/TASK/deploy)#
#2026 07 08 19:19:52.334#Z#DEBUG#b2605f0d-7b01-11f1-81cb-eeee0a93546a.worksync-db-deployer#flowable-async-job-executor-thread-5613#
[PollExecuteTaskStatusExecution] af0ca01f-d4e0-461c-9763-2fd4c1f8f74f [2026-07-08T19:19:36.530766] 44 files collected (STDOUT, APP/TASK/deploy)#
#2026 07 08 19:19:52.334#Z#DEBUG#b2605f0d-7b01-11f1-81cb-eeee0a93546a.worksync-db-deployer#flowable-async-job-executor-thread-5613#
[PollExecuteTaskStatusExecution] af0ca01f-d4e0-461c-9763-2fd4c1f8f74f [2026-07-08T19:19:36.530801] 0 reusable modules collected (STDOUT, APP/TASK/deploy)#
#2026 07 08 19:19:52.334#Z#DEBUG#b2605f0d-7b01-11f1-81cb-eeee0a93546a.worksync-db-deployer#flowable-async-job-executor-thread-5613#
[PollExecuteTaskStatusExecution] af0ca01f-d4e0-461c-9763-2fd4c1f8f74f [2026-07-08T19:19:36.530979] Target service: WorkSync-db (STDOUT, APP/TASK/deploy)#
#2026 07 08 19:19:52.334#Z#DEBUG#b2605f0d-7b01-11f1-81cb-eeee0a93546a.worksync-db-deployer#flowable-async-job-executor-thread-5613#
[PollExecuteTaskStatusExecution] af0ca01f-d4e0-461c-9763-2fd4c1f8f74f [2026-07-08T19:19:36.620763] Session variable APPLICATION is set to "SAP_HDI/dev/9b59819ctrial". (STDOUT, APP/TASK/deploy)#
#2026 07 08 19:19:52.334#Z#DEBUG#b2605f0d-7b01-11f1-81cb-eeee0a93546a.worksync-db-deployer#flowable-async-job-executor-thread-5613#
[PollExecuteTaskStatusExecution] af0ca01f-d4e0-461c-9763-2fd4c1f8f74f [2026-07-08T19:19:36.725523] Previous build with request ID 646 finished at 2026-07-08 19:19:17.857777000 with status Canceled and message: Make failed (5 errors, 0 warnings): tried to deploy 1 files, undeploy 0 files, redeploy 0 dependent files. (STDOUT, APP/TASK/deploy)#
#2026 07 08 19:19:52.334#Z#DEBUG#b2605f0d-7b01-11f1-81cb-eeee0a93546a.worksync-db-deployer#flowable-async-job-executor-thread-5613#
[PollExecuteTaskStatusExecution] af0ca01f-d4e0-461c-9763-2fd4c1f8f74f [2026-07-08T19:19:36.725598] Processing revoke files... (STDOUT, APP/TASK/deploy)#
#2026 07 08 19:19:52.334#Z#DEBUG#b2605f0d-7b01-11f1-81cb-eeee0a93546a.worksync-db-deployer#flowable-async-job-executor-thread-5613#
[PollExecuteTaskStatusExecution] af0ca01f-d4e0-461c-9763-2fd4c1f8f74f [2026-07-08T19:19:36.725776] Processing revoke files... ok (0s 0ms) (STDOUT, APP/TASK/deploy)#
#2026 07 08 19:19:52.334#Z#DEBUG#b2605f0d-7b01-11f1-81cb-eeee0a93546a.worksync-db-deployer#flowable-async-job-executor-thread-5613#
[PollExecuteTaskStatusExecution] af0ca01f-d4e0-461c-9763-2fd4c1f8f74f [2026-07-08T19:19:36.725926] Processing grants files... (STDOUT, APP/TASK/deploy)#
#2026 07 08 19:19:52.334#Z#DEBUG#b2605f0d-7b01-11f1-81cb-eeee0a93546a.worksync-db-deployer#flowable-async-job-executor-thread-5613#
[PollExecuteTaskStatusExecution] af0ca01f-d4e0-461c-9763-2fd4c1f8f74f [2026-07-08T19:19:36.726137] Processing grants files... ok (0s 0ms) (STDOUT, APP/TASK/deploy)#
#2026 07 08 19:19:52.334#Z#DEBUG#b2605f0d-7b01-11f1-81cb-eeee0a93546a.worksync-db-deployer#flowable-async-job-executor-thread-5613#
[PollExecuteTaskStatusExecution] af0ca01f-d4e0-461c-9763-2fd4c1f8f74f [2026-07-08T19:19:36.728619] Preprocessing files... (STDOUT, APP/TASK/deploy)#
#2026 07 08 19:19:52.334#Z#DEBUG#b2605f0d-7b01-11f1-81cb-eeee0a93546a.worksync-db-deployer#flowable-async-job-executor-thread-5613#
[PollExecuteTaskStatusExecution] af0ca01f-d4e0-461c-9763-2fd4c1f8f74f [2026-07-08T19:19:36.728964] Preprocessing files... ok (0s 0ms) (STDOUT, APP/TASK/deploy)#
#2026 07 08 19:19:52.334#Z#DEBUG#b2605f0d-7b01-11f1-81cb-eeee0a93546a.worksync-db-deployer#flowable-async-job-executor-thread-5613#
[PollExecuteTaskStatusExecution] af0ca01f-d4e0-461c-9763-2fd4c1f8f74f [2026-07-08T19:19:36.729073] Connecting to the container "CA770484662044719A53B82EF7610ED4"... (STDOUT, APP/TASK/deploy)#
#2026 07 08 19:19:52.334#Z#DEBUG#b2605f0d-7b01-11f1-81cb-eeee0a93546a.worksync-db-deployer#flowable-async-job-executor-thread-5613#
[PollExecuteTaskStatusExecution] af0ca01f-d4e0-461c-9763-2fd4c1f8f74f [2026-07-08T19:19:36.816252] Connecting to the container "CA770484662044719A53B82EF7610ED4"... ok (0s 87ms) (STDOUT, APP/TASK/deploy)#
#2026 07 08 19:19:52.334#Z#DEBUG#b2605f0d-7b01-11f1-81cb-eeee0a93546a.worksync-db-deployer#flowable-async-job-executor-thread-5613#
[PollExecuteTaskStatusExecution] af0ca01f-d4e0-461c-9763-2fd4c1f8f74f [2026-07-08T19:19:36.816309] Locking the container "CA770484662044719A53B82EF7610ED4"... (STDOUT, APP/TASK/deploy)#
#2026 07 08 19:19:52.334#Z#DEBUG#b2605f0d-7b01-11f1-81cb-eeee0a93546a.worksync-db-deployer#flowable-async-job-executor-thread-5613#
[PollExecuteTaskStatusExecution] af0ca01f-d4e0-461c-9763-2fd4c1f8f74f [2026-07-08T19:19:36.970914] Locking the container "CA770484662044719A53B82EF7610ED4"... ok (0s 154ms) (STDOUT, APP/TASK/deploy)#
#2026 07 08 19:19:52.334#Z#DEBUG#b2605f0d-7b01-11f1-81cb-eeee0a93546a.worksync-db-deployer#flowable-async-job-executor-thread-5613#
[PollExecuteTaskStatusExecution] af0ca01f-d4e0-461c-9763-2fd4c1f8f74f [2026-07-08T19:19:36.970958] Synchronizing files with the container "CA770484662044719A53B82EF7610ED4"... (STDOUT, APP/TASK/deploy)#
#2026 07 08 19:19:52.334#Z#DEBUG#b2605f0d-7b01-11f1-81cb-eeee0a93546a.worksync-db-deployer#flowable-async-job-executor-thread-5613#
[PollExecuteTaskStatusExecution] af0ca01f-d4e0-461c-9763-2fd4c1f8f74f [2026-07-08T19:19:37.252617] Deleting files... (STDOUT, APP/TASK/deploy)#
#2026 07 08 19:19:52.334#Z#DEBUG#b2605f0d-7b01-11f1-81cb-eeee0a93546a.worksync-db-deployer#flowable-async-job-executor-thread-5613#
[PollExecuteTaskStatusExecution] af0ca01f-d4e0-461c-9763-2fd4c1f8f74f [2026-07-08T19:19:37.438898] Deleting files... ok (STDOUT, APP/TASK/deploy)#
#2026 07 08 19:19:52.334#Z#DEBUG#b2605f0d-7b01-11f1-81cb-eeee0a93546a.worksync-db-deployer#flowable-async-job-executor-thread-5613#
[PollExecuteTaskStatusExecution] af0ca01f-d4e0-461c-9763-2fd4c1f8f74f [2026-07-08T19:19:37.438960] Writing files... (STDOUT, APP/TASK/deploy)#
#2026 07 08 19:19:52.334#Z#DEBUG#b2605f0d-7b01-11f1-81cb-eeee0a93546a.worksync-db-deployer#flowable-async-job-executor-thread-5613#
[PollExecuteTaskStatusExecution] af0ca01f-d4e0-461c-9763-2fd4c1f8f74f [2026-07-08T19:19:37.439202] Writing 5 items (STDOUT, APP/TASK/deploy)#
#2026 07 08 19:19:52.334#Z#DEBUG#b2605f0d-7b01-11f1-81cb-eeee0a93546a.worksync-db-deployer#flowable-async-job-executor-thread-5613#
[PollExecuteTaskStatusExecution] af0ca01f-d4e0-461c-9763-2fd4c1f8f74f [2026-07-08T19:19:37.627951] Writing files... ok (STDOUT, APP/TASK/deploy)#
#2026 07 08 19:19:52.334#Z#DEBUG#b2605f0d-7b01-11f1-81cb-eeee0a93546a.worksync-db-deployer#flowable-async-job-executor-thread-5613#
[PollExecuteTaskStatusExecution] af0ca01f-d4e0-461c-9763-2fd4c1f8f74f [2026-07-08T19:19:37.628049] Synchronizing files with the container "CA770484662044719A53B82EF7610ED4"... ok (0s 657ms) (STDOUT, APP/TASK/deploy)#
#2026 07 08 19:19:52.334#Z#DEBUG#b2605f0d-7b01-11f1-81cb-eeee0a93546a.worksync-db-deployer#flowable-async-job-executor-thread-5613#
[PollExecuteTaskStatusExecution] af0ca01f-d4e0-461c-9763-2fd4c1f8f74f [2026-07-08T19:19:37.628466] added files: [ (STDOUT, APP/TASK/deploy)#
#2026 07 08 19:19:52.334#Z#DEBUG#b2605f0d-7b01-11f1-81cb-eeee0a93546a.worksync-db-deployer#flowable-async-job-executor-thread-5613#
[PollExecuteTaskStatusExecution] af0ca01f-d4e0-461c-9763-2fd4c1f8f74f [2026-07-08T19:19:37.628513] "src/views/CV_RESOURCE_FORECAST.hdbcalculationview" (STDOUT, APP/TASK/deploy)#
#2026 07 08 19:19:52.334#Z#DEBUG#b2605f0d-7b01-11f1-81cb-eeee0a93546a.worksync-db-deployer#flowable-async-job-executor-thread-5613#
[PollExecuteTaskStatusExecution] af0ca01f-d4e0-461c-9763-2fd4c1f8f74f [2026-07-08T19:19:37.628541] ] (STDOUT, APP/TASK/deploy)#
#2026 07 08 19:19:52.334#Z#DEBUG#b2605f0d-7b01-11f1-81cb-eeee0a93546a.worksync-db-deployer#flowable-async-job-executor-thread-5613#
[PollExecuteTaskStatusExecution] af0ca01f-d4e0-461c-9763-2fd4c1f8f74f [2026-07-08T19:19:37.628604] modified files: [] (STDOUT, APP/TASK/deploy)#
#2026 07 08 19:19:52.334#Z#DEBUG#b2605f0d-7b01-11f1-81cb-eeee0a93546a.worksync-db-deployer#flowable-async-job-executor-thread-5613#
[PollExecuteTaskStatusExecution] af0ca01f-d4e0-461c-9763-2fd4c1f8f74f [2026-07-08T19:19:37.628825] Undeploy allowlist file "undeploy.json" not found; an empty allowlist is used and no files will be scheduled for undeploy (STDOUT, APP/TASK/deploy)#
#2026 07 08 19:19:52.334#Z#DEBUG#b2605f0d-7b01-11f1-81cb-eeee0a93546a.worksync-db-deployer#flowable-async-job-executor-thread-5613#
[PollExecuteTaskStatusExecution] af0ca01f-d4e0-461c-9763-2fd4c1f8f74f [2026-07-08T19:19:37.628896] deleted files: [] (STDOUT, APP/TASK/deploy)#
#2026 07 08 19:19:52.334#Z#DEBUG#b2605f0d-7b01-11f1-81cb-eeee0a93546a.worksync-db-deployer#flowable-async-job-executor-thread-5613#
[PollExecuteTaskStatusExecution] af0ca01f-d4e0-461c-9763-2fd4c1f8f74f [2026-07-08T19:19:37.629073] WARNING: deleted files not in undeploy.json: [ (STDOUT, APP/TASK/deploy)#
#2026 07 08 19:19:52.334#Z#DEBUG#b2605f0d-7b01-11f1-81cb-eeee0a93546a.worksync-db-deployer#flowable-async-job-executor-thread-5613#
[PollExecuteTaskStatusExecution] af0ca01f-d4e0-461c-9763-2fd4c1f8f74f [2026-07-08T19:19:37.629085] "src/gen/UserInfoService.UserInfo.hdbtable" (STDOUT, APP/TASK/deploy)#
#2026 07 08 19:19:52.334#Z#DEBUG#b2605f0d-7b01-11f1-81cb-eeee0a93546a.worksync-db-deployer#flowable-async-job-executor-thread-5613#
[PollExecuteTaskStatusExecution] af0ca01f-d4e0-461c-9763-2fd4c1f8f74f [2026-07-08T19:19:37.629089] ] (STDOUT, APP/TASK/deploy)#
#2026 07 08 19:19:52.334#Z#DEBUG#b2605f0d-7b01-11f1-81cb-eeee0a93546a.worksync-db-deployer#flowable-async-job-executor-thread-5613#
[PollExecuteTaskStatusExecution] af0ca01f-d4e0-461c-9763-2fd4c1f8f74f [2026-07-08T19:19:37.629391] 1 modified or added files are scheduled for deploy based on delta detection (STDOUT, APP/TASK/deploy)#
#2026 07 08 19:19:52.334#Z#DEBUG#b2605f0d-7b01-11f1-81cb-eeee0a93546a.worksync-db-deployer#flowable-async-job-executor-thread-5613#
[PollExecuteTaskStatusExecution] af0ca01f-d4e0-461c-9763-2fd4c1f8f74f [2026-07-08T19:19:37.629600] 0 deleted files are scheduled for undeploy based on delta detection (filtered by undeploy allowlist) (STDOUT, APP/TASK/deploy)#
#2026 07 08 19:19:52.334#Z#DEBUG#b2605f0d-7b01-11f1-81cb-eeee0a93546a.worksync-db-deployer#flowable-async-job-executor-thread-5613#
[PollExecuteTaskStatusExecution] af0ca01f-d4e0-461c-9763-2fd4c1f8f74f [2026-07-08T19:19:37.629723] 0 files are scheduled for deploy based on explicit specification (STDOUT, APP/TASK/deploy)#
#2026 07 08 19:19:52.334#Z#DEBUG#b2605f0d-7b01-11f1-81cb-eeee0a93546a.worksync-db-deployer#flowable-async-job-executor-thread-5613#
[PollExecuteTaskStatusExecution] af0ca01f-d4e0-461c-9763-2fd4c1f8f74f [2026-07-08T19:19:37.629735] 0 files are scheduled for undeploy based on explicit specification (STDOUT, APP/TASK/deploy)#
#2026 07 08 19:19:52.334#Z#DEBUG#b2605f0d-7b01-11f1-81cb-eeee0a93546a.worksync-db-deployer#flowable-async-job-executor-thread-5613#
[PollExecuteTaskStatusExecution] af0ca01f-d4e0-461c-9763-2fd4c1f8f74f [2026-07-08T19:19:37.629869] Deploying to the container "CA770484662044719A53B82EF7610ED4"... (STDOUT, APP/TASK/deploy)#
#2026 07 08 19:19:52.334#Z#DEBUG#b2605f0d-7b01-11f1-81cb-eeee0a93546a.worksync-db-deployer#flowable-async-job-executor-thread-5613#
[PollExecuteTaskStatusExecution] af0ca01f-d4e0-461c-9763-2fd4c1f8f74f [2026-07-08T19:19:37.910075] Starting make in the container "CA770484662044719A53B82EF7610ED4" with 1 files to deploy, 0 files to undeploy... (STDOUT, APP/TASK/deploy)#
#2026 07 08 19:19:52.334#Z#DEBUG#b2605f0d-7b01-11f1-81cb-eeee0a93546a.worksync-db-deployer#flowable-async-job-executor-thread-5613#
[PollExecuteTaskStatusExecution] af0ca01f-d4e0-461c-9763-2fd4c1f8f74f [2026-07-08T19:19:37.910123] Disabling table replication for the container schema "CA770484662044719A53B82EF7610ED4"... (STDOUT, APP/TASK/deploy)#
#2026 07 08 19:19:52.334#Z#DEBUG#b2605f0d-7b01-11f1-81cb-eeee0a93546a.worksync-db-deployer#flowable-async-job-executor-thread-5613#
[PollExecuteTaskStatusExecution] af0ca01f-d4e0-461c-9763-2fd4c1f8f74f [2026-07-08T19:19:37.910129] Disabling table replication for the container schema "CA770484662044719A53B82EF7610ED4"... ok (0s 9ms) (STDOUT, APP/TASK/deploy)#
#2026 07 08 19:19:52.334#Z#DEBUG#b2605f0d-7b01-11f1-81cb-eeee0a93546a.worksync-db-deployer#flowable-async-job-executor-thread-5613#
[PollExecuteTaskStatusExecution] af0ca01f-d4e0-461c-9763-2fd4c1f8f74f [2026-07-08T19:19:37.910263] Migrating libraries... (STDOUT, APP/TASK/deploy)#
#2026 07 08 19:19:52.334#Z#DEBUG#b2605f0d-7b01-11f1-81cb-eeee0a93546a.worksync-db-deployer#flowable-async-job-executor-thread-5613#
[PollExecuteTaskStatusExecution] af0ca01f-d4e0-461c-9763-2fd4c1f8f74f [2026-07-08T19:19:37.910279] Migrating libraries... ok (0s 9ms) (STDOUT, APP/TASK/deploy)#
#2026 07 08 19:19:52.334#Z#DEBUG#b2605f0d-7b01-11f1-81cb-eeee0a93546a.worksync-db-deployer#flowable-async-job-executor-thread-5613#
[PollExecuteTaskStatusExecution] af0ca01f-d4e0-461c-9763-2fd4c1f8f74f [2026-07-08T19:19:37.910303] Making... (STDOUT, APP/TASK/deploy)#
#2026 07 08 19:19:52.334#Z#DEBUG#b2605f0d-7b01-11f1-81cb-eeee0a93546a.worksync-db-deployer#flowable-async-job-executor-thread-5613#
[PollExecuteTaskStatusExecution] af0ca01f-d4e0-461c-9763-2fd4c1f8f74f [2026-07-08T19:19:37.910335] Preparing... (STDOUT, APP/TASK/deploy)#
#2026 07 08 19:19:52.334#Z#DEBUG#b2605f0d-7b01-11f1-81cb-eeee0a93546a.worksync-db-deployer#flowable-async-job-executor-thread-5613#
[PollExecuteTaskStatusExecution] af0ca01f-d4e0-461c-9763-2fd4c1f8f74f [2026-07-08T19:19:37.910338] Preparing the make transaction... (STDOUT, APP/TASK/deploy)#
#2026 07 08 19:19:52.334#Z#DEBUG#b2605f0d-7b01-11f1-81cb-eeee0a93546a.worksync-db-deployer#flowable-async-job-executor-thread-5613#
[PollExecuteTaskStatusExecution] af0ca01f-d4e0-461c-9763-2fd4c1f8f74f [2026-07-08T19:19:37.911476] Adding "src/views/CV_RESOURCE_FORECAST.hdbcalculationview" for deploy... (STDOUT, APP/TASK/deploy)#
#2026 07 08 19:19:52.334#Z#DEBUG#b2605f0d-7b01-11f1-81cb-eeee0a93546a.worksync-db-deployer#flowable-async-job-executor-thread-5613#
[PollExecuteTaskStatusExecution] af0ca01f-d4e0-461c-9763-2fd4c1f8f74f [2026-07-08T19:19:37.911655] Preparing the make transaction... ok (0s 11ms) (STDOUT, APP/TASK/deploy)#
#2026 07 08 19:19:52.334#Z#DEBUG#b2605f0d-7b01-11f1-81cb-eeee0a93546a.worksync-db-deployer#flowable-async-job-executor-thread-5613#
[PollExecuteTaskStatusExecution] af0ca01f-d4e0-461c-9763-2fd4c1f8f74f [2026-07-08T19:19:37.911666] Adding "src/views/CV_RESOURCE_FORECAST.hdbcalculationview" for deploy... ok (0s 9ms) (STDOUT, APP/TASK/deploy)#
#2026 07 08 19:19:52.334#Z#DEBUG#b2605f0d-7b01-11f1-81cb-eeee0a93546a.worksync-db-deployer#flowable-async-job-executor-thread-5613#
[PollExecuteTaskStatusExecution] af0ca01f-d4e0-461c-9763-2fd4c1f8f74f [2026-07-08T19:19:37.911689] Preparing... ok (0s 33ms) (STDOUT, APP/TASK/deploy)#
#2026 07 08 19:19:52.334#Z#DEBUG#b2605f0d-7b01-11f1-81cb-eeee0a93546a.worksync-db-deployer#flowable-async-job-executor-thread-5613#
[PollExecuteTaskStatusExecution] af0ca01f-d4e0-461c-9763-2fd4c1f8f74f [2026-07-08T19:19:37.911691] Calculating dependencies... (STDOUT, APP/TASK/deploy)#
#2026 07 08 19:19:52.334#Z#DEBUG#b2605f0d-7b01-11f1-81cb-eeee0a93546a.worksync-db-deployer#flowable-async-job-executor-thread-5613#
[PollExecuteTaskStatusExecution] af0ca01f-d4e0-461c-9763-2fd4c1f8f74f [2026-07-08T19:19:37.911733] Expanding... (STDOUT, APP/TASK/deploy)#
#2026 07 08 19:19:52.334#Z#DEBUG#b2605f0d-7b01-11f1-81cb-eeee0a93546a.worksync-db-deployer#flowable-async-job-executor-thread-5613#
[PollExecuteTaskStatusExecution] af0ca01f-d4e0-461c-9763-2fd4c1f8f74f [2026-07-08T19:19:37.911736] Expanding... ok (0s 7ms) (STDOUT, APP/TASK/deploy)#
#2026 07 08 19:19:52.334#Z#DEBUG#b2605f0d-7b01-11f1-81cb-eeee0a93546a.worksync-db-deployer#flowable-async-job-executor-thread-5613#
[PollExecuteTaskStatusExecution] af0ca01f-d4e0-461c-9763-2fd4c1f8f74f [2026-07-08T19:19:37.911751] Precompiling... (STDOUT, APP/TASK/deploy)#
#2026 07 08 19:19:52.334#Z#DEBUG#b2605f0d-7b01-11f1-81cb-eeee0a93546a.worksync-db-deployer#flowable-async-job-executor-thread-5613#
[PollExecuteTaskStatusExecution] af0ca01f-d4e0-461c-9763-2fd4c1f8f74f [2026-07-08T19:19:37.911768] Precompiling "src/views/CV_RESOURCE_FORECAST.hdbcalculationview"... (STDOUT, APP/TASK/deploy)#
#2026 07 08 19:19:52.334#Z#DEBUG#b2605f0d-7b01-11f1-81cb-eeee0a93546a.worksync-db-deployer#flowable-async-job-executor-thread-5613#
[PollExecuteTaskStatusExecution] af0ca01f-d4e0-461c-9763-2fd4c1f8f74f [2026-07-08T19:19:37.912127] at "src/views/CV_RESOURCE_FORECAST.hdbcalculationview" (0:0) (STDOUT, APP/TASK/deploy)#
#2026 07 08 19:19:52.334#Z#DEBUG#b2605f0d-7b01-11f1-81cb-eeee0a93546a.worksync-db-deployer#flowable-async-job-executor-thread-5613#
[PollExecuteTaskStatusExecution] af0ca01f-d4e0-461c-9763-2fd4c1f8f74f [2026-07-08T19:19:37.912134] Error: com.sap.hana.di.calculationview: No measures defined in a cube [170109] (STDERR, APP/TASK/deploy)#
#2026 07 08 19:19:52.334#Z#DEBUG#b2605f0d-7b01-11f1-81cb-eeee0a93546a.worksync-db-deployer#flowable-async-job-executor-thread-5613#
[PollExecuteTaskStatusExecution] af0ca01f-d4e0-461c-9763-2fd4c1f8f74f [2026-07-08T19:19:37.912147] Error: Precompiling... failed [8212133] (STDERR, APP/TASK/deploy)#
#2026 07 08 19:19:52.334#Z#DEBUG#b2605f0d-7b01-11f1-81cb-eeee0a93546a.worksync-db-deployer#flowable-async-job-executor-thread-5613#
[PollExecuteTaskStatusExecution] af0ca01f-d4e0-461c-9763-2fd4c1f8f74f [2026-07-08T19:19:37.912152] Error: Calculating dependencies... failed [8212108] (STDERR, APP/TASK/deploy)#
#2026 07 08 19:19:52.334#Z#DEBUG#b2605f0d-7b01-11f1-81cb-eeee0a93546a.worksync-db-deployer#flowable-async-job-executor-thread-5613#
[PollExecuteTaskStatusExecution] af0ca01f-d4e0-461c-9763-2fd4c1f8f74f [2026-07-08T19:19:37.912160] Make failed (5 errors, 0 warnings): tried to deploy 1 files, undeploy 0 files, redeploy 0 dependent files (STDOUT, APP/TASK/deploy)#
#2026 07 08 19:19:52.334#Z#DEBUG#b2605f0d-7b01-11f1-81cb-eeee0a93546a.worksync-db-deployer#flowable-async-job-executor-thread-5613#
[PollExecuteTaskStatusExecution] af0ca01f-d4e0-461c-9763-2fd4c1f8f74f [2026-07-08T19:19:37.912182] Error: Making... failed [8211605] (STDERR, APP/TASK/deploy)#
#2026 07 08 19:19:52.334#Z#DEBUG#b2605f0d-7b01-11f1-81cb-eeee0a93546a.worksync-db-deployer#flowable-async-job-executor-thread-5613#
[PollExecuteTaskStatusExecution] af0ca01f-d4e0-461c-9763-2fd4c1f8f74f [2026-07-08T19:19:37.912186] Error: Starting make in the container "CA770484662044719A53B82EF7610ED4" with 1 files to deploy, 0 files to undeploy... failed [8214168] (STDERR, APP/TASK/deploy)#
#2026 07 08 19:19:52.334#Z#DEBUG#b2605f0d-7b01-11f1-81cb-eeee0a93546a.worksync-db-deployer#flowable-async-job-executor-thread-5613#
[PollExecuteTaskStatusExecution] af0ca01f-d4e0-461c-9763-2fd4c1f8f74f [2026-07-08T19:19:37.912728] Deployment to container CA770484662044719A53B82EF7610ED4 failed - error: HDI make failed [Deployment ID: none]. (STDERR, APP/TASK/deploy)#
#2026 07 08 19:19:52.334#Z#DEBUG#b2605f0d-7b01-11f1-81cb-eeee0a93546a.worksync-db-deployer#flowable-async-job-executor-thread-5613#
[PollExecuteTaskStatusExecution] af0ca01f-d4e0-461c-9763-2fd4c1f8f74f [2026-07-08T19:19:37.916459] Deployment ended at 2026-07-08 19:19:37 (STDOUT, APP/TASK/deploy)#
#2026 07 08 19:19:52.334#Z#DEBUG#b2605f0d-7b01-11f1-81cb-eeee0a93546a.worksync-db-deployer#flowable-async-job-executor-thread-5613#
[PollExecuteTaskStatusExecution] af0ca01f-d4e0-461c-9763-2fd4c1f8f74f [2026-07-08T19:19:37.916531] Error: HDI make failed (STDERR, APP/TASK/deploy)#
#2026 07 08 19:19:52.334#Z#DEBUG#b2605f0d-7b01-11f1-81cb-eeee0a93546a.worksync-db-deployer#flowable-async-job-executor-thread-5613#
[PollExecuteTaskStatusExecution] af0ca01f-d4e0-461c-9763-2fd4c1f8f74f [2026-07-08T19:19:37.918332] (2s 117ms) (STDOUT, APP/TASK/deploy)#
#2026 07 08 19:19:52.334#Z#DEBUG#b2605f0d-7b01-11f1-81cb-eeee0a93546a.worksync-db-deployer#flowable-async-job-executor-thread-5613#
[PollExecuteTaskStatusExecution] af0ca01f-d4e0-461c-9763-2fd4c1f8f74f [2026-07-08T19:19:37.937277] npm notice (STDERR, APP/TASK/deploy)#
#2026 07 08 19:19:52.334#Z#DEBUG#b2605f0d-7b01-11f1-81cb-eeee0a93546a.worksync-db-deployer#flowable-async-job-executor-thread-5613#
[PollExecuteTaskStatusExecution] af0ca01f-d4e0-461c-9763-2fd4c1f8f74f [2026-07-08T19:19:37.937312] npm notice New major version of npm available! 10.9.7 -> 11.18.0 (STDERR, APP/TASK/deploy)#
#2026 07 08 19:19:52.334#Z#DEBUG#b2605f0d-7b01-11f1-81cb-eeee0a93546a.worksync-db-deployer#flowable-async-job-executor-thread-5613#
[PollExecuteTaskStatusExecution] af0ca01f-d4e0-461c-9763-2fd4c1f8f74f [2026-07-08T19:19:37.937317] npm notice Changelog: https://github.com/npm/cli/releases/tag/v11.18.0 (STDERR, APP/TASK/deploy)#
#2026 07 08 19:19:52.334#Z#DEBUG#b2605f0d-7b01-11f1-81cb-eeee0a93546a.worksync-db-deployer#flowable-async-job-executor-thread-5613#
[PollExecuteTaskStatusExecution] af0ca01f-d4e0-461c-9763-2fd4c1f8f74f [2026-07-08T19:19:37.937321] npm notice To update run: npm install -g npm@11.18.0 (STDERR, APP/TASK/deploy)#
#2026 07 08 19:19:52.334#Z#DEBUG#b2605f0d-7b01-11f1-81cb-eeee0a93546a.worksync-db-deployer#flowable-async-job-executor-thread-5613#
[PollExecuteTaskStatusExecution] af0ca01f-d4e0-461c-9763-2fd4c1f8f74f [2026-07-08T19:19:37.937323] npm notice (STDERR, APP/TASK/deploy)#
#2026 07 08 19:19:52.334#Z#DEBUG#b2605f0d-7b01-11f1-81cb-eeee0a93546a.worksync-db-deployer#flowable-async-job-executor-thread-5613#
[PollExecuteTaskStatusExecution] af0ca01f-d4e0-461c-9763-2fd4c1f8f74f [2026-07-08T19:19:38.016501] Exit status 1 (STDOUT, APP/TASK/deploy)#
#2026 07 08 19:19:52.334#Z#DEBUG#b2605f0d-7b01-11f1-81cb-eeee0a93546a.worksync-db-deployer#flowable-async-job-executor-thread-5613#
[PollExecuteTaskStatusExecution] af0ca01f-d4e0-461c-9763-2fd4c1f8f74f [2026-07-08T19:19:38.641686] Cell 684caff8-89cd-492b-be01-b3d0835f1763 stopping instance 0100f463-76e5-42a6-be84-efdbd12bac93 (STDOUT, CELL)#
#2026 07 08 19:19:52.334#Z#DEBUG#b2605f0d-7b01-11f1-81cb-eeee0a93546a.worksync-db-deployer#flowable-async-job-executor-thread-5613#
[PollExecuteTaskStatusExecution] af0ca01f-d4e0-461c-9763-2fd4c1f8f74f [2026-07-08T19:19:38.641725] Cell 684caff8-89cd-492b-be01-b3d0835f1763 destroying container for instance 0100f463-76e5-42a6-be84-efdbd12bac93 (STDOUT, CELL)#
#2026 07 08 19:19:52.334#Z#DEBUG#b2605f0d-7b01-11f1-81cb-eeee0a93546a.worksync-db-deployer#flowable-async-job-executor-thread-5613#
[PollExecuteTaskStatusExecution] af0ca01f-d4e0-461c-9763-2fd4c1f8f74f [2026-07-08T19:19:41.716064] Cell 684caff8-89cd-492b-be01-b3d0835f1763 successfully destroyed container for instance 0100f463-76e5-42a6-be84-efdbd12bac93 (STDOUT, CELL)#
#2026 07 08 19:19:52.334#Z#DEBUG#b2605f0d-7b01-11f1-81cb-eeee0a93546a.worksync-db-deployer#flowable-async-job-executor-thread-5613#
[PollExecuteTaskStatusExecution] af0ca01f-d4e0-461c-9763-2fd4c1f8f74f [2026-07-08T19:19:46.006384] Cell 77283d80-dfa7-40ba-ba4e-265aef112085 creating container for instance 6c9e8d16-144b-4459-8829-1180f44631c8 (STDOUT, CELL)#
#2026 07 08 19:19:52.334#Z#DEBUG#b2605f0d-7b01-11f1-81cb-eeee0a93546a.worksync-db-deployer#flowable-async-job-executor-thread-5613#
[PollExecuteTaskStatusExecution] af0ca01f-d4e0-461c-9763-2fd4c1f8f74f [2026-07-08T19:19:46.377233] Security group rules were updated (STDOUT, CELL)#
#2026 07 08 19:19:52.334#Z#DEBUG#b2605f0d-7b01-11f1-81cb-eeee0a93546a.worksync-db-deployer#flowable-async-job-executor-thread-5613#
[PollExecuteTaskStatusExecution] af0ca01f-d4e0-461c-9763-2fd4c1f8f74f [2026-07-08T19:19:46.427771] Cell 77283d80-dfa7-40ba-ba4e-265aef112085 successfully created container for instance 6c9e8d16-144b-4459-8829-1180f44631c8 (STDOUT, CELL)#
#2026 07 08 19:20:02.444#Z#DEBUG#b2605f0d-7b01-11f1-81cb-eeee0a93546a.worksync-db-deployer#flowable-async-job-executor-thread-4425#
[PollExecuteTaskStatusExecution] af0ca01f-d4e0-461c-9763-2fd4c1f8f74f [2026-07-08T19:19:53.778041] Invoking pre-start scripts. (STDOUT, APP/TASK/deploy)#
#2026 07 08 19:20:02.444#Z#DEBUG#b2605f0d-7b01-11f1-81cb-eeee0a93546a.worksync-db-deployer#flowable-async-job-executor-thread-4425#
[PollExecuteTaskStatusExecution] af0ca01f-d4e0-461c-9763-2fd4c1f8f74f [2026-07-08T19:19:53.917202] Invoking start command. (STDOUT, APP/TASK/deploy)#
#2026 07 08 19:20:02.444#Z#DEBUG#b2605f0d-7b01-11f1-81cb-eeee0a93546a.worksync-db-deployer#flowable-async-job-executor-thread-4425#
[PollExecuteTaskStatusExecution] af0ca01f-d4e0-461c-9763-2fd4c1f8f74f [2026-07-08T19:19:54.214444] > start (STDOUT, APP/TASK/deploy)#
#2026 07 08 19:20:02.444#Z#DEBUG#b2605f0d-7b01-11f1-81cb-eeee0a93546a.worksync-db-deployer#flowable-async-job-executor-thread-4425#
[PollExecuteTaskStatusExecution] af0ca01f-d4e0-461c-9763-2fd4c1f8f74f [2026-07-08T19:19:54.214467] > node node_modules/@sap/hdi-deploy/deploy.js (STDOUT, APP/TASK/deploy)#
#2026 07 08 19:20:02.444#Z#DEBUG#b2605f0d-7b01-11f1-81cb-eeee0a93546a.worksync-db-deployer#flowable-async-job-executor-thread-4425#
[PollExecuteTaskStatusExecution] af0ca01f-d4e0-461c-9763-2fd4c1f8f74f [2026-07-08T19:19:54.320695] VCAP_SERVICES: (STDOUT, APP/TASK/deploy)#
#2026 07 08 19:20:02.444#Z#DEBUG#b2605f0d-7b01-11f1-81cb-eeee0a93546a.worksync-db-deployer#flowable-async-job-executor-thread-4425#
[PollExecuteTaskStatusExecution] af0ca01f-d4e0-461c-9763-2fd4c1f8f74f [2026-07-08T19:19:54.321160] { (STDOUT, APP/TASK/deploy)#
#2026 07 08 19:20:02.444#Z#DEBUG#b2605f0d-7b01-11f1-81cb-eeee0a93546a.worksync-db-deployer#flowable-async-job-executor-thread-4425#
[PollExecuteTaskStatusExecution] af0ca01f-d4e0-461c-9763-2fd4c1f8f74f [2026-07-08T19:19:54.321185] "hana": [ (STDOUT, APP/TASK/deploy)#
#2026 07 08 19:20:02.444#Z#DEBUG#b2605f0d-7b01-11f1-81cb-eeee0a93546a.worksync-db-deployer#flowable-async-job-executor-thread-4425#
[PollExecuteTaskStatusExecution] af0ca01f-d4e0-461c-9763-2fd4c1f8f74f [2026-07-08T19:19:54.321188] { (STDOUT, APP/TASK/deploy)#
#2026 07 08 19:20:02.444#Z#DEBUG#b2605f0d-7b01-11f1-81cb-eeee0a93546a.worksync-db-deployer#flowable-async-job-executor-thread-4425#
[PollExecuteTaskStatusExecution] af0ca01f-d4e0-461c-9763-2fd4c1f8f74f [2026-07-08T19:19:54.321191] "name": "WorkSync-db", (STDOUT, APP/TASK/deploy)#
#2026 07 08 19:20:02.444#Z#DEBUG#b2605f0d-7b01-11f1-81cb-eeee0a93546a.worksync-db-deployer#flowable-async-job-executor-thread-4425#
[PollExecuteTaskStatusExecution] af0ca01f-d4e0-461c-9763-2fd4c1f8f74f [2026-07-08T19:19:54.321194] "label": "hana", (STDOUT, APP/TASK/deploy)#
#2026 07 08 19:20:02.444#Z#DEBUG#b2605f0d-7b01-11f1-81cb-eeee0a93546a.worksync-db-deployer#flowable-async-job-executor-thread-4425#
[PollExecuteTaskStatusExecution] af0ca01f-d4e0-461c-9763-2fd4c1f8f74f [2026-07-08T19:19:54.321196] "plan": "hdi-shared", (STDOUT, APP/TASK/deploy)#
#2026 07 08 19:20:02.444#Z#DEBUG#b2605f0d-7b01-11f1-81cb-eeee0a93546a.worksync-db-deployer#flowable-async-job-executor-thread-4425#
[PollExecuteTaskStatusExecution] af0ca01f-d4e0-461c-9763-2fd4c1f8f74f [2026-07-08T19:19:54.321197] "credentials": { (STDOUT, APP/TASK/deploy)#
#2026 07 08 19:20:02.444#Z#DEBUG#b2605f0d-7b01-11f1-81cb-eeee0a93546a.worksync-db-deployer#flowable-async-job-executor-thread-4425#
[PollExecuteTaskStatusExecution] af0ca01f-d4e0-461c-9763-2fd4c1f8f74f [2026-07-08T19:19:54.321204] "schema": "CA770484662044719A53B82EF7610ED4", (STDOUT, APP/TASK/deploy)#
#2026 07 08 19:20:02.444#Z#DEBUG#b2605f0d-7b01-11f1-81cb-eeee0a93546a.worksync-db-deployer#flowable-async-job-executor-thread-4425#
[PollExecuteTaskStatusExecution] af0ca01f-d4e0-461c-9763-2fd4c1f8f74f [2026-07-08T19:19:54.321208] "database_id": "b8be478d-e3a4-4fee-b9ee-4e48cc895c57", (STDOUT, APP/TASK/deploy)#
#2026 07 08 19:20:02.444#Z#DEBUG#b2605f0d-7b01-11f1-81cb-eeee0a93546a.worksync-db-deployer#flowable-async-job-executor-thread-4425#
[PollExecuteTaskStatusExecution] af0ca01f-d4e0-461c-9763-2fd4c1f8f74f [2026-07-08T19:19:54.321211] "user": "CA770484662044719A53B82EF7610ED4_DHOXIUTQKELU42TU91AIHNRR0_RT", (STDOUT, APP/TASK/deploy)#
#2026 07 08 19:20:02.444#Z#DEBUG#b2605f0d-7b01-11f1-81cb-eeee0a93546a.worksync-db-deployer#flowable-async-job-executor-thread-4425#
[PollExecuteTaskStatusExecution] af0ca01f-d4e0-461c-9763-2fd4c1f8f74f [2026-07-08T19:19:54.321218] "hdi_user": "CA770484662044719A53B82EF7610ED4_DHOXIUTQKELU42TU91AIHNRR0_DT" (STDOUT, APP/TASK/deploy)#
#2026 07 08 19:20:02.444#Z#DEBUG#b2605f0d-7b01-11f1-81cb-eeee0a93546a.worksync-db-deployer#flowable-async-job-executor-thread-4425#
[PollExecuteTaskStatusExecution] af0ca01f-d4e0-461c-9763-2fd4c1f8f74f [2026-07-08T19:19:54.321220] }, (STDOUT, APP/TASK/deploy)#
#2026 07 08 19:20:02.444#Z#DEBUG#b2605f0d-7b01-11f1-81cb-eeee0a93546a.worksync-db-deployer#flowable-async-job-executor-thread-4425#
[PollExecuteTaskStatusExecution] af0ca01f-d4e0-461c-9763-2fd4c1f8f74f [2026-07-08T19:19:54.321222] "tags": [ (STDOUT, APP/TASK/deploy)#
#2026 07 08 19:20:02.444#Z#DEBUG#b2605f0d-7b01-11f1-81cb-eeee0a93546a.worksync-db-deployer#flowable-async-job-executor-thread-4425#
[PollExecuteTaskStatusExecution] af0ca01f-d4e0-461c-9763-2fd4c1f8f74f [2026-07-08T19:19:54.321224] "hana", (STDOUT, APP/TASK/deploy)#
#2026 07 08 19:20:02.444#Z#DEBUG#b2605f0d-7b01-11f1-81cb-eeee0a93546a.worksync-db-deployer#flowable-async-job-executor-thread-4425#
[PollExecuteTaskStatusExecution] af0ca01f-d4e0-461c-9763-2fd4c1f8f74f [2026-07-08T19:19:54.321225] "database", (STDOUT, APP/TASK/deploy)#
#2026 07 08 19:20:02.444#Z#DEBUG#b2605f0d-7b01-11f1-81cb-eeee0a93546a.worksync-db-deployer#flowable-async-job-executor-thread-4425#
[PollExecuteTaskStatusExecution] af0ca01f-d4e0-461c-9763-2fd4c1f8f74f [2026-07-08T19:19:54.321227] "relational" (STDOUT, APP/TASK/deploy)#
#2026 07 08 19:20:02.444#Z#DEBUG#b2605f0d-7b01-11f1-81cb-eeee0a93546a.worksync-db-deployer#flowable-async-job-executor-thread-4425#
[PollExecuteTaskStatusExecution] af0ca01f-d4e0-461c-9763-2fd4c1f8f74f [2026-07-08T19:19:54.321228] ] (STDOUT, APP/TASK/deploy)#
#2026 07 08 19:20:02.444#Z#DEBUG#b2605f0d-7b01-11f1-81cb-eeee0a93546a.worksync-db-deployer#flowable-async-job-executor-thread-4425#
[PollExecuteTaskStatusExecution] af0ca01f-d4e0-461c-9763-2fd4c1f8f74f [2026-07-08T19:19:54.321234] } (STDOUT, APP/TASK/deploy)#
#2026 07 08 19:20:02.444#Z#DEBUG#b2605f0d-7b01-11f1-81cb-eeee0a93546a.worksync-db-deployer#flowable-async-job-executor-thread-4425#
[PollExecuteTaskStatusExecution] af0ca01f-d4e0-461c-9763-2fd4c1f8f74f [2026-07-08T19:19:54.321236] ] (STDOUT, APP/TASK/deploy)#
#2026 07 08 19:20:02.444#Z#DEBUG#b2605f0d-7b01-11f1-81cb-eeee0a93546a.worksync-db-deployer#flowable-async-job-executor-thread-4425#
[PollExecuteTaskStatusExecution] af0ca01f-d4e0-461c-9763-2fd4c1f8f74f [2026-07-08T19:19:54.321238] } (STDOUT, APP/TASK/deploy)#
#2026 07 08 19:20:02.444#Z#DEBUG#b2605f0d-7b01-11f1-81cb-eeee0a93546a.worksync-db-deployer#flowable-async-job-executor-thread-4425#
[PollExecuteTaskStatusExecution] af0ca01f-d4e0-461c-9763-2fd4c1f8f74f [2026-07-08T19:19:54.654553] @sap/hdi-deploy, version 5.7.0 (mode default), server version 4.00.000.00.1780387709 (4.0.0.0), cloud version 2026.2.17, node version 22.22.2, HDI version 1016, container API version 1007 (STDOUT, APP/TASK/deploy)#
#2026 07 08 19:20:02.444#Z#DEBUG#b2605f0d-7b01-11f1-81cb-eeee0a93546a.worksync-db-deployer#flowable-async-job-executor-thread-4425#
[PollExecuteTaskStatusExecution] af0ca01f-d4e0-461c-9763-2fd4c1f8f74f [2026-07-08T19:19:54.654588] Deployment started at 2026-07-08 19:19:54 (STDOUT, APP/TASK/deploy)#
#2026 07 08 19:20:02.444#Z#DEBUG#b2605f0d-7b01-11f1-81cb-eeee0a93546a.worksync-db-deployer#flowable-async-job-executor-thread-4425#
[PollExecuteTaskStatusExecution] af0ca01f-d4e0-461c-9763-2fd4c1f8f74f [2026-07-08T19:19:54.654785] Using @sap/hana-client@2.29.23 for connection (STDOUT, APP/TASK/deploy)#
#2026 07 08 19:20:02.444#Z#DEBUG#b2605f0d-7b01-11f1-81cb-eeee0a93546a.worksync-db-deployer#flowable-async-job-executor-thread-4425#
[PollExecuteTaskStatusExecution] af0ca01f-d4e0-461c-9763-2fd4c1f8f74f [2026-07-08T19:19:54.670280] No ignore file at /home/vcap/app/.hdiignore. (STDOUT, APP/TASK/deploy)#
#2026 07 08 19:20:02.444#Z#DEBUG#b2605f0d-7b01-11f1-81cb-eeee0a93546a.worksync-db-deployer#flowable-async-job-executor-thread-4425#
[PollExecuteTaskStatusExecution] af0ca01f-d4e0-461c-9763-2fd4c1f8f74f [2026-07-08T19:19:54.670490] Collecting files... (STDOUT, APP/TASK/deploy)#
#2026 07 08 19:20:02.444#Z#DEBUG#b2605f0d-7b01-11f1-81cb-eeee0a93546a.worksync-db-deployer#flowable-async-job-executor-thread-4425#
[PollExecuteTaskStatusExecution] af0ca01f-d4e0-461c-9763-2fd4c1f8f74f [2026-07-08T19:19:54.674037] Collecting files... ok (0s 3ms) (STDOUT, APP/TASK/deploy)#
#2026 07 08 19:20:02.444#Z#DEBUG#b2605f0d-7b01-11f1-81cb-eeee0a93546a.worksync-db-deployer#flowable-async-job-executor-thread-4425#
[PollExecuteTaskStatusExecution] af0ca01f-d4e0-461c-9763-2fd4c1f8f74f [2026-07-08T19:19:54.674058] 4 directories collected (STDOUT, APP/TASK/deploy)#
#2026 07 08 19:20:02.444#Z#DEBUG#b2605f0d-7b01-11f1-81cb-eeee0a93546a.worksync-db-deployer#flowable-async-job-executor-thread-4425#
[PollExecuteTaskStatusExecution] af0ca01f-d4e0-461c-9763-2fd4c1f8f74f [2026-07-08T19:19:54.674180] 44 files collected (STDOUT, APP/TASK/deploy)#
#2026 07 08 19:20:02.444#Z#DEBUG#b2605f0d-7b01-11f1-81cb-eeee0a93546a.worksync-db-deployer#flowable-async-job-executor-thread-4425#
[PollExecuteTaskStatusExecution] af0ca01f-d4e0-461c-9763-2fd4c1f8f74f [2026-07-08T19:19:54.674201] 0 reusable modules collected (STDOUT, APP/TASK/deploy)#
#2026 07 08 19:20:02.444#Z#DEBUG#b2605f0d-7b01-11f1-81cb-eeee0a93546a.worksync-db-deployer#flowable-async-job-executor-thread-4425#
[PollExecuteTaskStatusExecution] af0ca01f-d4e0-461c-9763-2fd4c1f8f74f [2026-07-08T19:19:54.674226] Target service: WorkSync-db (STDOUT, APP/TASK/deploy)#
#2026 07 08 19:20:02.444#Z#DEBUG#b2605f0d-7b01-11f1-81cb-eeee0a93546a.worksync-db-deployer#flowable-async-job-executor-thread-4425#
[PollExecuteTaskStatusExecution] af0ca01f-d4e0-461c-9763-2fd4c1f8f74f [2026-07-08T19:19:54.733753] Session variable APPLICATION is set to "SAP_HDI/dev/9b59819ctrial". (STDOUT, APP/TASK/deploy)#
#2026 07 08 19:20:02.444#Z#DEBUG#b2605f0d-7b01-11f1-81cb-eeee0a93546a.worksync-db-deployer#flowable-async-job-executor-thread-4425#
[PollExecuteTaskStatusExecution] af0ca01f-d4e0-461c-9763-2fd4c1f8f74f [2026-07-08T19:19:54.825096] Previous build with request ID 651 finished at 2026-07-08 19:19:37.870948000 with status Canceled and message: Make failed (5 errors, 0 warnings): tried to deploy 1 files, undeploy 0 files, redeploy 0 dependent files. (STDOUT, APP/TASK/deploy)#
#2026 07 08 19:20:02.444#Z#DEBUG#b2605f0d-7b01-11f1-81cb-eeee0a93546a.worksync-db-deployer#flowable-async-job-executor-thread-4425#
[PollExecuteTaskStatusExecution] af0ca01f-d4e0-461c-9763-2fd4c1f8f74f [2026-07-08T19:19:54.825197] Processing revoke files... (STDOUT, APP/TASK/deploy)#
#2026 07 08 19:20:02.444#Z#DEBUG#b2605f0d-7b01-11f1-81cb-eeee0a93546a.worksync-db-deployer#flowable-async-job-executor-thread-4425#
[PollExecuteTaskStatusExecution] af0ca01f-d4e0-461c-9763-2fd4c1f8f74f [2026-07-08T19:19:54.825215] Processing revoke files... ok (0s 0ms) (STDOUT, APP/TASK/deploy)#
#2026 07 08 19:20:02.444#Z#DEBUG#b2605f0d-7b01-11f1-81cb-eeee0a93546a.worksync-db-deployer#flowable-async-job-executor-thread-4425#
[PollExecuteTaskStatusExecution] af0ca01f-d4e0-461c-9763-2fd4c1f8f74f [2026-07-08T19:19:54.825335] Processing grants files... (STDOUT, APP/TASK/deploy)#
#2026 07 08 19:20:02.444#Z#DEBUG#b2605f0d-7b01-11f1-81cb-eeee0a93546a.worksync-db-deployer#flowable-async-job-executor-thread-4425#
[PollExecuteTaskStatusExecution] af0ca01f-d4e0-461c-9763-2fd4c1f8f74f [2026-07-08T19:19:54.825425] Processing grants files... ok (0s 0ms) (STDOUT, APP/TASK/deploy)#
#2026 07 08 19:20:02.444#Z#DEBUG#b2605f0d-7b01-11f1-81cb-eeee0a93546a.worksync-db-deployer#flowable-async-job-executor-thread-4425#
[PollExecuteTaskStatusExecution] af0ca01f-d4e0-461c-9763-2fd4c1f8f74f [2026-07-08T19:19:54.827042] Preprocessing files... (STDOUT, APP/TASK/deploy)#
#2026 07 08 19:20:02.444#Z#DEBUG#b2605f0d-7b01-11f1-81cb-eeee0a93546a.worksync-db-deployer#flowable-async-job-executor-thread-4425#
[PollExecuteTaskStatusExecution] af0ca01f-d4e0-461c-9763-2fd4c1f8f74f [2026-07-08T19:19:54.827214] Preprocessing files... ok (0s 0ms) (STDOUT, APP/TASK/deploy)#
#2026 07 08 19:20:02.444#Z#DEBUG#b2605f0d-7b01-11f1-81cb-eeee0a93546a.worksync-db-deployer#flowable-async-job-executor-thread-4425#
[PollExecuteTaskStatusExecution] af0ca01f-d4e0-461c-9763-2fd4c1f8f74f [2026-07-08T19:19:54.827249] Connecting to the container "CA770484662044719A53B82EF7610ED4"... (STDOUT, APP/TASK/deploy)#
#2026 07 08 19:20:02.444#Z#DEBUG#b2605f0d-7b01-11f1-81cb-eeee0a93546a.worksync-db-deployer#flowable-async-job-executor-thread-4425#
[PollExecuteTaskStatusExecution] af0ca01f-d4e0-461c-9763-2fd4c1f8f74f [2026-07-08T19:19:54.919911] Connecting to the container "CA770484662044719A53B82EF7610ED4"... ok (0s 93ms) (STDOUT, APP/TASK/deploy)#
#2026 07 08 19:20:02.444#Z#DEBUG#b2605f0d-7b01-11f1-81cb-eeee0a93546a.worksync-db-deployer#flowable-async-job-executor-thread-4425#
[PollExecuteTaskStatusExecution] af0ca01f-d4e0-461c-9763-2fd4c1f8f74f [2026-07-08T19:19:54.919930] Locking the container "CA770484662044719A53B82EF7610ED4"... (STDOUT, APP/TASK/deploy)#
#2026 07 08 19:20:02.444#Z#DEBUG#b2605f0d-7b01-11f1-81cb-eeee0a93546a.worksync-db-deployer#flowable-async-job-executor-thread-4425#
[PollExecuteTaskStatusExecution] af0ca01f-d4e0-461c-9763-2fd4c1f8f74f [2026-07-08T19:19:55.049302] Locking the container "CA770484662044719A53B82EF7610ED4"... ok (0s 129ms) (STDOUT, APP/TASK/deploy)#
#2026 07 08 19:20:02.444#Z#DEBUG#b2605f0d-7b01-11f1-81cb-eeee0a93546a.worksync-db-deployer#flowable-async-job-executor-thread-4425#
[PollExecuteTaskStatusExecution] af0ca01f-d4e0-461c-9763-2fd4c1f8f74f [2026-07-08T19:19:55.049326] Synchronizing files with the container "CA770484662044719A53B82EF7610ED4"... (STDOUT, APP/TASK/deploy)#
#2026 07 08 19:20:02.444#Z#DEBUG#b2605f0d-7b01-11f1-81cb-eeee0a93546a.worksync-db-deployer#flowable-async-job-executor-thread-4425#
[PollExecuteTaskStatusExecution] af0ca01f-d4e0-461c-9763-2fd4c1f8f74f [2026-07-08T19:19:55.287826] Deleting files... (STDOUT, APP/TASK/deploy)#
#2026 07 08 19:20:02.444#Z#DEBUG#b2605f0d-7b01-11f1-81cb-eeee0a93546a.worksync-db-deployer#flowable-async-job-executor-thread-4425#
[PollExecuteTaskStatusExecution] af0ca01f-d4e0-461c-9763-2fd4c1f8f74f [2026-07-08T19:19:55.450461] Deleting files... ok (STDOUT, APP/TASK/deploy)#
#2026 07 08 19:20:02.444#Z#DEBUG#b2605f0d-7b01-11f1-81cb-eeee0a93546a.worksync-db-deployer#flowable-async-job-executor-thread-4425#
[PollExecuteTaskStatusExecution] af0ca01f-d4e0-461c-9763-2fd4c1f8f74f [2026-07-08T19:19:55.450576] Writing files... (STDOUT, APP/TASK/deploy)#
#2026 07 08 19:20:02.444#Z#DEBUG#b2605f0d-7b01-11f1-81cb-eeee0a93546a.worksync-db-deployer#flowable-async-job-executor-thread-4425#
[PollExecuteTaskStatusExecution] af0ca01f-d4e0-461c-9763-2fd4c1f8f74f [2026-07-08T19:19:55.450729] Writing 5 items (STDOUT, APP/TASK/deploy)#
#2026 07 08 19:20:02.444#Z#DEBUG#b2605f0d-7b01-11f1-81cb-eeee0a93546a.worksync-db-deployer#flowable-async-job-executor-thread-4425#
[PollExecuteTaskStatusExecution] af0ca01f-d4e0-461c-9763-2fd4c1f8f74f [2026-07-08T19:19:55.619158] Writing files... ok (STDOUT, APP/TASK/deploy)#
#2026 07 08 19:20:02.444#Z#DEBUG#b2605f0d-7b01-11f1-81cb-eeee0a93546a.worksync-db-deployer#flowable-async-job-executor-thread-4425#
[PollExecuteTaskStatusExecution] af0ca01f-d4e0-461c-9763-2fd4c1f8f74f [2026-07-08T19:19:55.619182] Synchronizing files with the container "CA770484662044719A53B82EF7610ED4"... ok (0s 570ms) (STDOUT, APP/TASK/deploy)#
#2026 07 08 19:20:02.444#Z#DEBUG#b2605f0d-7b01-11f1-81cb-eeee0a93546a.worksync-db-deployer#flowable-async-job-executor-thread-4425#
[PollExecuteTaskStatusExecution] af0ca01f-d4e0-461c-9763-2fd4c1f8f74f [2026-07-08T19:19:55.619441] added files: [ (STDOUT, APP/TASK/deploy)#
#2026 07 08 19:20:02.444#Z#DEBUG#b2605f0d-7b01-11f1-81cb-eeee0a93546a.worksync-db-deployer#flowable-async-job-executor-thread-4425#
[PollExecuteTaskStatusExecution] af0ca01f-d4e0-461c-9763-2fd4c1f8f74f [2026-07-08T19:19:55.619454] "src/views/CV_RESOURCE_FORECAST.hdbcalculationview" (STDOUT, APP/TASK/deploy)#
#2026 07 08 19:20:02.444#Z#DEBUG#b2605f0d-7b01-11f1-81cb-eeee0a93546a.worksync-db-deployer#flowable-async-job-executor-thread-4425#
[PollExecuteTaskStatusExecution] af0ca01f-d4e0-461c-9763-2fd4c1f8f74f [2026-07-08T19:19:55.619457] ] (STDOUT, APP/TASK/deploy)#
#2026 07 08 19:20:02.444#Z#DEBUG#b2605f0d-7b01-11f1-81cb-eeee0a93546a.worksync-db-deployer#flowable-async-job-executor-thread-4425#
[PollExecuteTaskStatusExecution] af0ca01f-d4e0-461c-9763-2fd4c1f8f74f [2026-07-08T19:19:55.619463] modified files: [] (STDOUT, APP/TASK/deploy)#
#2026 07 08 19:20:02.444#Z#DEBUG#b2605f0d-7b01-11f1-81cb-eeee0a93546a.worksync-db-deployer#flowable-async-job-executor-thread-4425#
[PollExecuteTaskStatusExecution] af0ca01f-d4e0-461c-9763-2fd4c1f8f74f [2026-07-08T19:19:55.619590] Undeploy allowlist file "undeploy.json" not found; an empty allowlist is used and no files will be scheduled for undeploy (STDOUT, APP/TASK/deploy)#
#2026 07 08 19:20:02.444#Z#DEBUG#b2605f0d-7b01-11f1-81cb-eeee0a93546a.worksync-db-deployer#flowable-async-job-executor-thread-4425#
[PollExecuteTaskStatusExecution] af0ca01f-d4e0-461c-9763-2fd4c1f8f74f [2026-07-08T19:19:55.619762] deleted files: [] (STDOUT, APP/TASK/deploy)#
#2026 07 08 19:20:02.444#Z#DEBUG#b2605f0d-7b01-11f1-81cb-eeee0a93546a.worksync-db-deployer#flowable-async-job-executor-thread-4425#
[PollExecuteTaskStatusExecution] af0ca01f-d4e0-461c-9763-2fd4c1f8f74f [2026-07-08T19:19:55.619827] WARNING: deleted files not in undeploy.json: [ (STDOUT, APP/TASK/deploy)#
#2026 07 08 19:20:02.444#Z#DEBUG#b2605f0d-7b01-11f1-81cb-eeee0a93546a.worksync-db-deployer#flowable-async-job-executor-thread-4425#
[PollExecuteTaskStatusExecution] af0ca01f-d4e0-461c-9763-2fd4c1f8f74f [2026-07-08T19:19:55.619839] "src/gen/UserInfoService.UserInfo.hdbtable" (STDOUT, APP/TASK/deploy)#
#2026 07 08 19:20:02.444#Z#DEBUG#b2605f0d-7b01-11f1-81cb-eeee0a93546a.worksync-db-deployer#flowable-async-job-executor-thread-4425#
[PollExecuteTaskStatusExecution] af0ca01f-d4e0-461c-9763-2fd4c1f8f74f [2026-07-08T19:19:55.619845] ] (STDOUT, APP/TASK/deploy)#
#2026 07 08 19:20:02.444#Z#DEBUG#b2605f0d-7b01-11f1-81cb-eeee0a93546a.worksync-db-deployer#flowable-async-job-executor-thread-4425#
[PollExecuteTaskStatusExecution] af0ca01f-d4e0-461c-9763-2fd4c1f8f74f [2026-07-08T19:19:55.619930] 1 modified or added files are scheduled for deploy based on delta detection (STDOUT, APP/TASK/deploy)#
#2026 07 08 19:20:02.444#Z#DEBUG#b2605f0d-7b01-11f1-81cb-eeee0a93546a.worksync-db-deployer#flowable-async-job-executor-thread-4425#
[PollExecuteTaskStatusExecution] af0ca01f-d4e0-461c-9763-2fd4c1f8f74f [2026-07-08T19:19:55.620149] 0 deleted files are scheduled for undeploy based on delta detection (filtered by undeploy allowlist) (STDOUT, APP/TASK/deploy)#
#2026 07 08 19:20:02.444#Z#DEBUG#b2605f0d-7b01-11f1-81cb-eeee0a93546a.worksync-db-deployer#flowable-async-job-executor-thread-4425#
[PollExecuteTaskStatusExecution] af0ca01f-d4e0-461c-9763-2fd4c1f8f74f [2026-07-08T19:19:55.620178] 0 files are scheduled for deploy based on explicit specification (STDOUT, APP/TASK/deploy)#
#2026 07 08 19:20:02.444#Z#DEBUG#b2605f0d-7b01-11f1-81cb-eeee0a93546a.worksync-db-deployer#flowable-async-job-executor-thread-4425#
[PollExecuteTaskStatusExecution] af0ca01f-d4e0-461c-9763-2fd4c1f8f74f [2026-07-08T19:19:55.620229] 0 files are scheduled for undeploy based on explicit specification (STDOUT, APP/TASK/deploy)#
#2026 07 08 19:20:02.444#Z#DEBUG#b2605f0d-7b01-11f1-81cb-eeee0a93546a.worksync-db-deployer#flowable-async-job-executor-thread-4425#
[PollExecuteTaskStatusExecution] af0ca01f-d4e0-461c-9763-2fd4c1f8f74f [2026-07-08T19:19:55.620302] Deploying to the container "CA770484662044719A53B82EF7610ED4"... (STDOUT, APP/TASK/deploy)#
#2026 07 08 19:20:02.444#Z#DEBUG#b2605f0d-7b01-11f1-81cb-eeee0a93546a.worksync-db-deployer#flowable-async-job-executor-thread-4425#
[PollExecuteTaskStatusExecution] af0ca01f-d4e0-461c-9763-2fd4c1f8f74f [2026-07-08T19:19:55.990296] Starting make in the container "CA770484662044719A53B82EF7610ED4" with 1 files to deploy, 0 files to undeploy... (STDOUT, APP/TASK/deploy)#
#2026 07 08 19:20:02.444#Z#DEBUG#b2605f0d-7b01-11f1-81cb-eeee0a93546a.worksync-db-deployer#flowable-async-job-executor-thread-4425#
[PollExecuteTaskStatusExecution] af0ca01f-d4e0-461c-9763-2fd4c1f8f74f [2026-07-08T19:19:55.990320] Disabling table replication for the container schema "CA770484662044719A53B82EF7610ED4"... (STDOUT, APP/TASK/deploy)#
#2026 07 08 19:20:02.444#Z#DEBUG#b2605f0d-7b01-11f1-81cb-eeee0a93546a.worksync-db-deployer#flowable-async-job-executor-thread-4425#
[PollExecuteTaskStatusExecution] af0ca01f-d4e0-461c-9763-2fd4c1f8f74f [2026-07-08T19:19:55.990328] Disabling table replication for the container schema "CA770484662044719A53B82EF7610ED4"... ok (0s 9ms) (STDOUT, APP/TASK/deploy)#
#2026 07 08 19:20:02.444#Z#DEBUG#b2605f0d-7b01-11f1-81cb-eeee0a93546a.worksync-db-deployer#flowable-async-job-executor-thread-4425#
[PollExecuteTaskStatusExecution] af0ca01f-d4e0-461c-9763-2fd4c1f8f74f [2026-07-08T19:19:55.990382] Migrating libraries... (STDOUT, APP/TASK/deploy)#
#2026 07 08 19:20:02.444#Z#DEBUG#b2605f0d-7b01-11f1-81cb-eeee0a93546a.worksync-db-deployer#flowable-async-job-executor-thread-4425#
[PollExecuteTaskStatusExecution] af0ca01f-d4e0-461c-9763-2fd4c1f8f74f [2026-07-08T19:19:55.990388] Migrating libraries... ok (0s 8ms) (STDOUT, APP/TASK/deploy)#
#2026 07 08 19:20:02.444#Z#DEBUG#b2605f0d-7b01-11f1-81cb-eeee0a93546a.worksync-db-deployer#flowable-async-job-executor-thread-4425#
[PollExecuteTaskStatusExecution] af0ca01f-d4e0-461c-9763-2fd4c1f8f74f [2026-07-08T19:19:55.990391] Making... (STDOUT, APP/TASK/deploy)#
#2026 07 08 19:20:02.444#Z#DEBUG#b2605f0d-7b01-11f1-81cb-eeee0a93546a.worksync-db-deployer#flowable-async-job-executor-thread-4425#
[PollExecuteTaskStatusExecution] af0ca01f-d4e0-461c-9763-2fd4c1f8f74f [2026-07-08T19:19:55.990402] Preparing... (STDOUT, APP/TASK/deploy)#
#2026 07 08 19:20:02.444#Z#DEBUG#b2605f0d-7b01-11f1-81cb-eeee0a93546a.worksync-db-deployer#flowable-async-job-executor-thread-4425#
[PollExecuteTaskStatusExecution] af0ca01f-d4e0-461c-9763-2fd4c1f8f74f [2026-07-08T19:19:55.990405] Preparing the make transaction... (STDOUT, APP/TASK/deploy)#
#2026 07 08 19:20:02.444#Z#DEBUG#b2605f0d-7b01-11f1-81cb-eeee0a93546a.worksync-db-deployer#flowable-async-job-executor-thread-4425#
[PollExecuteTaskStatusExecution] af0ca01f-d4e0-461c-9763-2fd4c1f8f74f [2026-07-08T19:19:55.990414] Adding "src/views/CV_RESOURCE_FORECAST.hdbcalculationview" for deploy... (STDOUT, APP/TASK/deploy)#
#2026 07 08 19:20:02.444#Z#DEBUG#b2605f0d-7b01-11f1-81cb-eeee0a93546a.worksync-db-deployer#flowable-async-job-executor-thread-4425#
[PollExecuteTaskStatusExecution] af0ca01f-d4e0-461c-9763-2fd4c1f8f74f [2026-07-08T19:19:55.990511] Preparing the make transaction... ok (0s 18ms) (STDOUT, APP/TASK/deploy)#
#2026 07 08 19:20:02.444#Z#DEBUG#b2605f0d-7b01-11f1-81cb-eeee0a93546a.worksync-db-deployer#flowable-async-job-executor-thread-4425#
[PollExecuteTaskStatusExecution] af0ca01f-d4e0-461c-9763-2fd4c1f8f74f [2026-07-08T19:19:55.990528] Adding "src/views/CV_RESOURCE_FORECAST.hdbcalculationview" for deploy... ok (0s 31ms) (STDOUT, APP/TASK/deploy)#
#2026 07 08 19:20:02.444#Z#DEBUG#b2605f0d-7b01-11f1-81cb-eeee0a93546a.worksync-db-deployer#flowable-async-job-executor-thread-4425#
[PollExecuteTaskStatusExecution] af0ca01f-d4e0-461c-9763-2fd4c1f8f74f [2026-07-08T19:19:55.990531] Preparing... ok (0s 69ms) (STDOUT, APP/TASK/deploy)#
#2026 07 08 19:20:02.444#Z#DEBUG#b2605f0d-7b01-11f1-81cb-eeee0a93546a.worksync-db-deployer#flowable-async-job-executor-thread-4425#
[PollExecuteTaskStatusExecution] af0ca01f-d4e0-461c-9763-2fd4c1f8f74f [2026-07-08T19:19:55.990534] Calculating dependencies... (STDOUT, APP/TASK/deploy)#
#2026 07 08 19:20:02.444#Z#DEBUG#b2605f0d-7b01-11f1-81cb-eeee0a93546a.worksync-db-deployer#flowable-async-job-executor-thread-4425#
[PollExecuteTaskStatusExecution] af0ca01f-d4e0-461c-9763-2fd4c1f8f74f [2026-07-08T19:19:55.990537] Expanding... (STDOUT, APP/TASK/deploy)#
#2026 07 08 19:20:02.444#Z#DEBUG#b2605f0d-7b01-11f1-81cb-eeee0a93546a.worksync-db-deployer#flowable-async-job-executor-thread-4425#
[PollExecuteTaskStatusExecution] af0ca01f-d4e0-461c-9763-2fd4c1f8f74f [2026-07-08T19:19:55.990562] Expanding... ok (0s 7ms) (STDOUT, APP/TASK/deploy)#
#2026 07 08 19:20:02.444#Z#DEBUG#b2605f0d-7b01-11f1-81cb-eeee0a93546a.worksync-db-deployer#flowable-async-job-executor-thread-4425#
[PollExecuteTaskStatusExecution] af0ca01f-d4e0-461c-9763-2fd4c1f8f74f [2026-07-08T19:19:55.990565] Precompiling... (STDOUT, APP/TASK/deploy)#
#2026 07 08 19:20:02.444#Z#DEBUG#b2605f0d-7b01-11f1-81cb-eeee0a93546a.worksync-db-deployer#flowable-async-job-executor-thread-4425#
[PollExecuteTaskStatusExecution] af0ca01f-d4e0-461c-9763-2fd4c1f8f74f [2026-07-08T19:19:55.990572] Precompiling "src/views/CV_RESOURCE_FORECAST.hdbcalculationview"... (STDOUT, APP/TASK/deploy)#
#2026 07 08 19:20:02.444#Z#DEBUG#b2605f0d-7b01-11f1-81cb-eeee0a93546a.worksync-db-deployer#flowable-async-job-executor-thread-4425#
[PollExecuteTaskStatusExecution] af0ca01f-d4e0-461c-9763-2fd4c1f8f74f [2026-07-08T19:19:55.990720] at "src/views/CV_RESOURCE_FORECAST.hdbcalculationview" (0:0) (STDOUT, APP/TASK/deploy)#
#2026 07 08 19:20:02.444#Z#DEBUG#b2605f0d-7b01-11f1-81cb-eeee0a93546a.worksync-db-deployer#flowable-async-job-executor-thread-4425#
[PollExecuteTaskStatusExecution] af0ca01f-d4e0-461c-9763-2fd4c1f8f74f [2026-07-08T19:19:55.990746] Error: com.sap.hana.di.calculationview: No measures defined in a cube [170109] (STDERR, APP/TASK/deploy)#
#2026 07 08 19:20:02.444#Z#DEBUG#b2605f0d-7b01-11f1-81cb-eeee0a93546a.worksync-db-deployer#flowable-async-job-executor-thread-4425#
[PollExecuteTaskStatusExecution] af0ca01f-d4e0-461c-9763-2fd4c1f8f74f [2026-07-08T19:19:55.990747] Make failed (5 errors, 0 warnings): tried to deploy 1 files, undeploy 0 files, redeploy 0 dependent files (STDOUT, APP/TASK/deploy)#
#2026 07 08 19:20:02.444#Z#DEBUG#b2605f0d-7b01-11f1-81cb-eeee0a93546a.worksync-db-deployer#flowable-async-job-executor-thread-4425#
[PollExecuteTaskStatusExecution] af0ca01f-d4e0-461c-9763-2fd4c1f8f74f [2026-07-08T19:19:55.990875] Error: Precompiling... failed [8212133] (STDERR, APP/TASK/deploy)#
#2026 07 08 19:20:02.444#Z#DEBUG#b2605f0d-7b01-11f1-81cb-eeee0a93546a.worksync-db-deployer#flowable-async-job-executor-thread-4425#
[PollExecuteTaskStatusExecution] af0ca01f-d4e0-461c-9763-2fd4c1f8f74f [2026-07-08T19:19:55.990909] Error: Calculating dependencies... failed [8212108] (STDERR, APP/TASK/deploy)#
#2026 07 08 19:20:02.444#Z#DEBUG#b2605f0d-7b01-11f1-81cb-eeee0a93546a.worksync-db-deployer#flowable-async-job-executor-thread-4425#
[PollExecuteTaskStatusExecution] af0ca01f-d4e0-461c-9763-2fd4c1f8f74f [2026-07-08T19:19:55.990914] Error: Making... failed [8211605] (STDERR, APP/TASK/deploy)#
#2026 07 08 19:20:02.444#Z#DEBUG#b2605f0d-7b01-11f1-81cb-eeee0a93546a.worksync-db-deployer#flowable-async-job-executor-thread-4425#
[PollExecuteTaskStatusExecution] af0ca01f-d4e0-461c-9763-2fd4c1f8f74f [2026-07-08T19:19:55.990921] Error: Starting make in the container "CA770484662044719A53B82EF7610ED4" with 1 files to deploy, 0 files to undeploy... failed [8214168] (STDERR, APP/TASK/deploy)#
#2026 07 08 19:20:02.444#Z#DEBUG#b2605f0d-7b01-11f1-81cb-eeee0a93546a.worksync-db-deployer#flowable-async-job-executor-thread-4425#
[PollExecuteTaskStatusExecution] af0ca01f-d4e0-461c-9763-2fd4c1f8f74f [2026-07-08T19:19:55.991161] Deployment to container CA770484662044719A53B82EF7610ED4 failed - error: HDI make failed [Deployment ID: none]. (STDERR, APP/TASK/deploy)#
#2026 07 08 19:20:02.444#Z#DEBUG#b2605f0d-7b01-11f1-81cb-eeee0a93546a.worksync-db-deployer#flowable-async-job-executor-thread-4425#
[PollExecuteTaskStatusExecution] af0ca01f-d4e0-461c-9763-2fd4c1f8f74f [2026-07-08T19:19:55.991824] Deployment ended at 2026-07-08 19:19:55 (STDOUT, APP/TASK/deploy)#
#2026 07 08 19:20:02.444#Z#DEBUG#b2605f0d-7b01-11f1-81cb-eeee0a93546a.worksync-db-deployer#flowable-async-job-executor-thread-4425#
[PollExecuteTaskStatusExecution] af0ca01f-d4e0-461c-9763-2fd4c1f8f74f [2026-07-08T19:19:55.991850] Error: HDI make failed (STDERR, APP/TASK/deploy)#
#2026 07 08 19:20:02.444#Z#DEBUG#b2605f0d-7b01-11f1-81cb-eeee0a93546a.worksync-db-deployer#flowable-async-job-executor-thread-4425#
[PollExecuteTaskStatusExecution] af0ca01f-d4e0-461c-9763-2fd4c1f8f74f [2026-07-08T19:19:55.992373] (1s 748ms) (STDOUT, APP/TASK/deploy)#
#2026 07 08 19:20:02.444#Z#DEBUG#b2605f0d-7b01-11f1-81cb-eeee0a93546a.worksync-db-deployer#flowable-async-job-executor-thread-4425#
[PollExecuteTaskStatusExecution] af0ca01f-d4e0-461c-9763-2fd4c1f8f74f [2026-07-08T19:19:56.003487] npm notice (STDERR, APP/TASK/deploy)#
#2026 07 08 19:20:02.444#Z#DEBUG#b2605f0d-7b01-11f1-81cb-eeee0a93546a.worksync-db-deployer#flowable-async-job-executor-thread-4425#
[PollExecuteTaskStatusExecution] af0ca01f-d4e0-461c-9763-2fd4c1f8f74f [2026-07-08T19:19:56.003505] npm notice New major version of npm available! 10.9.7 -> 11.18.0 (STDERR, APP/TASK/deploy)#
#2026 07 08 19:20:02.444#Z#DEBUG#b2605f0d-7b01-11f1-81cb-eeee0a93546a.worksync-db-deployer#flowable-async-job-executor-thread-4425#
[PollExecuteTaskStatusExecution] af0ca01f-d4e0-461c-9763-2fd4c1f8f74f [2026-07-08T19:19:56.003516] npm notice Changelog: https://github.com/npm/cli/releases/tag/v11.18.0 (STDERR, APP/TASK/deploy)#
#2026 07 08 19:20:02.444#Z#DEBUG#b2605f0d-7b01-11f1-81cb-eeee0a93546a.worksync-db-deployer#flowable-async-job-executor-thread-4425#
[PollExecuteTaskStatusExecution] af0ca01f-d4e0-461c-9763-2fd4c1f8f74f [2026-07-08T19:19:56.003521] npm notice To update run: npm install -g npm@11.18.0 (STDERR, APP/TASK/deploy)#
#2026 07 08 19:20:02.444#Z#DEBUG#b2605f0d-7b01-11f1-81cb-eeee0a93546a.worksync-db-deployer#flowable-async-job-executor-thread-4425#
[PollExecuteTaskStatusExecution] af0ca01f-d4e0-461c-9763-2fd4c1f8f74f [2026-07-08T19:19:56.003529] npm notice (STDERR, APP/TASK/deploy)#
#2026 07 08 19:20:02.444#Z#DEBUG#b2605f0d-7b01-11f1-81cb-eeee0a93546a.worksync-db-deployer#flowable-async-job-executor-thread-4425#
[PollExecuteTaskStatusExecution] af0ca01f-d4e0-461c-9763-2fd4c1f8f74f [2026-07-08T19:19:56.055764] Exit status 1 (STDOUT, APP/TASK/deploy)#
#2026 07 08 19:20:02.444#Z#DEBUG#b2605f0d-7b01-11f1-81cb-eeee0a93546a.worksync-db-deployer#flowable-async-job-executor-thread-4425#
[PollExecuteTaskStatusExecution] af0ca01f-d4e0-461c-9763-2fd4c1f8f74f [2026-07-08T19:19:56.516595] Cell 77283d80-dfa7-40ba-ba4e-265aef112085 stopping instance 6c9e8d16-144b-4459-8829-1180f44631c8 (STDOUT, CELL)#
#2026 07 08 19:20:02.444#Z#DEBUG#b2605f0d-7b01-11f1-81cb-eeee0a93546a.worksync-db-deployer#flowable-async-job-executor-thread-4425#
[PollExecuteTaskStatusExecution] af0ca01f-d4e0-461c-9763-2fd4c1f8f74f [2026-07-08T19:19:56.516627] Cell 77283d80-dfa7-40ba-ba4e-265aef112085 destroying container for instance 6c9e8d16-144b-4459-8829-1180f44631c8 (STDOUT, CELL)#
#2026 07 08 19:20:02.444#Z#DEBUG#b2605f0d-7b01-11f1-81cb-eeee0a93546a.worksync-db-deployer#flowable-async-job-executor-thread-4425#
[PollExecuteTaskStatusExecution] af0ca01f-d4e0-461c-9763-2fd4c1f8f74f [2026-07-08T19:19:58.221723] Cell 77283d80-dfa7-40ba-ba4e-265aef112085 successfully destroyed container for instance 6c9e8d16-144b-4459-8829-1180f44631c8 (STDOUT, CELL)#
#2026 07 08 19:20:12.403#Z#DEBUG#b2605f0d-7b01-11f1-81cb-eeee0a93546a.worksync-db-deployer#flowable-async-job-executor-thread-5616#
[PollExecuteTaskStatusExecution] af0ca01f-d4e0-461c-9763-2fd4c1f8f74f [2026-07-08T19:19:53.778041] Invoking pre-start scripts. (STDOUT, APP/TASK/deploy)#
#2026 07 08 19:20:12.403#Z#DEBUG#b2605f0d-7b01-11f1-81cb-eeee0a93546a.worksync-db-deployer#flowable-async-job-executor-thread-5616#
[PollExecuteTaskStatusExecution] af0ca01f-d4e0-461c-9763-2fd4c1f8f74f [2026-07-08T19:19:53.917202] Invoking start command. (STDOUT, APP/TASK/deploy)#
#2026 07 08 19:20:12.403#Z#DEBUG#b2605f0d-7b01-11f1-81cb-eeee0a93546a.worksync-db-deployer#flowable-async-job-executor-thread-5616#
[PollExecuteTaskStatusExecution] af0ca01f-d4e0-461c-9763-2fd4c1f8f74f [2026-07-08T19:19:54.214444] > start (STDOUT, APP/TASK/deploy)#
#2026 07 08 19:20:12.403#Z#DEBUG#b2605f0d-7b01-11f1-81cb-eeee0a93546a.worksync-db-deployer#flowable-async-job-executor-thread-5616#
[PollExecuteTaskStatusExecution] af0ca01f-d4e0-461c-9763-2fd4c1f8f74f [2026-07-08T19:19:54.214467] > node node_modules/@sap/hdi-deploy/deploy.js (STDOUT, APP/TASK/deploy)#
#2026 07 08 19:20:12.403#Z#DEBUG#b2605f0d-7b01-11f1-81cb-eeee0a93546a.worksync-db-deployer#flowable-async-job-executor-thread-5616#
[PollExecuteTaskStatusExecution] af0ca01f-d4e0-461c-9763-2fd4c1f8f74f [2026-07-08T19:19:54.320695] VCAP_SERVICES: (STDOUT, APP/TASK/deploy)#
#2026 07 08 19:20:12.403#Z#DEBUG#b2605f0d-7b01-11f1-81cb-eeee0a93546a.worksync-db-deployer#flowable-async-job-executor-thread-5616#
[PollExecuteTaskStatusExecution] af0ca01f-d4e0-461c-9763-2fd4c1f8f74f [2026-07-08T19:19:54.321160] { (STDOUT, APP/TASK/deploy)#
#2026 07 08 19:20:12.403#Z#DEBUG#b2605f0d-7b01-11f1-81cb-eeee0a93546a.worksync-db-deployer#flowable-async-job-executor-thread-5616#
[PollExecuteTaskStatusExecution] af0ca01f-d4e0-461c-9763-2fd4c1f8f74f [2026-07-08T19:19:54.321185] "hana": [ (STDOUT, APP/TASK/deploy)#
#2026 07 08 19:20:12.403#Z#DEBUG#b2605f0d-7b01-11f1-81cb-eeee0a93546a.worksync-db-deployer#flowable-async-job-executor-thread-5616#
[PollExecuteTaskStatusExecution] af0ca01f-d4e0-461c-9763-2fd4c1f8f74f [2026-07-08T19:19:54.321188] { (STDOUT, APP/TASK/deploy)#
#2026 07 08 19:20:12.403#Z#DEBUG#b2605f0d-7b01-11f1-81cb-eeee0a93546a.worksync-db-deployer#flowable-async-job-executor-thread-5616#
[PollExecuteTaskStatusExecution] af0ca01f-d4e0-461c-9763-2fd4c1f8f74f [2026-07-08T19:19:54.321191] "name": "WorkSync-db", (STDOUT, APP/TASK/deploy)#
#2026 07 08 19:20:12.403#Z#DEBUG#b2605f0d-7b01-11f1-81cb-eeee0a93546a.worksync-db-deployer#flowable-async-job-executor-thread-5616#
[PollExecuteTaskStatusExecution] af0ca01f-d4e0-461c-9763-2fd4c1f8f74f [2026-07-08T19:19:54.321194] "label": "hana", (STDOUT, APP/TASK/deploy)#
#2026 07 08 19:20:12.403#Z#DEBUG#b2605f0d-7b01-11f1-81cb-eeee0a93546a.worksync-db-deployer#flowable-async-job-executor-thread-5616#
[PollExecuteTaskStatusExecution] af0ca01f-d4e0-461c-9763-2fd4c1f8f74f [2026-07-08T19:19:54.321196] "plan": "hdi-shared", (STDOUT, APP/TASK/deploy)#
#2026 07 08 19:20:12.403#Z#DEBUG#b2605f0d-7b01-11f1-81cb-eeee0a93546a.worksync-db-deployer#flowable-async-job-executor-thread-5616#
[PollExecuteTaskStatusExecution] af0ca01f-d4e0-461c-9763-2fd4c1f8f74f [2026-07-08T19:19:54.321197] "credentials": { (STDOUT, APP/TASK/deploy)#
#2026 07 08 19:20:12.403#Z#DEBUG#b2605f0d-7b01-11f1-81cb-eeee0a93546a.worksync-db-deployer#flowable-async-job-executor-thread-5616#
[PollExecuteTaskStatusExecution] af0ca01f-d4e0-461c-9763-2fd4c1f8f74f [2026-07-08T19:19:54.321204] "schema": "CA770484662044719A53B82EF7610ED4", (STDOUT, APP/TASK/deploy)#
#2026 07 08 19:20:12.403#Z#DEBUG#b2605f0d-7b01-11f1-81cb-eeee0a93546a.worksync-db-deployer#flowable-async-job-executor-thread-5616#
[PollExecuteTaskStatusExecution] af0ca01f-d4e0-461c-9763-2fd4c1f8f74f [2026-07-08T19:19:54.321208] "database_id": "b8be478d-e3a4-4fee-b9ee-4e48cc895c57", (STDOUT, APP/TASK/deploy)#
#2026 07 08 19:20:12.403#Z#DEBUG#b2605f0d-7b01-11f1-81cb-eeee0a93546a.worksync-db-deployer#flowable-async-job-executor-thread-5616#
[PollExecuteTaskStatusExecution] af0ca01f-d4e0-461c-9763-2fd4c1f8f74f [2026-07-08T19:19:54.321211] "user": "CA770484662044719A53B82EF7610ED4_DHOXIUTQKELU42TU91AIHNRR0_RT", (STDOUT, APP/TASK/deploy)#
#2026 07 08 19:20:12.403#Z#DEBUG#b2605f0d-7b01-11f1-81cb-eeee0a93546a.worksync-db-deployer#flowable-async-job-executor-thread-5616#
[PollExecuteTaskStatusExecution] af0ca01f-d4e0-461c-9763-2fd4c1f8f74f [2026-07-08T19:19:54.321218] "hdi_user": "CA770484662044719A53B82EF7610ED4_DHOXIUTQKELU42TU91AIHNRR0_DT" (STDOUT, APP/TASK/deploy)#
#2026 07 08 19:20:12.403#Z#DEBUG#b2605f0d-7b01-11f1-81cb-eeee0a93546a.worksync-db-deployer#flowable-async-job-executor-thread-5616#
[PollExecuteTaskStatusExecution] af0ca01f-d4e0-461c-9763-2fd4c1f8f74f [2026-07-08T19:19:54.321220] }, (STDOUT, APP/TASK/deploy)#
#2026 07 08 19:20:12.403#Z#DEBUG#b2605f0d-7b01-11f1-81cb-eeee0a93546a.worksync-db-deployer#flowable-async-job-executor-thread-5616#
[PollExecuteTaskStatusExecution] af0ca01f-d4e0-461c-9763-2fd4c1f8f74f [2026-07-08T19:19:54.321222] "tags": [ (STDOUT, APP/TASK/deploy)#
#2026 07 08 19:20:12.403#Z#DEBUG#b2605f0d-7b01-11f1-81cb-eeee0a93546a.worksync-db-deployer#flowable-async-job-executor-thread-5616#
[PollExecuteTaskStatusExecution] af0ca01f-d4e0-461c-9763-2fd4c1f8f74f [2026-07-08T19:19:54.321224] "hana", (STDOUT, APP/TASK/deploy)#
#2026 07 08 19:20:12.403#Z#DEBUG#b2605f0d-7b01-11f1-81cb-eeee0a93546a.worksync-db-deployer#flowable-async-job-executor-thread-5616#
[PollExecuteTaskStatusExecution] af0ca01f-d4e0-461c-9763-2fd4c1f8f74f [2026-07-08T19:19:54.321225] "database", (STDOUT, APP/TASK/deploy)#
#2026 07 08 19:20:12.403#Z#DEBUG#b2605f0d-7b01-11f1-81cb-eeee0a93546a.worksync-db-deployer#flowable-async-job-executor-thread-5616#
[PollExecuteTaskStatusExecution] af0ca01f-d4e0-461c-9763-2fd4c1f8f74f [2026-07-08T19:19:54.321227] "relational" (STDOUT, APP/TASK/deploy)#
#2026 07 08 19:20:12.403#Z#DEBUG#b2605f0d-7b01-11f1-81cb-eeee0a93546a.worksync-db-deployer#flowable-async-job-executor-thread-5616#
[PollExecuteTaskStatusExecution] af0ca01f-d4e0-461c-9763-2fd4c1f8f74f [2026-07-08T19:19:54.321228] ] (STDOUT, APP/TASK/deploy)#
#2026 07 08 19:20:12.403#Z#DEBUG#b2605f0d-7b01-11f1-81cb-eeee0a93546a.worksync-db-deployer#flowable-async-job-executor-thread-5616#
[PollExecuteTaskStatusExecution] af0ca01f-d4e0-461c-9763-2fd4c1f8f74f [2026-07-08T19:19:54.321234] } (STDOUT, APP/TASK/deploy)#
#2026 07 08 19:20:12.403#Z#DEBUG#b2605f0d-7b01-11f1-81cb-eeee0a93546a.worksync-db-deployer#flowable-async-job-executor-thread-5616#
[PollExecuteTaskStatusExecution] af0ca01f-d4e0-461c-9763-2fd4c1f8f74f [2026-07-08T19:19:54.321236] ] (STDOUT, APP/TASK/deploy)#
#2026 07 08 19:20:12.403#Z#DEBUG#b2605f0d-7b01-11f1-81cb-eeee0a93546a.worksync-db-deployer#flowable-async-job-executor-thread-5616#
[PollExecuteTaskStatusExecution] af0ca01f-d4e0-461c-9763-2fd4c1f8f74f [2026-07-08T19:19:54.321238] } (STDOUT, APP/TASK/deploy)#
#2026 07 08 19:20:12.403#Z#DEBUG#b2605f0d-7b01-11f1-81cb-eeee0a93546a.worksync-db-deployer#flowable-async-job-executor-thread-5616#
[PollExecuteTaskStatusExecution] af0ca01f-d4e0-461c-9763-2fd4c1f8f74f [2026-07-08T19:19:54.654553] @sap/hdi-deploy, version 5.7.0 (mode default), server version 4.00.000.00.1780387709 (4.0.0.0), cloud version 2026.2.17, node version 22.22.2, HDI version 1016, container API version 1007 (STDOUT, APP/TASK/deploy)#
#2026 07 08 19:20:12.403#Z#DEBUG#b2605f0d-7b01-11f1-81cb-eeee0a93546a.worksync-db-deployer#flowable-async-job-executor-thread-5616#
[PollExecuteTaskStatusExecution] af0ca01f-d4e0-461c-9763-2fd4c1f8f74f [2026-07-08T19:19:54.654588] Deployment started at 2026-07-08 19:19:54 (STDOUT, APP/TASK/deploy)#
#2026 07 08 19:20:12.403#Z#DEBUG#b2605f0d-7b01-11f1-81cb-eeee0a93546a.worksync-db-deployer#flowable-async-job-executor-thread-5616#
[PollExecuteTaskStatusExecution] af0ca01f-d4e0-461c-9763-2fd4c1f8f74f [2026-07-08T19:19:54.654785] Using @sap/hana-client@2.29.23 for connection (STDOUT, APP/TASK/deploy)#
#2026 07 08 19:20:12.403#Z#DEBUG#b2605f0d-7b01-11f1-81cb-eeee0a93546a.worksync-db-deployer#flowable-async-job-executor-thread-5616#
[PollExecuteTaskStatusExecution] af0ca01f-d4e0-461c-9763-2fd4c1f8f74f [2026-07-08T19:19:54.670280] No ignore file at /home/vcap/app/.hdiignore. (STDOUT, APP/TASK/deploy)#
#2026 07 08 19:20:12.403#Z#DEBUG#b2605f0d-7b01-11f1-81cb-eeee0a93546a.worksync-db-deployer#flowable-async-job-executor-thread-5616#
[PollExecuteTaskStatusExecution] af0ca01f-d4e0-461c-9763-2fd4c1f8f74f [2026-07-08T19:19:54.670490] Collecting files... (STDOUT, APP/TASK/deploy)#
#2026 07 08 19:20:12.403#Z#DEBUG#b2605f0d-7b01-11f1-81cb-eeee0a93546a.worksync-db-deployer#flowable-async-job-executor-thread-5616#
[PollExecuteTaskStatusExecution] af0ca01f-d4e0-461c-9763-2fd4c1f8f74f [2026-07-08T19:19:54.674037] Collecting files... ok (0s 3ms) (STDOUT, APP/TASK/deploy)#
#2026 07 08 19:20:12.403#Z#DEBUG#b2605f0d-7b01-11f1-81cb-eeee0a93546a.worksync-db-deployer#flowable-async-job-executor-thread-5616#
[PollExecuteTaskStatusExecution] af0ca01f-d4e0-461c-9763-2fd4c1f8f74f [2026-07-08T19:19:54.674058] 4 directories collected (STDOUT, APP/TASK/deploy)#
#2026 07 08 19:20:12.403#Z#DEBUG#b2605f0d-7b01-11f1-81cb-eeee0a93546a.worksync-db-deployer#flowable-async-job-executor-thread-5616#
[PollExecuteTaskStatusExecution] af0ca01f-d4e0-461c-9763-2fd4c1f8f74f [2026-07-08T19:19:54.674180] 44 files collected (STDOUT, APP/TASK/deploy)#
#2026 07 08 19:20:12.403#Z#DEBUG#b2605f0d-7b01-11f1-81cb-eeee0a93546a.worksync-db-deployer#flowable-async-job-executor-thread-5616#
[PollExecuteTaskStatusExecution] af0ca01f-d4e0-461c-9763-2fd4c1f8f74f [2026-07-08T19:19:54.674201] 0 reusable modules collected (STDOUT, APP/TASK/deploy)#
#2026 07 08 19:20:12.403#Z#DEBUG#b2605f0d-7b01-11f1-81cb-eeee0a93546a.worksync-db-deployer#flowable-async-job-executor-thread-5616#
[PollExecuteTaskStatusExecution] af0ca01f-d4e0-461c-9763-2fd4c1f8f74f [2026-07-08T19:19:54.674226] Target service: WorkSync-db (STDOUT, APP/TASK/deploy)#
#2026 07 08 19:20:12.403#Z#DEBUG#b2605f0d-7b01-11f1-81cb-eeee0a93546a.worksync-db-deployer#flowable-async-job-executor-thread-5616#
[PollExecuteTaskStatusExecution] af0ca01f-d4e0-461c-9763-2fd4c1f8f74f [2026-07-08T19:19:54.733753] Session variable APPLICATION is set to "SAP_HDI/dev/9b59819ctrial". (STDOUT, APP/TASK/deploy)#
#2026 07 08 19:20:12.403#Z#DEBUG#b2605f0d-7b01-11f1-81cb-eeee0a93546a.worksync-db-deployer#flowable-async-job-executor-thread-5616#
[PollExecuteTaskStatusExecution] af0ca01f-d4e0-461c-9763-2fd4c1f8f74f [2026-07-08T19:19:54.825096] Previous build with request ID 651 finished at 2026-07-08 19:19:37.870948000 with status Canceled and message: Make failed (5 errors, 0 warnings): tried to deploy 1 files, undeploy 0 files, redeploy 0 dependent files. (STDOUT, APP/TASK/deploy)#
#2026 07 08 19:20:12.403#Z#DEBUG#b2605f0d-7b01-11f1-81cb-eeee0a93546a.worksync-db-deployer#flowable-async-job-executor-thread-5616#
[PollExecuteTaskStatusExecution] af0ca01f-d4e0-461c-9763-2fd4c1f8f74f [2026-07-08T19:19:54.825197] Processing revoke files... (STDOUT, APP/TASK/deploy)#
#2026 07 08 19:20:12.403#Z#DEBUG#b2605f0d-7b01-11f1-81cb-eeee0a93546a.worksync-db-deployer#flowable-async-job-executor-thread-5616#
[PollExecuteTaskStatusExecution] af0ca01f-d4e0-461c-9763-2fd4c1f8f74f [2026-07-08T19:19:54.825215] Processing revoke files... ok (0s 0ms) (STDOUT, APP/TASK/deploy)#
#2026 07 08 19:20:12.403#Z#DEBUG#b2605f0d-7b01-11f1-81cb-eeee0a93546a.worksync-db-deployer#flowable-async-job-executor-thread-5616#
[PollExecuteTaskStatusExecution] af0ca01f-d4e0-461c-9763-2fd4c1f8f74f [2026-07-08T19:19:54.825335] Processing grants files... (STDOUT, APP/TASK/deploy)#
#2026 07 08 19:20:12.403#Z#DEBUG#b2605f0d-7b01-11f1-81cb-eeee0a93546a.worksync-db-deployer#flowable-async-job-executor-thread-5616#
[PollExecuteTaskStatusExecution] af0ca01f-d4e0-461c-9763-2fd4c1f8f74f [2026-07-08T19:19:54.825425] Processing grants files... ok (0s 0ms) (STDOUT, APP/TASK/deploy)#
#2026 07 08 19:20:12.403#Z#DEBUG#b2605f0d-7b01-11f1-81cb-eeee0a93546a.worksync-db-deployer#flowable-async-job-executor-thread-5616#
[PollExecuteTaskStatusExecution] af0ca01f-d4e0-461c-9763-2fd4c1f8f74f [2026-07-08T19:19:54.827042] Preprocessing files... (STDOUT, APP/TASK/deploy)#
#2026 07 08 19:20:12.403#Z#DEBUG#b2605f0d-7b01-11f1-81cb-eeee0a93546a.worksync-db-deployer#flowable-async-job-executor-thread-5616#
[PollExecuteTaskStatusExecution] af0ca01f-d4e0-461c-9763-2fd4c1f8f74f [2026-07-08T19:19:54.827214] Preprocessing files... ok (0s 0ms) (STDOUT, APP/TASK/deploy)#
#2026 07 08 19:20:12.403#Z#DEBUG#b2605f0d-7b01-11f1-81cb-eeee0a93546a.worksync-db-deployer#flowable-async-job-executor-thread-5616#
[PollExecuteTaskStatusExecution] af0ca01f-d4e0-461c-9763-2fd4c1f8f74f [2026-07-08T19:19:54.827249] Connecting to the container "CA770484662044719A53B82EF7610ED4"... (STDOUT, APP/TASK/deploy)#
#2026 07 08 19:20:12.403#Z#DEBUG#b2605f0d-7b01-11f1-81cb-eeee0a93546a.worksync-db-deployer#flowable-async-job-executor-thread-5616#
[PollExecuteTaskStatusExecution] af0ca01f-d4e0-461c-9763-2fd4c1f8f74f [2026-07-08T19:19:54.919911] Connecting to the container "CA770484662044719A53B82EF7610ED4"... ok (0s 93ms) (STDOUT, APP/TASK/deploy)#
#2026 07 08 19:20:12.403#Z#DEBUG#b2605f0d-7b01-11f1-81cb-eeee0a93546a.worksync-db-deployer#flowable-async-job-executor-thread-5616#
[PollExecuteTaskStatusExecution] af0ca01f-d4e0-461c-9763-2fd4c1f8f74f [2026-07-08T19:19:54.919930] Locking the container "CA770484662044719A53B82EF7610ED4"... (STDOUT, APP/TASK/deploy)#
#2026 07 08 19:20:12.403#Z#DEBUG#b2605f0d-7b01-11f1-81cb-eeee0a93546a.worksync-db-deployer#flowable-async-job-executor-thread-5616#
[PollExecuteTaskStatusExecution] af0ca01f-d4e0-461c-9763-2fd4c1f8f74f [2026-07-08T19:19:55.049302] Locking the container "CA770484662044719A53B82EF7610ED4"... ok (0s 129ms) (STDOUT, APP/TASK/deploy)#
#2026 07 08 19:20:12.403#Z#DEBUG#b2605f0d-7b01-11f1-81cb-eeee0a93546a.worksync-db-deployer#flowable-async-job-executor-thread-5616#
[PollExecuteTaskStatusExecution] af0ca01f-d4e0-461c-9763-2fd4c1f8f74f [2026-07-08T19:19:55.049326] Synchronizing files with the container "CA770484662044719A53B82EF7610ED4"... (STDOUT, APP/TASK/deploy)#
#2026 07 08 19:20:12.403#Z#DEBUG#b2605f0d-7b01-11f1-81cb-eeee0a93546a.worksync-db-deployer#flowable-async-job-executor-thread-5616#
[PollExecuteTaskStatusExecution] af0ca01f-d4e0-461c-9763-2fd4c1f8f74f [2026-07-08T19:19:55.287826] Deleting files... (STDOUT, APP/TASK/deploy)#
#2026 07 08 19:20:12.403#Z#DEBUG#b2605f0d-7b01-11f1-81cb-eeee0a93546a.worksync-db-deployer#flowable-async-job-executor-thread-5616#
[PollExecuteTaskStatusExecution] af0ca01f-d4e0-461c-9763-2fd4c1f8f74f [2026-07-08T19:19:55.450461] Deleting files... ok (STDOUT, APP/TASK/deploy)#
#2026 07 08 19:20:12.403#Z#DEBUG#b2605f0d-7b01-11f1-81cb-eeee0a93546a.worksync-db-deployer#flowable-async-job-executor-thread-5616#
[PollExecuteTaskStatusExecution] af0ca01f-d4e0-461c-9763-2fd4c1f8f74f [2026-07-08T19:19:55.450576] Writing files... (STDOUT, APP/TASK/deploy)#
#2026 07 08 19:20:12.403#Z#DEBUG#b2605f0d-7b01-11f1-81cb-eeee0a93546a.worksync-db-deployer#flowable-async-job-executor-thread-5616#
[PollExecuteTaskStatusExecution] af0ca01f-d4e0-461c-9763-2fd4c1f8f74f [2026-07-08T19:19:55.450729] Writing 5 items (STDOUT, APP/TASK/deploy)#
#2026 07 08 19:20:12.403#Z#DEBUG#b2605f0d-7b01-11f1-81cb-eeee0a93546a.worksync-db-deployer#flowable-async-job-executor-thread-5616#
[PollExecuteTaskStatusExecution] af0ca01f-d4e0-461c-9763-2fd4c1f8f74f [2026-07-08T19:19:55.619158] Writing files... ok (STDOUT, APP/TASK/deploy)#
#2026 07 08 19:20:12.403#Z#DEBUG#b2605f0d-7b01-11f1-81cb-eeee0a93546a.worksync-db-deployer#flowable-async-job-executor-thread-5616#
[PollExecuteTaskStatusExecution] af0ca01f-d4e0-461c-9763-2fd4c1f8f74f [2026-07-08T19:19:55.619182] Synchronizing files with the container "CA770484662044719A53B82EF7610ED4"... ok (0s 570ms) (STDOUT, APP/TASK/deploy)#
#2026 07 08 19:20:12.403#Z#DEBUG#b2605f0d-7b01-11f1-81cb-eeee0a93546a.worksync-db-deployer#flowable-async-job-executor-thread-5616#
[PollExecuteTaskStatusExecution] af0ca01f-d4e0-461c-9763-2fd4c1f8f74f [2026-07-08T19:19:55.619441] added files: [ (STDOUT, APP/TASK/deploy)#
#2026 07 08 19:20:12.403#Z#DEBUG#b2605f0d-7b01-11f1-81cb-eeee0a93546a.worksync-db-deployer#flowable-async-job-executor-thread-5616#
[PollExecuteTaskStatusExecution] af0ca01f-d4e0-461c-9763-2fd4c1f8f74f [2026-07-08T19:19:55.619454] "src/views/CV_RESOURCE_FORECAST.hdbcalculationview" (STDOUT, APP/TASK/deploy)#
#2026 07 08 19:20:12.403#Z#DEBUG#b2605f0d-7b01-11f1-81cb-eeee0a93546a.worksync-db-deployer#flowable-async-job-executor-thread-5616#
[PollExecuteTaskStatusExecution] af0ca01f-d4e0-461c-9763-2fd4c1f8f74f [2026-07-08T19:19:55.619457] ] (STDOUT, APP/TASK/deploy)#
#2026 07 08 19:20:12.403#Z#DEBUG#b2605f0d-7b01-11f1-81cb-eeee0a93546a.worksync-db-deployer#flowable-async-job-executor-thread-5616#
[PollExecuteTaskStatusExecution] af0ca01f-d4e0-461c-9763-2fd4c1f8f74f [2026-07-08T19:19:55.619463] modified files: [] (STDOUT, APP/TASK/deploy)#
#2026 07 08 19:20:12.403#Z#DEBUG#b2605f0d-7b01-11f1-81cb-eeee0a93546a.worksync-db-deployer#flowable-async-job-executor-thread-5616#
[PollExecuteTaskStatusExecution] af0ca01f-d4e0-461c-9763-2fd4c1f8f74f [2026-07-08T19:19:55.619590] Undeploy allowlist file "undeploy.json" not found; an empty allowlist is used and no files will be scheduled for undeploy (STDOUT, APP/TASK/deploy)#
#2026 07 08 19:20:12.403#Z#DEBUG#b2605f0d-7b01-11f1-81cb-eeee0a93546a.worksync-db-deployer#flowable-async-job-executor-thread-5616#
[PollExecuteTaskStatusExecution] af0ca01f-d4e0-461c-9763-2fd4c1f8f74f [2026-07-08T19:19:55.619762] deleted files: [] (STDOUT, APP/TASK/deploy)#
#2026 07 08 19:20:12.403#Z#DEBUG#b2605f0d-7b01-11f1-81cb-eeee0a93546a.worksync-db-deployer#flowable-async-job-executor-thread-5616#
[PollExecuteTaskStatusExecution] af0ca01f-d4e0-461c-9763-2fd4c1f8f74f [2026-07-08T19:19:55.619827] WARNING: deleted files not in undeploy.json: [ (STDOUT, APP/TASK/deploy)#
#2026 07 08 19:20:12.403#Z#DEBUG#b2605f0d-7b01-11f1-81cb-eeee0a93546a.worksync-db-deployer#flowable-async-job-executor-thread-5616#
[PollExecuteTaskStatusExecution] af0ca01f-d4e0-461c-9763-2fd4c1f8f74f [2026-07-08T19:19:55.619839] "src/gen/UserInfoService.UserInfo.hdbtable" (STDOUT, APP/TASK/deploy)#
#2026 07 08 19:20:12.403#Z#DEBUG#b2605f0d-7b01-11f1-81cb-eeee0a93546a.worksync-db-deployer#flowable-async-job-executor-thread-5616#
[PollExecuteTaskStatusExecution] af0ca01f-d4e0-461c-9763-2fd4c1f8f74f [2026-07-08T19:19:55.619845] ] (STDOUT, APP/TASK/deploy)#
#2026 07 08 19:20:12.403#Z#DEBUG#b2605f0d-7b01-11f1-81cb-eeee0a93546a.worksync-db-deployer#flowable-async-job-executor-thread-5616#
[PollExecuteTaskStatusExecution] af0ca01f-d4e0-461c-9763-2fd4c1f8f74f [2026-07-08T19:19:55.619930] 1 modified or added files are scheduled for deploy based on delta detection (STDOUT, APP/TASK/deploy)#
#2026 07 08 19:20:12.403#Z#DEBUG#b2605f0d-7b01-11f1-81cb-eeee0a93546a.worksync-db-deployer#flowable-async-job-executor-thread-5616#
[PollExecuteTaskStatusExecution] af0ca01f-d4e0-461c-9763-2fd4c1f8f74f [2026-07-08T19:19:55.620149] 0 deleted files are scheduled for undeploy based on delta detection (filtered by undeploy allowlist) (STDOUT, APP/TASK/deploy)#
#2026 07 08 19:20:12.403#Z#DEBUG#b2605f0d-7b01-11f1-81cb-eeee0a93546a.worksync-db-deployer#flowable-async-job-executor-thread-5616#
[PollExecuteTaskStatusExecution] af0ca01f-d4e0-461c-9763-2fd4c1f8f74f [2026-07-08T19:19:55.620178] 0 files are scheduled for deploy based on explicit specification (STDOUT, APP/TASK/deploy)#
#2026 07 08 19:20:12.403#Z#DEBUG#b2605f0d-7b01-11f1-81cb-eeee0a93546a.worksync-db-deployer#flowable-async-job-executor-thread-5616#
[PollExecuteTaskStatusExecution] af0ca01f-d4e0-461c-9763-2fd4c1f8f74f [2026-07-08T19:19:55.620229] 0 files are scheduled for undeploy based on explicit specification (STDOUT, APP/TASK/deploy)#
#2026 07 08 19:20:12.403#Z#DEBUG#b2605f0d-7b01-11f1-81cb-eeee0a93546a.worksync-db-deployer#flowable-async-job-executor-thread-5616#
[PollExecuteTaskStatusExecution] af0ca01f-d4e0-461c-9763-2fd4c1f8f74f [2026-07-08T19:19:55.620302] Deploying to the container "CA770484662044719A53B82EF7610ED4"... (STDOUT, APP/TASK/deploy)#
#2026 07 08 19:20:12.403#Z#DEBUG#b2605f0d-7b01-11f1-81cb-eeee0a93546a.worksync-db-deployer#flowable-async-job-executor-thread-5616#
[PollExecuteTaskStatusExecution] af0ca01f-d4e0-461c-9763-2fd4c1f8f74f [2026-07-08T19:19:55.990296] Starting make in the container "CA770484662044719A53B82EF7610ED4" with 1 files to deploy, 0 files to undeploy... (STDOUT, APP/TASK/deploy)#
#2026 07 08 19:20:12.403#Z#DEBUG#b2605f0d-7b01-11f1-81cb-eeee0a93546a.worksync-db-deployer#flowable-async-job-executor-thread-5616#
[PollExecuteTaskStatusExecution] af0ca01f-d4e0-461c-9763-2fd4c1f8f74f [2026-07-08T19:19:55.990320] Disabling table replication for the container schema "CA770484662044719A53B82EF7610ED4"... (STDOUT, APP/TASK/deploy)#
#2026 07 08 19:20:12.403#Z#DEBUG#b2605f0d-7b01-11f1-81cb-eeee0a93546a.worksync-db-deployer#flowable-async-job-executor-thread-5616#
[PollExecuteTaskStatusExecution] af0ca01f-d4e0-461c-9763-2fd4c1f8f74f [2026-07-08T19:19:55.990328] Disabling table replication for the container schema "CA770484662044719A53B82EF7610ED4"... ok (0s 9ms) (STDOUT, APP/TASK/deploy)#
#2026 07 08 19:20:12.403#Z#DEBUG#b2605f0d-7b01-11f1-81cb-eeee0a93546a.worksync-db-deployer#flowable-async-job-executor-thread-5616#
[PollExecuteTaskStatusExecution] af0ca01f-d4e0-461c-9763-2fd4c1f8f74f [2026-07-08T19:19:55.990382] Migrating libraries... (STDOUT, APP/TASK/deploy)#
#2026 07 08 19:20:12.403#Z#DEBUG#b2605f0d-7b01-11f1-81cb-eeee0a93546a.worksync-db-deployer#flowable-async-job-executor-thread-5616#
[PollExecuteTaskStatusExecution] af0ca01f-d4e0-461c-9763-2fd4c1f8f74f [2026-07-08T19:19:55.990388] Migrating libraries... ok (0s 8ms) (STDOUT, APP/TASK/deploy)#
#2026 07 08 19:20:12.403#Z#DEBUG#b2605f0d-7b01-11f1-81cb-eeee0a93546a.worksync-db-deployer#flowable-async-job-executor-thread-5616#
[PollExecuteTaskStatusExecution] af0ca01f-d4e0-461c-9763-2fd4c1f8f74f [2026-07-08T19:19:55.990391] Making... (STDOUT, APP/TASK/deploy)#
#2026 07 08 19:20:12.403#Z#DEBUG#b2605f0d-7b01-11f1-81cb-eeee0a93546a.worksync-db-deployer#flowable-async-job-executor-thread-5616#
[PollExecuteTaskStatusExecution] af0ca01f-d4e0-461c-9763-2fd4c1f8f74f [2026-07-08T19:19:55.990402] Preparing... (STDOUT, APP/TASK/deploy)#
#2026 07 08 19:20:12.403#Z#DEBUG#b2605f0d-7b01-11f1-81cb-eeee0a93546a.worksync-db-deployer#flowable-async-job-executor-thread-5616#
[PollExecuteTaskStatusExecution] af0ca01f-d4e0-461c-9763-2fd4c1f8f74f [2026-07-08T19:19:55.990405] Preparing the make transaction... (STDOUT, APP/TASK/deploy)#
#2026 07 08 19:20:12.403#Z#DEBUG#b2605f0d-7b01-11f1-81cb-eeee0a93546a.worksync-db-deployer#flowable-async-job-executor-thread-5616#
[PollExecuteTaskStatusExecution] af0ca01f-d4e0-461c-9763-2fd4c1f8f74f [2026-07-08T19:19:55.990414] Adding "src/views/CV_RESOURCE_FORECAST.hdbcalculationview" for deploy... (STDOUT, APP/TASK/deploy)#
#2026 07 08 19:20:12.403#Z#DEBUG#b2605f0d-7b01-11f1-81cb-eeee0a93546a.worksync-db-deployer#flowable-async-job-executor-thread-5616#
[PollExecuteTaskStatusExecution] af0ca01f-d4e0-461c-9763-2fd4c1f8f74f [2026-07-08T19:19:55.990511] Preparing the make transaction... ok (0s 18ms) (STDOUT, APP/TASK/deploy)#
#2026 07 08 19:20:12.403#Z#DEBUG#b2605f0d-7b01-11f1-81cb-eeee0a93546a.worksync-db-deployer#flowable-async-job-executor-thread-5616#
[PollExecuteTaskStatusExecution] af0ca01f-d4e0-461c-9763-2fd4c1f8f74f [2026-07-08T19:19:55.990528] Adding "src/views/CV_RESOURCE_FORECAST.hdbcalculationview" for deploy... ok (0s 31ms) (STDOUT, APP/TASK/deploy)#
#2026 07 08 19:20:12.403#Z#DEBUG#b2605f0d-7b01-11f1-81cb-eeee0a93546a.worksync-db-deployer#flowable-async-job-executor-thread-5616#
[PollExecuteTaskStatusExecution] af0ca01f-d4e0-461c-9763-2fd4c1f8f74f [2026-07-08T19:19:55.990531] Preparing... ok (0s 69ms) (STDOUT, APP/TASK/deploy)#
#2026 07 08 19:20:12.403#Z#DEBUG#b2605f0d-7b01-11f1-81cb-eeee0a93546a.worksync-db-deployer#flowable-async-job-executor-thread-5616#
[PollExecuteTaskStatusExecution] af0ca01f-d4e0-461c-9763-2fd4c1f8f74f [2026-07-08T19:19:55.990534] Calculating dependencies... (STDOUT, APP/TASK/deploy)#
#2026 07 08 19:20:12.403#Z#DEBUG#b2605f0d-7b01-11f1-81cb-eeee0a93546a.worksync-db-deployer#flowable-async-job-executor-thread-5616#
[PollExecuteTaskStatusExecution] af0ca01f-d4e0-461c-9763-2fd4c1f8f74f [2026-07-08T19:19:55.990537] Expanding... (STDOUT, APP/TASK/deploy)#
#2026 07 08 19:20:12.403#Z#DEBUG#b2605f0d-7b01-11f1-81cb-eeee0a93546a.worksync-db-deployer#flowable-async-job-executor-thread-5616#
[PollExecuteTaskStatusExecution] af0ca01f-d4e0-461c-9763-2fd4c1f8f74f [2026-07-08T19:19:55.990562] Expanding... ok (0s 7ms) (STDOUT, APP/TASK/deploy)#
#2026 07 08 19:20:12.403#Z#DEBUG#b2605f0d-7b01-11f1-81cb-eeee0a93546a.worksync-db-deployer#flowable-async-job-executor-thread-5616#
[PollExecuteTaskStatusExecution] af0ca01f-d4e0-461c-9763-2fd4c1f8f74f [2026-07-08T19:19:55.990565] Precompiling... (STDOUT, APP/TASK/deploy)#
#2026 07 08 19:20:12.403#Z#DEBUG#b2605f0d-7b01-11f1-81cb-eeee0a93546a.worksync-db-deployer#flowable-async-job-executor-thread-5616#
[PollExecuteTaskStatusExecution] af0ca01f-d4e0-461c-9763-2fd4c1f8f74f [2026-07-08T19:19:55.990572] Precompiling "src/views/CV_RESOURCE_FORECAST.hdbcalculationview"... (STDOUT, APP/TASK/deploy)#
#2026 07 08 19:20:12.404#Z#DEBUG#b2605f0d-7b01-11f1-81cb-eeee0a93546a.worksync-db-deployer#flowable-async-job-executor-thread-5616#
[PollExecuteTaskStatusExecution] af0ca01f-d4e0-461c-9763-2fd4c1f8f74f [2026-07-08T19:19:55.990720] at "src/views/CV_RESOURCE_FORECAST.hdbcalculationview" (0:0) (STDOUT, APP/TASK/deploy)#
#2026 07 08 19:20:12.404#Z#DEBUG#b2605f0d-7b01-11f1-81cb-eeee0a93546a.worksync-db-deployer#flowable-async-job-executor-thread-5616#
[PollExecuteTaskStatusExecution] af0ca01f-d4e0-461c-9763-2fd4c1f8f74f [2026-07-08T19:19:55.990746] Error: com.sap.hana.di.calculationview: No measures defined in a cube [170109] (STDERR, APP/TASK/deploy)#
#2026 07 08 19:20:12.404#Z#DEBUG#b2605f0d-7b01-11f1-81cb-eeee0a93546a.worksync-db-deployer#flowable-async-job-executor-thread-5616#
[PollExecuteTaskStatusExecution] af0ca01f-d4e0-461c-9763-2fd4c1f8f74f [2026-07-08T19:19:55.990747] Make failed (5 errors, 0 warnings): tried to deploy 1 files, undeploy 0 files, redeploy 0 dependent files (STDOUT, APP/TASK/deploy)#
#2026 07 08 19:20:12.404#Z#DEBUG#b2605f0d-7b01-11f1-81cb-eeee0a93546a.worksync-db-deployer#flowable-async-job-executor-thread-5616#
[PollExecuteTaskStatusExecution] af0ca01f-d4e0-461c-9763-2fd4c1f8f74f [2026-07-08T19:19:55.990875] Error: Precompiling... failed [8212133] (STDERR, APP/TASK/deploy)#
#2026 07 08 19:20:12.404#Z#DEBUG#b2605f0d-7b01-11f1-81cb-eeee0a93546a.worksync-db-deployer#flowable-async-job-executor-thread-5616#
[PollExecuteTaskStatusExecution] af0ca01f-d4e0-461c-9763-2fd4c1f8f74f [2026-07-08T19:19:55.990909] Error: Calculating dependencies... failed [8212108] (STDERR, APP/TASK/deploy)#
#2026 07 08 19:20:12.404#Z#DEBUG#b2605f0d-7b01-11f1-81cb-eeee0a93546a.worksync-db-deployer#flowable-async-job-executor-thread-5616#
[PollExecuteTaskStatusExecution] af0ca01f-d4e0-461c-9763-2fd4c1f8f74f [2026-07-08T19:19:55.990914] Error: Making... failed [8211605] (STDERR, APP/TASK/deploy)#
#2026 07 08 19:20:12.404#Z#DEBUG#b2605f0d-7b01-11f1-81cb-eeee0a93546a.worksync-db-deployer#flowable-async-job-executor-thread-5616#
[PollExecuteTaskStatusExecution] af0ca01f-d4e0-461c-9763-2fd4c1f8f74f [2026-07-08T19:19:55.990921] Error: Starting make in the container "CA770484662044719A53B82EF7610ED4" with 1 files to deploy, 0 files to undeploy... failed [8214168] (STDERR, APP/TASK/deploy)#
#2026 07 08 19:20:12.404#Z#DEBUG#b2605f0d-7b01-11f1-81cb-eeee0a93546a.worksync-db-deployer#flowable-async-job-executor-thread-5616#
[PollExecuteTaskStatusExecution] af0ca01f-d4e0-461c-9763-2fd4c1f8f74f [2026-07-08T19:19:55.991161] Deployment to container CA770484662044719A53B82EF7610ED4 failed - error: HDI make failed [Deployment ID: none]. (STDERR, APP/TASK/deploy)#
#2026 07 08 19:20:12.404#Z#DEBUG#b2605f0d-7b01-11f1-81cb-eeee0a93546a.worksync-db-deployer#flowable-async-job-executor-thread-5616#
[PollExecuteTaskStatusExecution] af0ca01f-d4e0-461c-9763-2fd4c1f8f74f [2026-07-08T19:19:55.991824] Deployment ended at 2026-07-08 19:19:55 (STDOUT, APP/TASK/deploy)#
#2026 07 08 19:20:12.404#Z#DEBUG#b2605f0d-7b01-11f1-81cb-eeee0a93546a.worksync-db-deployer#flowable-async-job-executor-thread-5616#
[PollExecuteTaskStatusExecution] af0ca01f-d4e0-461c-9763-2fd4c1f8f74f [2026-07-08T19:19:55.991850] Error: HDI make failed (STDERR, APP/TASK/deploy)#
#2026 07 08 19:20:12.404#Z#DEBUG#b2605f0d-7b01-11f1-81cb-eeee0a93546a.worksync-db-deployer#flowable-async-job-executor-thread-5616#
[PollExecuteTaskStatusExecution] af0ca01f-d4e0-461c-9763-2fd4c1f8f74f [2026-07-08T19:19:55.992373] (1s 748ms) (STDOUT, APP/TASK/deploy)#
#2026 07 08 19:20:12.404#Z#DEBUG#b2605f0d-7b01-11f1-81cb-eeee0a93546a.worksync-db-deployer#flowable-async-job-executor-thread-5616#
[PollExecuteTaskStatusExecution] af0ca01f-d4e0-461c-9763-2fd4c1f8f74f [2026-07-08T19:19:56.003487] npm notice (STDERR, APP/TASK/deploy)#
#2026 07 08 19:20:12.404#Z#DEBUG#b2605f0d-7b01-11f1-81cb-eeee0a93546a.worksync-db-deployer#flowable-async-job-executor-thread-5616#
[PollExecuteTaskStatusExecution] af0ca01f-d4e0-461c-9763-2fd4c1f8f74f [2026-07-08T19:19:56.003505] npm notice New major version of npm available! 10.9.7 -> 11.18.0 (STDERR, APP/TASK/deploy)#
#2026 07 08 19:20:12.404#Z#DEBUG#b2605f0d-7b01-11f1-81cb-eeee0a93546a.worksync-db-deployer#flowable-async-job-executor-thread-5616#
[PollExecuteTaskStatusExecution] af0ca01f-d4e0-461c-9763-2fd4c1f8f74f [2026-07-08T19:19:56.003516] npm notice Changelog: https://github.com/npm/cli/releases/tag/v11.18.0 (STDERR, APP/TASK/deploy)#
#2026 07 08 19:20:12.404#Z#DEBUG#b2605f0d-7b01-11f1-81cb-eeee0a93546a.worksync-db-deployer#flowable-async-job-executor-thread-5616#
[PollExecuteTaskStatusExecution] af0ca01f-d4e0-461c-9763-2fd4c1f8f74f [2026-07-08T19:19:56.003521] npm notice To update run: npm install -g npm@11.18.0 (STDERR, APP/TASK/deploy)#
#2026 07 08 19:20:12.404#Z#DEBUG#b2605f0d-7b01-11f1-81cb-eeee0a93546a.worksync-db-deployer#flowable-async-job-executor-thread-5616#
[PollExecuteTaskStatusExecution] af0ca01f-d4e0-461c-9763-2fd4c1f8f74f [2026-07-08T19:19:56.003529] npm notice (STDERR, APP/TASK/deploy)#
#2026 07 08 19:20:12.404#Z#DEBUG#b2605f0d-7b01-11f1-81cb-eeee0a93546a.worksync-db-deployer#flowable-async-job-executor-thread-5616#
[PollExecuteTaskStatusExecution] af0ca01f-d4e0-461c-9763-2fd4c1f8f74f [2026-07-08T19:19:56.055764] Exit status 1 (STDOUT, APP/TASK/deploy)#
#2026 07 08 19:20:12.404#Z#DEBUG#b2605f0d-7b01-11f1-81cb-eeee0a93546a.worksync-db-deployer#flowable-async-job-executor-thread-5616#
[PollExecuteTaskStatusExecution] af0ca01f-d4e0-461c-9763-2fd4c1f8f74f [2026-07-08T19:19:56.516595] Cell 77283d80-dfa7-40ba-ba4e-265aef112085 stopping instance 6c9e8d16-144b-4459-8829-1180f44631c8 (STDOUT, CELL)#
#2026 07 08 19:20:12.404#Z#DEBUG#b2605f0d-7b01-11f1-81cb-eeee0a93546a.worksync-db-deployer#flowable-async-job-executor-thread-5616#
[PollExecuteTaskStatusExecution] af0ca01f-d4e0-461c-9763-2fd4c1f8f74f [2026-07-08T19:19:56.516627] Cell 77283d80-dfa7-40ba-ba4e-265aef112085 destroying container for instance 6c9e8d16-144b-4459-8829-1180f44631c8 (STDOUT, CELL)#
#2026 07 08 19:20:12.404#Z#DEBUG#b2605f0d-7b01-11f1-81cb-eeee0a93546a.worksync-db-deployer#flowable-async-job-executor-thread-5616#
[PollExecuteTaskStatusExecution] af0ca01f-d4e0-461c-9763-2fd4c1f8f74f [2026-07-08T19:19:58.221723] Cell 77283d80-dfa7-40ba-ba4e-265aef112085 successfully destroyed container for instance 6c9e8d16-144b-4459-8829-1180f44631c8 (STDOUT, CELL)#
#2026 07 08 19:20:12.404#Z#DEBUG#b2605f0d-7b01-11f1-81cb-eeee0a93546a.worksync-db-deployer#flowable-async-job-executor-thread-5616#
[PollExecuteTaskStatusExecution] af0ca01f-d4e0-461c-9763-2fd4c1f8f74f [2026-07-08T19:20:04.269340] Cell d1cc041a-d5a1-41d6-b9f6-6cda736ce3f0 creating container for instance 14988c20-caf0-45ce-92ba-0b7f8c9fda7a (STDOUT, CELL)#
#2026 07 08 19:20:12.404#Z#DEBUG#b2605f0d-7b01-11f1-81cb-eeee0a93546a.worksync-db-deployer#flowable-async-job-executor-thread-5616#
[PollExecuteTaskStatusExecution] af0ca01f-d4e0-461c-9763-2fd4c1f8f74f [2026-07-08T19:20:05.615725] Security group rules were updated (STDOUT, CELL)#
#2026 07 08 19:20:12.404#Z#DEBUG#b2605f0d-7b01-11f1-81cb-eeee0a93546a.worksync-db-deployer#flowable-async-job-executor-thread-5616#
[PollExecuteTaskStatusExecution] af0ca01f-d4e0-461c-9763-2fd4c1f8f74f [2026-07-08T19:20:05.734536] Cell d1cc041a-d5a1-41d6-b9f6-6cda736ce3f0 successfully created container for instance 14988c20-caf0-45ce-92ba-0b7f8c9fda7a (STDOUT, CELL)#
#2026 07 08 19:20:22.514#Z#DEBUG#b2605f0d-7b01-11f1-81cb-eeee0a93546a.worksync-db-deployer#flowable-async-job-executor-thread-4437#
[PollExecuteTaskStatusExecution] af0ca01f-d4e0-461c-9763-2fd4c1f8f74f [2026-07-08T19:20:13.151080] Invoking pre-start scripts. (STDOUT, APP/TASK/deploy)#
#2026 07 08 19:20:22.514#Z#DEBUG#b2605f0d-7b01-11f1-81cb-eeee0a93546a.worksync-db-deployer#flowable-async-job-executor-thread-4437#
[PollExecuteTaskStatusExecution] af0ca01f-d4e0-461c-9763-2fd4c1f8f74f [2026-07-08T19:20:13.401400] Invoking start command. (STDOUT, APP/TASK/deploy)#
#2026 07 08 19:20:22.514#Z#DEBUG#b2605f0d-7b01-11f1-81cb-eeee0a93546a.worksync-db-deployer#flowable-async-job-executor-thread-4437#
[PollExecuteTaskStatusExecution] af0ca01f-d4e0-461c-9763-2fd4c1f8f74f [2026-07-08T19:20:13.921075] > start (STDOUT, APP/TASK/deploy)#
#2026 07 08 19:20:22.514#Z#DEBUG#b2605f0d-7b01-11f1-81cb-eeee0a93546a.worksync-db-deployer#flowable-async-job-executor-thread-4437#
[PollExecuteTaskStatusExecution] af0ca01f-d4e0-461c-9763-2fd4c1f8f74f [2026-07-08T19:20:13.921106] > node node_modules/@sap/hdi-deploy/deploy.js (STDOUT, APP/TASK/deploy)#
#2026 07 08 19:20:22.514#Z#DEBUG#b2605f0d-7b01-11f1-81cb-eeee0a93546a.worksync-db-deployer#flowable-async-job-executor-thread-4437#
[PollExecuteTaskStatusExecution] af0ca01f-d4e0-461c-9763-2fd4c1f8f74f [2026-07-08T19:20:14.237255] VCAP_SERVICES: (STDOUT, APP/TASK/deploy)#
#2026 07 08 19:20:22.514#Z#DEBUG#b2605f0d-7b01-11f1-81cb-eeee0a93546a.worksync-db-deployer#flowable-async-job-executor-thread-4437#
[PollExecuteTaskStatusExecution] af0ca01f-d4e0-461c-9763-2fd4c1f8f74f [2026-07-08T19:20:14.237934] { (STDOUT, APP/TASK/deploy)#
#2026 07 08 19:20:22.514#Z#DEBUG#b2605f0d-7b01-11f1-81cb-eeee0a93546a.worksync-db-deployer#flowable-async-job-executor-thread-4437#
[PollExecuteTaskStatusExecution] af0ca01f-d4e0-461c-9763-2fd4c1f8f74f [2026-07-08T19:20:14.237949] "hana": [ (STDOUT, APP/TASK/deploy)#
#2026 07 08 19:20:22.514#Z#DEBUG#b2605f0d-7b01-11f1-81cb-eeee0a93546a.worksync-db-deployer#flowable-async-job-executor-thread-4437#
[PollExecuteTaskStatusExecution] af0ca01f-d4e0-461c-9763-2fd4c1f8f74f [2026-07-08T19:20:14.237952] { (STDOUT, APP/TASK/deploy)#
#2026 07 08 19:20:22.514#Z#DEBUG#b2605f0d-7b01-11f1-81cb-eeee0a93546a.worksync-db-deployer#flowable-async-job-executor-thread-4437#
[PollExecuteTaskStatusExecution] af0ca01f-d4e0-461c-9763-2fd4c1f8f74f [2026-07-08T19:20:14.237993] "name": "WorkSync-db", (STDOUT, APP/TASK/deploy)#
#2026 07 08 19:20:22.514#Z#DEBUG#b2605f0d-7b01-11f1-81cb-eeee0a93546a.worksync-db-deployer#flowable-async-job-executor-thread-4437#
[PollExecuteTaskStatusExecution] af0ca01f-d4e0-461c-9763-2fd4c1f8f74f [2026-07-08T19:20:14.237997] "label": "hana", (STDOUT, APP/TASK/deploy)#
#2026 07 08 19:20:22.514#Z#DEBUG#b2605f0d-7b01-11f1-81cb-eeee0a93546a.worksync-db-deployer#flowable-async-job-executor-thread-4437#
[PollExecuteTaskStatusExecution] af0ca01f-d4e0-461c-9763-2fd4c1f8f74f [2026-07-08T19:20:14.237999] "plan": "hdi-shared", (STDOUT, APP/TASK/deploy)#
#2026 07 08 19:20:22.514#Z#DEBUG#b2605f0d-7b01-11f1-81cb-eeee0a93546a.worksync-db-deployer#flowable-async-job-executor-thread-4437#
[PollExecuteTaskStatusExecution] af0ca01f-d4e0-461c-9763-2fd4c1f8f74f [2026-07-08T19:20:14.238006] "credentials": { (STDOUT, APP/TASK/deploy)#
#2026 07 08 19:20:22.514#Z#DEBUG#b2605f0d-7b01-11f1-81cb-eeee0a93546a.worksync-db-deployer#flowable-async-job-executor-thread-4437#
[PollExecuteTaskStatusExecution] af0ca01f-d4e0-461c-9763-2fd4c1f8f74f [2026-07-08T19:20:14.238025] "schema": "CA770484662044719A53B82EF7610ED4", (STDOUT, APP/TASK/deploy)#
#2026 07 08 19:20:22.514#Z#DEBUG#b2605f0d-7b01-11f1-81cb-eeee0a93546a.worksync-db-deployer#flowable-async-job-executor-thread-4437#
[PollExecuteTaskStatusExecution] af0ca01f-d4e0-461c-9763-2fd4c1f8f74f [2026-07-08T19:20:14.238027] "database_id": "b8be478d-e3a4-4fee-b9ee-4e48cc895c57", (STDOUT, APP/TASK/deploy)#
#2026 07 08 19:20:22.514#Z#DEBUG#b2605f0d-7b01-11f1-81cb-eeee0a93546a.worksync-db-deployer#flowable-async-job-executor-thread-4437#
[PollExecuteTaskStatusExecution] af0ca01f-d4e0-461c-9763-2fd4c1f8f74f [2026-07-08T19:20:14.238031] "user": "CA770484662044719A53B82EF7610ED4_DHOXIUTQKELU42TU91AIHNRR0_RT", (STDOUT, APP/TASK/deploy)#
#2026 07 08 19:20:22.514#Z#DEBUG#b2605f0d-7b01-11f1-81cb-eeee0a93546a.worksync-db-deployer#flowable-async-job-executor-thread-4437#
[PollExecuteTaskStatusExecution] af0ca01f-d4e0-461c-9763-2fd4c1f8f74f [2026-07-08T19:20:14.238034] "hdi_user": "CA770484662044719A53B82EF7610ED4_DHOXIUTQKELU42TU91AIHNRR0_DT" (STDOUT, APP/TASK/deploy)#
#2026 07 08 19:20:22.514#Z#DEBUG#b2605f0d-7b01-11f1-81cb-eeee0a93546a.worksync-db-deployer#flowable-async-job-executor-thread-4437#
[PollExecuteTaskStatusExecution] af0ca01f-d4e0-461c-9763-2fd4c1f8f74f [2026-07-08T19:20:14.238037] }, (STDOUT, APP/TASK/deploy)#
#2026 07 08 19:20:22.514#Z#DEBUG#b2605f0d-7b01-11f1-81cb-eeee0a93546a.worksync-db-deployer#flowable-async-job-executor-thread-4437#
[PollExecuteTaskStatusExecution] af0ca01f-d4e0-461c-9763-2fd4c1f8f74f [2026-07-08T19:20:14.238039] "tags": [ (STDOUT, APP/TASK/deploy)#
#2026 07 08 19:20:22.514#Z#DEBUG#b2605f0d-7b01-11f1-81cb-eeee0a93546a.worksync-db-deployer#flowable-async-job-executor-thread-4437#
[PollExecuteTaskStatusExecution] af0ca01f-d4e0-461c-9763-2fd4c1f8f74f [2026-07-08T19:20:14.238041] "hana", (STDOUT, APP/TASK/deploy)#
#2026 07 08 19:20:22.514#Z#DEBUG#b2605f0d-7b01-11f1-81cb-eeee0a93546a.worksync-db-deployer#flowable-async-job-executor-thread-4437#
[PollExecuteTaskStatusExecution] af0ca01f-d4e0-461c-9763-2fd4c1f8f74f [2026-07-08T19:20:14.238047] "database", (STDOUT, APP/TASK/deploy)#
#2026 07 08 19:20:22.514#Z#DEBUG#b2605f0d-7b01-11f1-81cb-eeee0a93546a.worksync-db-deployer#flowable-async-job-executor-thread-4437#
[PollExecuteTaskStatusExecution] af0ca01f-d4e0-461c-9763-2fd4c1f8f74f [2026-07-08T19:20:14.238049] "relational" (STDOUT, APP/TASK/deploy)#
#2026 07 08 19:20:22.514#Z#DEBUG#b2605f0d-7b01-11f1-81cb-eeee0a93546a.worksync-db-deployer#flowable-async-job-executor-thread-4437#
[PollExecuteTaskStatusExecution] af0ca01f-d4e0-461c-9763-2fd4c1f8f74f [2026-07-08T19:20:14.238052] ] (STDOUT, APP/TASK/deploy)#
#2026 07 08 19:20:22.514#Z#DEBUG#b2605f0d-7b01-11f1-81cb-eeee0a93546a.worksync-db-deployer#flowable-async-job-executor-thread-4437#
[PollExecuteTaskStatusExecution] af0ca01f-d4e0-461c-9763-2fd4c1f8f74f [2026-07-08T19:20:14.238055] } (STDOUT, APP/TASK/deploy)#
#2026 07 08 19:20:22.514#Z#DEBUG#b2605f0d-7b01-11f1-81cb-eeee0a93546a.worksync-db-deployer#flowable-async-job-executor-thread-4437#
[PollExecuteTaskStatusExecution] af0ca01f-d4e0-461c-9763-2fd4c1f8f74f [2026-07-08T19:20:14.238057] ] (STDOUT, APP/TASK/deploy)#
#2026 07 08 19:20:22.514#Z#DEBUG#b2605f0d-7b01-11f1-81cb-eeee0a93546a.worksync-db-deployer#flowable-async-job-executor-thread-4437#
[PollExecuteTaskStatusExecution] af0ca01f-d4e0-461c-9763-2fd4c1f8f74f [2026-07-08T19:20:14.238059] } (STDOUT, APP/TASK/deploy)#
#2026 07 08 19:20:22.514#Z#DEBUG#b2605f0d-7b01-11f1-81cb-eeee0a93546a.worksync-db-deployer#flowable-async-job-executor-thread-4437#
[PollExecuteTaskStatusExecution] af0ca01f-d4e0-461c-9763-2fd4c1f8f74f [2026-07-08T19:20:14.861469] @sap/hdi-deploy, version 5.7.0 (mode default), server version 4.00.000.00.1780387709 (4.0.0.0), cloud version 2026.2.17, node version 22.22.2, HDI version 1016, container API version 1007 (STDOUT, APP/TASK/deploy)#
#2026 07 08 19:20:22.514#Z#DEBUG#b2605f0d-7b01-11f1-81cb-eeee0a93546a.worksync-db-deployer#flowable-async-job-executor-thread-4437#
[PollExecuteTaskStatusExecution] af0ca01f-d4e0-461c-9763-2fd4c1f8f74f [2026-07-08T19:20:14.861531] Deployment started at 2026-07-08 19:20:14 (STDOUT, APP/TASK/deploy)#
#2026 07 08 19:20:22.514#Z#DEBUG#b2605f0d-7b01-11f1-81cb-eeee0a93546a.worksync-db-deployer#flowable-async-job-executor-thread-4437#
[PollExecuteTaskStatusExecution] af0ca01f-d4e0-461c-9763-2fd4c1f8f74f [2026-07-08T19:20:14.861941] Using @sap/hana-client@2.29.23 for connection (STDOUT, APP/TASK/deploy)#
#2026 07 08 19:20:22.514#Z#DEBUG#b2605f0d-7b01-11f1-81cb-eeee0a93546a.worksync-db-deployer#flowable-async-job-executor-thread-4437#
[PollExecuteTaskStatusExecution] af0ca01f-d4e0-461c-9763-2fd4c1f8f74f [2026-07-08T19:20:14.887318] No ignore file at /home/vcap/app/.hdiignore. (STDOUT, APP/TASK/deploy)#
#2026 07 08 19:20:22.514#Z#DEBUG#b2605f0d-7b01-11f1-81cb-eeee0a93546a.worksync-db-deployer#flowable-async-job-executor-thread-4437#
[PollExecuteTaskStatusExecution] af0ca01f-d4e0-461c-9763-2fd4c1f8f74f [2026-07-08T19:20:14.887914] Collecting files... (STDOUT, APP/TASK/deploy)#
#2026 07 08 19:20:22.514#Z#DEBUG#b2605f0d-7b01-11f1-81cb-eeee0a93546a.worksync-db-deployer#flowable-async-job-executor-thread-4437#
[PollExecuteTaskStatusExecution] af0ca01f-d4e0-461c-9763-2fd4c1f8f74f [2026-07-08T19:20:14.897461] Collecting files... ok (0s 8ms) (STDOUT, APP/TASK/deploy)#
#2026 07 08 19:20:22.514#Z#DEBUG#b2605f0d-7b01-11f1-81cb-eeee0a93546a.worksync-db-deployer#flowable-async-job-executor-thread-4437#
[PollExecuteTaskStatusExecution] af0ca01f-d4e0-461c-9763-2fd4c1f8f74f [2026-07-08T19:20:14.897485] 4 directories collected (STDOUT, APP/TASK/deploy)#
#2026 07 08 19:20:22.514#Z#DEBUG#b2605f0d-7b01-11f1-81cb-eeee0a93546a.worksync-db-deployer#flowable-async-job-executor-thread-4437#
[PollExecuteTaskStatusExecution] af0ca01f-d4e0-461c-9763-2fd4c1f8f74f [2026-07-08T19:20:14.897488] 44 files collected (STDOUT, APP/TASK/deploy)#
#2026 07 08 19:20:22.514#Z#DEBUG#b2605f0d-7b01-11f1-81cb-eeee0a93546a.worksync-db-deployer#flowable-async-job-executor-thread-4437#
[PollExecuteTaskStatusExecution] af0ca01f-d4e0-461c-9763-2fd4c1f8f74f [2026-07-08T19:20:14.897491] 0 reusable modules collected (STDOUT, APP/TASK/deploy)#
#2026 07 08 19:20:22.514#Z#DEBUG#b2605f0d-7b01-11f1-81cb-eeee0a93546a.worksync-db-deployer#flowable-async-job-executor-thread-4437#
[PollExecuteTaskStatusExecution] af0ca01f-d4e0-461c-9763-2fd4c1f8f74f [2026-07-08T19:20:14.897494] Target service: WorkSync-db (STDOUT, APP/TASK/deploy)#
#2026 07 08 19:20:22.514#Z#DEBUG#b2605f0d-7b01-11f1-81cb-eeee0a93546a.worksync-db-deployer#flowable-async-job-executor-thread-4437#
[PollExecuteTaskStatusExecution] af0ca01f-d4e0-461c-9763-2fd4c1f8f74f [2026-07-08T19:20:14.996726] Session variable APPLICATION is set to "SAP_HDI/dev/9b59819ctrial". (STDOUT, APP/TASK/deploy)#
#2026 07 08 19:20:22.514#Z#DEBUG#b2605f0d-7b01-11f1-81cb-eeee0a93546a.worksync-db-deployer#flowable-async-job-executor-thread-4437#
[PollExecuteTaskStatusExecution] af0ca01f-d4e0-461c-9763-2fd4c1f8f74f [2026-07-08T19:20:15.115187] Previous build with request ID 656 finished at 2026-07-08 19:19:55.950286000 with status Canceled and message: Make failed (5 errors, 0 warnings): tried to deploy 1 files, undeploy 0 files, redeploy 0 dependent files. (STDOUT, APP/TASK/deploy)#
#2026 07 08 19:20:22.514#Z#DEBUG#b2605f0d-7b01-11f1-81cb-eeee0a93546a.worksync-db-deployer#flowable-async-job-executor-thread-4437#
[PollExecuteTaskStatusExecution] af0ca01f-d4e0-461c-9763-2fd4c1f8f74f [2026-07-08T19:20:15.115376] Processing revoke files... (STDOUT, APP/TASK/deploy)#
#2026 07 08 19:20:22.514#Z#DEBUG#b2605f0d-7b01-11f1-81cb-eeee0a93546a.worksync-db-deployer#flowable-async-job-executor-thread-4437#
[PollExecuteTaskStatusExecution] af0ca01f-d4e0-461c-9763-2fd4c1f8f74f [2026-07-08T19:20:15.115555] Processing revoke files... ok (0s 0ms) (STDOUT, APP/TASK/deploy)#
#2026 07 08 19:20:22.514#Z#DEBUG#b2605f0d-7b01-11f1-81cb-eeee0a93546a.worksync-db-deployer#flowable-async-job-executor-thread-4437#
[PollExecuteTaskStatusExecution] af0ca01f-d4e0-461c-9763-2fd4c1f8f74f [2026-07-08T19:20:15.115735] Processing grants files... (STDOUT, APP/TASK/deploy)#
#2026 07 08 19:20:22.514#Z#DEBUG#b2605f0d-7b01-11f1-81cb-eeee0a93546a.worksync-db-deployer#flowable-async-job-executor-thread-4437#
[PollExecuteTaskStatusExecution] af0ca01f-d4e0-461c-9763-2fd4c1f8f74f [2026-07-08T19:20:15.115958] Processing grants files... ok (0s 0ms) (STDOUT, APP/TASK/deploy)#
#2026 07 08 19:20:22.514#Z#DEBUG#b2605f0d-7b01-11f1-81cb-eeee0a93546a.worksync-db-deployer#flowable-async-job-executor-thread-4437#
[PollExecuteTaskStatusExecution] af0ca01f-d4e0-461c-9763-2fd4c1f8f74f [2026-07-08T19:20:15.118160] Preprocessing files... (STDOUT, APP/TASK/deploy)#
#2026 07 08 19:20:22.514#Z#DEBUG#b2605f0d-7b01-11f1-81cb-eeee0a93546a.worksync-db-deployer#flowable-async-job-executor-thread-4437#
[PollExecuteTaskStatusExecution] af0ca01f-d4e0-461c-9763-2fd4c1f8f74f [2026-07-08T19:20:15.118532] Preprocessing files... ok (0s 0ms) (STDOUT, APP/TASK/deploy)#
#2026 07 08 19:20:22.514#Z#DEBUG#b2605f0d-7b01-11f1-81cb-eeee0a93546a.worksync-db-deployer#flowable-async-job-executor-thread-4437#
[PollExecuteTaskStatusExecution] af0ca01f-d4e0-461c-9763-2fd4c1f8f74f [2026-07-08T19:20:15.118682] Connecting to the container "CA770484662044719A53B82EF7610ED4"... (STDOUT, APP/TASK/deploy)#
#2026 07 08 19:20:22.514#Z#DEBUG#b2605f0d-7b01-11f1-81cb-eeee0a93546a.worksync-db-deployer#flowable-async-job-executor-thread-4437#
[PollExecuteTaskStatusExecution] af0ca01f-d4e0-461c-9763-2fd4c1f8f74f [2026-07-08T19:20:15.222369] Connecting to the container "CA770484662044719A53B82EF7610ED4"... ok (0s 103ms) (STDOUT, APP/TASK/deploy)#
#2026 07 08 19:20:22.514#Z#DEBUG#b2605f0d-7b01-11f1-81cb-eeee0a93546a.worksync-db-deployer#flowable-async-job-executor-thread-4437#
[PollExecuteTaskStatusExecution] af0ca01f-d4e0-461c-9763-2fd4c1f8f74f [2026-07-08T19:20:15.222485] Locking the container "CA770484662044719A53B82EF7610ED4"... (STDOUT, APP/TASK/deploy)#
#2026 07 08 19:20:22.514#Z#DEBUG#b2605f0d-7b01-11f1-81cb-eeee0a93546a.worksync-db-deployer#flowable-async-job-executor-thread-4437#
[PollExecuteTaskStatusExecution] af0ca01f-d4e0-461c-9763-2fd4c1f8f74f [2026-07-08T19:20:15.379477] Locking the container "CA770484662044719A53B82EF7610ED4"... ok (0s 157ms) (STDOUT, APP/TASK/deploy)#
#2026 07 08 19:20:22.514#Z#DEBUG#b2605f0d-7b01-11f1-81cb-eeee0a93546a.worksync-db-deployer#flowable-async-job-executor-thread-4437#
[PollExecuteTaskStatusExecution] af0ca01f-d4e0-461c-9763-2fd4c1f8f74f [2026-07-08T19:20:15.379570] Synchronizing files with the container "CA770484662044719A53B82EF7610ED4"... (STDOUT, APP/TASK/deploy)#
#2026 07 08 19:20:22.514#Z#DEBUG#b2605f0d-7b01-11f1-81cb-eeee0a93546a.worksync-db-deployer#flowable-async-job-executor-thread-4437#
[PollExecuteTaskStatusExecution] af0ca01f-d4e0-461c-9763-2fd4c1f8f74f [2026-07-08T19:20:15.643988] Deleting files... (STDOUT, APP/TASK/deploy)#
#2026 07 08 19:20:22.514#Z#DEBUG#b2605f0d-7b01-11f1-81cb-eeee0a93546a.worksync-db-deployer#flowable-async-job-executor-thread-4437#
[PollExecuteTaskStatusExecution] af0ca01f-d4e0-461c-9763-2fd4c1f8f74f [2026-07-08T19:20:15.829205] Deleting files... ok (STDOUT, APP/TASK/deploy)#
#2026 07 08 19:20:22.514#Z#DEBUG#b2605f0d-7b01-11f1-81cb-eeee0a93546a.worksync-db-deployer#flowable-async-job-executor-thread-4437#
[PollExecuteTaskStatusExecution] af0ca01f-d4e0-461c-9763-2fd4c1f8f74f [2026-07-08T19:20:15.829678] Writing files... (STDOUT, APP/TASK/deploy)#
#2026 07 08 19:20:22.514#Z#DEBUG#b2605f0d-7b01-11f1-81cb-eeee0a93546a.worksync-db-deployer#flowable-async-job-executor-thread-4437#
[PollExecuteTaskStatusExecution] af0ca01f-d4e0-461c-9763-2fd4c1f8f74f [2026-07-08T19:20:15.830053] Writing 5 items (STDOUT, APP/TASK/deploy)#
#2026 07 08 19:20:22.514#Z#DEBUG#b2605f0d-7b01-11f1-81cb-eeee0a93546a.worksync-db-deployer#flowable-async-job-executor-thread-4437#
[PollExecuteTaskStatusExecution] af0ca01f-d4e0-461c-9763-2fd4c1f8f74f [2026-07-08T19:20:16.029471] Writing files... ok (STDOUT, APP/TASK/deploy)#
#2026 07 08 19:20:22.514#Z#DEBUG#b2605f0d-7b01-11f1-81cb-eeee0a93546a.worksync-db-deployer#flowable-async-job-executor-thread-4437#
[PollExecuteTaskStatusExecution] af0ca01f-d4e0-461c-9763-2fd4c1f8f74f [2026-07-08T19:20:16.029526] Synchronizing files with the container "CA770484662044719A53B82EF7610ED4"... ok (0s 650ms) (STDOUT, APP/TASK/deploy)#
#2026 07 08 19:20:22.514#Z#DEBUG#b2605f0d-7b01-11f1-81cb-eeee0a93546a.worksync-db-deployer#flowable-async-job-executor-thread-4437#
[PollExecuteTaskStatusExecution] af0ca01f-d4e0-461c-9763-2fd4c1f8f74f [2026-07-08T19:20:16.029987] added files: [ (STDOUT, APP/TASK/deploy)#
#2026 07 08 19:20:22.514#Z#DEBUG#b2605f0d-7b01-11f1-81cb-eeee0a93546a.worksync-db-deployer#flowable-async-job-executor-thread-4437#
[PollExecuteTaskStatusExecution] af0ca01f-d4e0-461c-9763-2fd4c1f8f74f [2026-07-08T19:20:16.030009] "src/views/CV_RESOURCE_FORECAST.hdbcalculationview" (STDOUT, APP/TASK/deploy)#
#2026 07 08 19:20:22.514#Z#DEBUG#b2605f0d-7b01-11f1-81cb-eeee0a93546a.worksync-db-deployer#flowable-async-job-executor-thread-4437#
[PollExecuteTaskStatusExecution] af0ca01f-d4e0-461c-9763-2fd4c1f8f74f [2026-07-08T19:20:16.030021] ] (STDOUT, APP/TASK/deploy)#
#2026 07 08 19:20:22.514#Z#DEBUG#b2605f0d-7b01-11f1-81cb-eeee0a93546a.worksync-db-deployer#flowable-async-job-executor-thread-4437#
[PollExecuteTaskStatusExecution] af0ca01f-d4e0-461c-9763-2fd4c1f8f74f [2026-07-08T19:20:16.030149] modified files: [] (STDOUT, APP/TASK/deploy)#
#2026 07 08 19:20:22.514#Z#DEBUG#b2605f0d-7b01-11f1-81cb-eeee0a93546a.worksync-db-deployer#flowable-async-job-executor-thread-4437#
[PollExecuteTaskStatusExecution] af0ca01f-d4e0-461c-9763-2fd4c1f8f74f [2026-07-08T19:20:16.030410] Undeploy allowlist file "undeploy.json" not found; an empty allowlist is used and no files will be scheduled for undeploy (STDOUT, APP/TASK/deploy)#
#2026 07 08 19:20:22.514#Z#DEBUG#b2605f0d-7b01-11f1-81cb-eeee0a93546a.worksync-db-deployer#flowable-async-job-executor-thread-4437#
[PollExecuteTaskStatusExecution] af0ca01f-d4e0-461c-9763-2fd4c1f8f74f [2026-07-08T19:20:16.030533] deleted files: [] (STDOUT, APP/TASK/deploy)#
#2026 07 08 19:20:22.514#Z#DEBUG#b2605f0d-7b01-11f1-81cb-eeee0a93546a.worksync-db-deployer#flowable-async-job-executor-thread-4437#
[PollExecuteTaskStatusExecution] af0ca01f-d4e0-461c-9763-2fd4c1f8f74f [2026-07-08T19:20:16.030757] WARNING: deleted files not in undeploy.json: [ (STDOUT, APP/TASK/deploy)#
#2026 07 08 19:20:22.514#Z#DEBUG#b2605f0d-7b01-11f1-81cb-eeee0a93546a.worksync-db-deployer#flowable-async-job-executor-thread-4437#
[PollExecuteTaskStatusExecution] af0ca01f-d4e0-461c-9763-2fd4c1f8f74f [2026-07-08T19:20:16.030767] "src/gen/UserInfoService.UserInfo.hdbtable" (STDOUT, APP/TASK/deploy)#
#2026 07 08 19:20:22.514#Z#DEBUG#b2605f0d-7b01-11f1-81cb-eeee0a93546a.worksync-db-deployer#flowable-async-job-executor-thread-4437#
[PollExecuteTaskStatusExecution] af0ca01f-d4e0-461c-9763-2fd4c1f8f74f [2026-07-08T19:20:16.030779] ] (STDOUT, APP/TASK/deploy)#
#2026 07 08 19:20:22.514#Z#DEBUG#b2605f0d-7b01-11f1-81cb-eeee0a93546a.worksync-db-deployer#flowable-async-job-executor-thread-4437#
[PollExecuteTaskStatusExecution] af0ca01f-d4e0-461c-9763-2fd4c1f8f74f [2026-07-08T19:20:16.031045] 1 modified or added files are scheduled for deploy based on delta detection (STDOUT, APP/TASK/deploy)#
#2026 07 08 19:20:22.514#Z#DEBUG#b2605f0d-7b01-11f1-81cb-eeee0a93546a.worksync-db-deployer#flowable-async-job-executor-thread-4437#
[PollExecuteTaskStatusExecution] af0ca01f-d4e0-461c-9763-2fd4c1f8f74f [2026-07-08T19:20:16.031333] 0 deleted files are scheduled for undeploy based on delta detection (filtered by undeploy allowlist) (STDOUT, APP/TASK/deploy)#
#2026 07 08 19:20:22.514#Z#DEBUG#b2605f0d-7b01-11f1-81cb-eeee0a93546a.worksync-db-deployer#flowable-async-job-executor-thread-4437#
[PollExecuteTaskStatusExecution] af0ca01f-d4e0-461c-9763-2fd4c1f8f74f [2026-07-08T19:20:16.031541] 0 files are scheduled for deploy based on explicit specification (STDOUT, APP/TASK/deploy)#
#2026 07 08 19:20:22.514#Z#DEBUG#b2605f0d-7b01-11f1-81cb-eeee0a93546a.worksync-db-deployer#flowable-async-job-executor-thread-4437#
[PollExecuteTaskStatusExecution] af0ca01f-d4e0-461c-9763-2fd4c1f8f74f [2026-07-08T19:20:16.031605] 0 files are scheduled for undeploy based on explicit specification (STDOUT, APP/TASK/deploy)#
#2026 07 08 19:20:22.514#Z#DEBUG#b2605f0d-7b01-11f1-81cb-eeee0a93546a.worksync-db-deployer#flowable-async-job-executor-thread-4437#
[PollExecuteTaskStatusExecution] af0ca01f-d4e0-461c-9763-2fd4c1f8f74f [2026-07-08T19:20:16.031789] Deploying to the container "CA770484662044719A53B82EF7610ED4"... (STDOUT, APP/TASK/deploy)#
#2026 07 08 19:20:22.514#Z#DEBUG#b2605f0d-7b01-11f1-81cb-eeee0a93546a.worksync-db-deployer#flowable-async-job-executor-thread-4437#
[PollExecuteTaskStatusExecution] af0ca01f-d4e0-461c-9763-2fd4c1f8f74f [2026-07-08T19:20:16.368084] Starting make in the container "CA770484662044719A53B82EF7610ED4" with 1 files to deploy, 0 files to undeploy... (STDOUT, APP/TASK/deploy)#
#2026 07 08 19:20:22.514#Z#DEBUG#b2605f0d-7b01-11f1-81cb-eeee0a93546a.worksync-db-deployer#flowable-async-job-executor-thread-4437#
[PollExecuteTaskStatusExecution] af0ca01f-d4e0-461c-9763-2fd4c1f8f74f [2026-07-08T19:20:16.368442] Disabling table replication for the container schema "CA770484662044719A53B82EF7610ED4"... (STDOUT, APP/TASK/deploy)#
#2026 07 08 19:20:22.514#Z#DEBUG#b2605f0d-7b01-11f1-81cb-eeee0a93546a.worksync-db-deployer#flowable-async-job-executor-thread-4437#
[PollExecuteTaskStatusExecution] af0ca01f-d4e0-461c-9763-2fd4c1f8f74f [2026-07-08T19:20:16.368511] Disabling table replication for the container schema "CA770484662044719A53B82EF7610ED4"... ok (0s 10ms) (STDOUT, APP/TASK/deploy)#
#2026 07 08 19:20:22.514#Z#DEBUG#b2605f0d-7b01-11f1-81cb-eeee0a93546a.worksync-db-deployer#flowable-async-job-executor-thread-4437#
[PollExecuteTaskStatusExecution] af0ca01f-d4e0-461c-9763-2fd4c1f8f74f [2026-07-08T19:20:16.368718] Migrating libraries... (STDOUT, APP/TASK/deploy)#
#2026 07 08 19:20:22.514#Z#DEBUG#b2605f0d-7b01-11f1-81cb-eeee0a93546a.worksync-db-deployer#flowable-async-job-executor-thread-4437#
[PollExecuteTaskStatusExecution] af0ca01f-d4e0-461c-9763-2fd4c1f8f74f [2026-07-08T19:20:16.368784] Migrating libraries... ok (0s 11ms) (STDOUT, APP/TASK/deploy)#
#2026 07 08 19:20:22.514#Z#DEBUG#b2605f0d-7b01-11f1-81cb-eeee0a93546a.worksync-db-deployer#flowable-async-job-executor-thread-4437#
[PollExecuteTaskStatusExecution] af0ca01f-d4e0-461c-9763-2fd4c1f8f74f [2026-07-08T19:20:16.368874] Making... (STDOUT, APP/TASK/deploy)#
#2026 07 08 19:20:22.514#Z#DEBUG#b2605f0d-7b01-11f1-81cb-eeee0a93546a.worksync-db-deployer#flowable-async-job-executor-thread-4437#
[PollExecuteTaskStatusExecution] af0ca01f-d4e0-461c-9763-2fd4c1f8f74f [2026-07-08T19:20:16.368966] Preparing... (STDOUT, APP/TASK/deploy)#
#2026 07 08 19:20:22.514#Z#DEBUG#b2605f0d-7b01-11f1-81cb-eeee0a93546a.worksync-db-deployer#flowable-async-job-executor-thread-4437#
[PollExecuteTaskStatusExecution] af0ca01f-d4e0-461c-9763-2fd4c1f8f74f [2026-07-08T19:20:16.369051] Preparing the make transaction... (STDOUT, APP/TASK/deploy)#
#2026 07 08 19:20:22.514#Z#DEBUG#b2605f0d-7b01-11f1-81cb-eeee0a93546a.worksync-db-deployer#flowable-async-job-executor-thread-4437#
[PollExecuteTaskStatusExecution] af0ca01f-d4e0-461c-9763-2fd4c1f8f74f [2026-07-08T19:20:16.369132] Adding "src/views/CV_RESOURCE_FORECAST.hdbcalculationview" for deploy... (STDOUT, APP/TASK/deploy)#
#2026 07 08 19:20:22.514#Z#DEBUG#b2605f0d-7b01-11f1-81cb-eeee0a93546a.worksync-db-deployer#flowable-async-job-executor-thread-4437#
[PollExecuteTaskStatusExecution] af0ca01f-d4e0-461c-9763-2fd4c1f8f74f [2026-07-08T19:20:16.369305] Preparing the make transaction... ok (0s 15ms) (STDOUT, APP/TASK/deploy)#
#2026 07 08 19:20:22.514#Z#DEBUG#b2605f0d-7b01-11f1-81cb-eeee0a93546a.worksync-db-deployer#flowable-async-job-executor-thread-4437#
[PollExecuteTaskStatusExecution] af0ca01f-d4e0-461c-9763-2fd4c1f8f74f [2026-07-08T19:20:16.369394] Adding "src/views/CV_RESOURCE_FORECAST.hdbcalculationview" for deploy... ok (0s 14ms) (STDOUT, APP/TASK/deploy)#
#2026 07 08 19:20:22.514#Z#DEBUG#b2605f0d-7b01-11f1-81cb-eeee0a93546a.worksync-db-deployer#flowable-async-job-executor-thread-4437#
[PollExecuteTaskStatusExecution] af0ca01f-d4e0-461c-9763-2fd4c1f8f74f [2026-07-08T19:20:16.369481] Preparing... ok (0s 41ms) (STDOUT, APP/TASK/deploy)#
#2026 07 08 19:20:22.514#Z#DEBUG#b2605f0d-7b01-11f1-81cb-eeee0a93546a.worksync-db-deployer#flowable-async-job-executor-thread-4437#
[PollExecuteTaskStatusExecution] af0ca01f-d4e0-461c-9763-2fd4c1f8f74f [2026-07-08T19:20:16.369562] Calculating dependencies... (STDOUT, APP/TASK/deploy)#
#2026 07 08 19:20:22.514#Z#DEBUG#b2605f0d-7b01-11f1-81cb-eeee0a93546a.worksync-db-deployer#flowable-async-job-executor-thread-4437#
[PollExecuteTaskStatusExecution] af0ca01f-d4e0-461c-9763-2fd4c1f8f74f [2026-07-08T19:20:16.369644] Expanding... (STDOUT, APP/TASK/deploy)#
#2026 07 08 19:20:22.514#Z#DEBUG#b2605f0d-7b01-11f1-81cb-eeee0a93546a.worksync-db-deployer#flowable-async-job-executor-thread-4437#
[PollExecuteTaskStatusExecution] af0ca01f-d4e0-461c-9763-2fd4c1f8f74f [2026-07-08T19:20:16.369747] Expanding... ok (0s 7ms) (STDOUT, APP/TASK/deploy)#
#2026 07 08 19:20:22.514#Z#DEBUG#b2605f0d-7b01-11f1-81cb-eeee0a93546a.worksync-db-deployer#flowable-async-job-executor-thread-4437#
[PollExecuteTaskStatusExecution] af0ca01f-d4e0-461c-9763-2fd4c1f8f74f [2026-07-08T19:20:16.369841] Precompiling... (STDOUT, APP/TASK/deploy)#
#2026 07 08 19:20:22.514#Z#DEBUG#b2605f0d-7b01-11f1-81cb-eeee0a93546a.worksync-db-deployer#flowable-async-job-executor-thread-4437#
[PollExecuteTaskStatusExecution] af0ca01f-d4e0-461c-9763-2fd4c1f8f74f [2026-07-08T19:20:16.369933] Precompiling "src/views/CV_RESOURCE_FORECAST.hdbcalculationview"... (STDOUT, APP/TASK/deploy)#
#2026 07 08 19:20:22.514#Z#DEBUG#b2605f0d-7b01-11f1-81cb-eeee0a93546a.worksync-db-deployer#flowable-async-job-executor-thread-4437#
[PollExecuteTaskStatusExecution] af0ca01f-d4e0-461c-9763-2fd4c1f8f74f [2026-07-08T19:20:16.370264] Error: com.sap.hana.di.calculationview: No measures defined in a cube [170109] (STDERR, APP/TASK/deploy)#
#2026 07 08 19:20:22.514#Z#DEBUG#b2605f0d-7b01-11f1-81cb-eeee0a93546a.worksync-db-deployer#flowable-async-job-executor-thread-4437#
[PollExecuteTaskStatusExecution] af0ca01f-d4e0-461c-9763-2fd4c1f8f74f [2026-07-08T19:20:16.370290] Error: Precompiling... failed [8212133] (STDERR, APP/TASK/deploy)#
#2026 07 08 19:20:22.514#Z#DEBUG#b2605f0d-7b01-11f1-81cb-eeee0a93546a.worksync-db-deployer#flowable-async-job-executor-thread-4437#
[PollExecuteTaskStatusExecution] af0ca01f-d4e0-461c-9763-2fd4c1f8f74f [2026-07-08T19:20:16.370326] Error: Calculating dependencies... failed [8212108] (STDERR, APP/TASK/deploy)#
#2026 07 08 19:20:22.514#Z#DEBUG#b2605f0d-7b01-11f1-81cb-eeee0a93546a.worksync-db-deployer#flowable-async-job-executor-thread-4437#
[PollExecuteTaskStatusExecution] af0ca01f-d4e0-461c-9763-2fd4c1f8f74f [2026-07-08T19:20:16.370342] at "src/views/CV_RESOURCE_FORECAST.hdbcalculationview" (0:0) (STDOUT, APP/TASK/deploy)#
#2026 07 08 19:20:22.514#Z#DEBUG#b2605f0d-7b01-11f1-81cb-eeee0a93546a.worksync-db-deployer#flowable-async-job-executor-thread-4437#
[PollExecuteTaskStatusExecution] af0ca01f-d4e0-461c-9763-2fd4c1f8f74f [2026-07-08T19:20:16.370420] Make failed (5 errors, 0 warnings): tried to deploy 1 files, undeploy 0 files, redeploy 0 dependent files (STDOUT, APP/TASK/deploy)#
#2026 07 08 19:20:22.514#Z#DEBUG#b2605f0d-7b01-11f1-81cb-eeee0a93546a.worksync-db-deployer#flowable-async-job-executor-thread-4437#
[PollExecuteTaskStatusExecution] af0ca01f-d4e0-461c-9763-2fd4c1f8f74f [2026-07-08T19:20:16.370491] Error: Making... failed [8211605] (STDERR, APP/TASK/deploy)#
#2026 07 08 19:20:22.514#Z#DEBUG#b2605f0d-7b01-11f1-81cb-eeee0a93546a.worksync-db-deployer#flowable-async-job-executor-thread-4437#
[PollExecuteTaskStatusExecution] af0ca01f-d4e0-461c-9763-2fd4c1f8f74f [2026-07-08T19:20:16.370600] Error: Starting make in the container "CA770484662044719A53B82EF7610ED4" with 1 files to deploy, 0 files to undeploy... failed [8214168] (STDERR, APP/TASK/deploy)#
#2026 07 08 19:20:22.514#Z#DEBUG#b2605f0d-7b01-11f1-81cb-eeee0a93546a.worksync-db-deployer#flowable-async-job-executor-thread-4437#
[PollExecuteTaskStatusExecution] af0ca01f-d4e0-461c-9763-2fd4c1f8f74f [2026-07-08T19:20:16.371289] Deployment to container CA770484662044719A53B82EF7610ED4 failed - error: HDI make failed [Deployment ID: none]. (STDERR, APP/TASK/deploy)#
#2026 07 08 19:20:22.514#Z#DEBUG#b2605f0d-7b01-11f1-81cb-eeee0a93546a.worksync-db-deployer#flowable-async-job-executor-thread-4437#
[PollExecuteTaskStatusExecution] af0ca01f-d4e0-461c-9763-2fd4c1f8f74f [2026-07-08T19:20:16.373793] Deployment ended at 2026-07-08 19:20:16 (STDOUT, APP/TASK/deploy)#
#2026 07 08 19:20:22.514#Z#DEBUG#b2605f0d-7b01-11f1-81cb-eeee0a93546a.worksync-db-deployer#flowable-async-job-executor-thread-4437#
[PollExecuteTaskStatusExecution] af0ca01f-d4e0-461c-9763-2fd4c1f8f74f [2026-07-08T19:20:16.373941] Error: HDI make failed (STDERR, APP/TASK/deploy)#
#2026 07 08 19:20:22.514#Z#DEBUG#b2605f0d-7b01-11f1-81cb-eeee0a93546a.worksync-db-deployer#flowable-async-job-executor-thread-4437#
[PollExecuteTaskStatusExecution] af0ca01f-d4e0-461c-9763-2fd4c1f8f74f [2026-07-08T19:20:16.376401] (2s 390ms) (STDOUT, APP/TASK/deploy)#
#2026 07 08 19:20:22.514#Z#DEBUG#b2605f0d-7b01-11f1-81cb-eeee0a93546a.worksync-db-deployer#flowable-async-job-executor-thread-4437#
[PollExecuteTaskStatusExecution] af0ca01f-d4e0-461c-9763-2fd4c1f8f74f [2026-07-08T19:20:16.401213] npm notice (STDERR, APP/TASK/deploy)#
#2026 07 08 19:20:22.514#Z#DEBUG#b2605f0d-7b01-11f1-81cb-eeee0a93546a.worksync-db-deployer#flowable-async-job-executor-thread-4437#
[PollExecuteTaskStatusExecution] af0ca01f-d4e0-461c-9763-2fd4c1f8f74f [2026-07-08T19:20:16.401242] npm notice New major version of npm available! 10.9.7 -> 11.18.0 (STDERR, APP/TASK/deploy)#
#2026 07 08 19:20:22.514#Z#DEBUG#b2605f0d-7b01-11f1-81cb-eeee0a93546a.worksync-db-deployer#flowable-async-job-executor-thread-4437#
[PollExecuteTaskStatusExecution] af0ca01f-d4e0-461c-9763-2fd4c1f8f74f [2026-07-08T19:20:16.401257] npm notice Changelog: https://github.com/npm/cli/releases/tag/v11.18.0 (STDERR, APP/TASK/deploy)#
#2026 07 08 19:20:22.514#Z#DEBUG#b2605f0d-7b01-11f1-81cb-eeee0a93546a.worksync-db-deployer#flowable-async-job-executor-thread-4437#
[PollExecuteTaskStatusExecution] af0ca01f-d4e0-461c-9763-2fd4c1f8f74f [2026-07-08T19:20:16.401259] npm notice To update run: npm install -g npm@11.18.0 (STDERR, APP/TASK/deploy)#
#2026 07 08 19:20:22.514#Z#DEBUG#b2605f0d-7b01-11f1-81cb-eeee0a93546a.worksync-db-deployer#flowable-async-job-executor-thread-4437#
[PollExecuteTaskStatusExecution] af0ca01f-d4e0-461c-9763-2fd4c1f8f74f [2026-07-08T19:20:16.401262] npm notice (STDERR, APP/TASK/deploy)#
#2026 07 08 19:20:22.514#Z#DEBUG#b2605f0d-7b01-11f1-81cb-eeee0a93546a.worksync-db-deployer#flowable-async-job-executor-thread-4437#
[PollExecuteTaskStatusExecution] af0ca01f-d4e0-461c-9763-2fd4c1f8f74f [2026-07-08T19:20:16.482595] Exit status 1 (STDOUT, APP/TASK/deploy)#
#2026 07 08 19:20:22.514#Z#DEBUG#b2605f0d-7b01-11f1-81cb-eeee0a93546a.worksync-db-deployer#flowable-async-job-executor-thread-4437#
[PollExecuteTaskStatusExecution] af0ca01f-d4e0-461c-9763-2fd4c1f8f74f [2026-07-08T19:20:17.466707] Cell d1cc041a-d5a1-41d6-b9f6-6cda736ce3f0 stopping instance 14988c20-caf0-45ce-92ba-0b7f8c9fda7a (STDOUT, CELL)#
#2026 07 08 19:20:22.514#Z#DEBUG#b2605f0d-7b01-11f1-81cb-eeee0a93546a.worksync-db-deployer#flowable-async-job-executor-thread-4437#
[PollExecuteTaskStatusExecution] af0ca01f-d4e0-461c-9763-2fd4c1f8f74f [2026-07-08T19:20:17.466803] Cell d1cc041a-d5a1-41d6-b9f6-6cda736ce3f0 destroying container for instance 14988c20-caf0-45ce-92ba-0b7f8c9fda7a (STDOUT, CELL)#
#2026 07 08 19:20:22.514#Z#DEBUG#b2605f0d-7b01-11f1-81cb-eeee0a93546a.worksync-db-deployer#flowable-async-job-executor-thread-4437#
[PollExecuteTaskStatusExecution] af0ca01f-d4e0-461c-9763-2fd4c1f8f74f [2026-07-08T19:20:20.308882] Cell d1cc041a-d5a1-41d6-b9f6-6cda736ce3f0 successfully destroyed container for instance 14988c20-caf0-45ce-92ba-0b7f8c9fda7a (STDOUT, CELL)#
